start	length	kind
008000	1003	code
0083EB	6	pointer16
0083F1	202	code
0084BB	8	pointer16
0084C3	1949	code
008C60	4	pointer16
008C64	33	code
008C85	8	pointer16
008C8D	60	code
008CC9	24	pointer16
008CE1	268	code
008DED	12	pointer16
008DF9	691	code
0090AC	6	pointer16
0090B2	253	code
0091AF	6	pointer16
0091B5	356	code
009319	6	pointer16
00931F	452	code
0094E3	4	pointer16
0094E7	93	code
009544	12	pointer16
009550	62	code
00958E	24	pointer16
0095A6	981	code
00997B	14	pointer16
009989	521	code
009B92	10	pointer16
009B9C	1241	code
00A075	14	pointer16
00A083	314	code
00A1BD	10	pointer16
00A1C7	132	code
00A24B	8	pointer16
00A253	283	code
00A36E	16	pointer16
00A37E	426	code
00A528	16	pointer16
00A538	282	code
00A652	6	pointer16
00A658	215	code
00A72F	28	pointer16
00A74B	517	code
00A950	6	pointer16
00A956	36	code
00A97A	10	pointer16
00A984	43	code
00A9AF	6	pointer16
00A9B5	102	code
00AA1B	6	pointer16
00AA21	102	code
00AA87	6	pointer16
00AA8D	102	code
00AAF3	6	pointer16
00AAF9	78	code
00AB47	6	pointer16
00AB4D	103	code
00ABB4	6	pointer16
00ABBA	290	code
00ACDC	32	pointer16
00ACFC	4061	code
00BCD9	8	pointer16
00BCE1	378	code
00BE5B	22	pointer16
00BE71	365	code
00BFDE	32	pointer16
00BFFE	1080	code
00C436	8	pointer16
00C43E	165	code
00C4E3	4	pointer16
00C4E7	2799	code
00CFD6	24	pointer16
00CFEE	2026	code
00D7D8	8	pointer16
00D7E0	287	code
00D8FF	8	pointer16
00D907	286	code
00DA25	10	pointer16
00DA2F	996	code
00DE13	6	data8
00DE19	239	code
00DF08	18	pointer16
00DF1A	197	code
00DFDF	4	pointer16
00DFE3	88	code
00E03B	4	pointer16
00E03F	61	code
00E07C	6	pointer16
00E082	586	code
00E2CC	6	pointer16
00E2D2	233	code
00E3BB	6	pointer16
00E3C1	1015	code
00E7B8	22	pointer16
00E7CE	119	code
00E845	90	unknown
00E89F	659	code
00EB32	20	pointer16
00EB46	67	code
00EB89	4	unknown
00EB8D	158	code
00EC2B	11	unknown
00EC36	9	code
00EC3F	2	unknown
00EC41	506	code
00EE3B	4	pointer16
00EE3F	127	code
00EEBE	6	data8
00EEC4	2	unknown
00EEC6	298	code
00EFF0	8	pointer16
00EFF8	808	code
00F320	46	pointer16
00F34E	107	code
00F3B9	140	pointer16
00F445	334	code
00F593	2	pointer16
00F595	5	code
00F59A	70	pointer16
00F5E0	30	code
00F5FE	15	unknown
00F60D	5	code
00F612	5	unknown
00F617	70	code
00F65D	5	unknown
00F662	15	code
00F671	5	unknown
00F676	25	code
00F68F	60	pointer16
00F6CB	150	code
00F761	8	pointer16
00F769	20	code
00F77D	102	pointer16
00F7E3	250	code
00F8DD	216	pointer16
00F9B5	536	code
00FBCD	983	unknown
00FFA4	8	code
00FFAC	4	unknown
00FFB0	1	data8
00FFB1	15	unknown
00FFC0	21	text
00FFD5	7	data8
00FFDC	4	data16
00FFE0	32	pointer16
018000	29	code
01801D	4	pointer16
018021	382	code
01819F	4	pointer16
0181A3	259	code
0182A6	72	pointer16
0182EE	5	code
0182F3	4	pointer16
0182F7	171	code
0183A2	4	pointer16
0183A6	103	code
01840D	4	pointer16
018411	122	code
01848B	6	pointer16
018491	150	code
018527	4	pointer16
01852B	218	code
018605	4	pointer16
018609	87	code
018660	4	pointer16
018664	185	code
01871D	8	pointer16
018725	286	code
018843	4	pointer16
018847	204	code
018913	4	pointer16
018917	232	code
0189FF	6	pointer16
018A05	79	code
018A54	8	pointer16
018A5C	256	code
018B5C	6	pointer16
018B62	84	code
018BB6	16	pointer16
018BC6	719	code
018E95	6	pointer16
018E9B	194	code
018F5D	8	pointer16
018F65	94	code
018FC3	6	pointer16
018FC9	83	code
01901C	6	pointer16
019022	62	code
019060	12	pointer16
01906C	287	code
01918B	10	pointer16
019195	87	code
0191EC	6	pointer16
0191F2	92	code
01924E	10	pointer16
019258	197	code
01931D	10	pointer16
019327	1030	code
01972D	4	pointer16
019731	275	code
019844	6	pointer16
01984A	2077	code
01A067	8	pointer16
01A06F	447	code
01A22E	10	pointer16
01A238	164	code
01A2DC	10	pointer16
01A2E6	96	code
01A346	4	pointer16
01A34A	85	code
01A39F	4	pointer16
01A3A3	48	code
01A3D3	6	pointer16
01A3D9	63	code
01A418	10	pointer16
01A422	176	code
01A4D2	10	pointer16
01A4DC	228	code
01A5C0	10	pointer16
01A5CA	100	code
01A62E	4	pointer16
01A632	78	code
01A680	4	pointer16
01A684	48	code
01A6B4	8	pointer16
01A6BC	83	code
01A70F	10	pointer16
01A719	71	code
01A760	10	pointer16
01A76A	63	code
01A7A9	6	pointer16
01A7AF	95	code
01A80E	8	pointer16
01A816	228	code
01A8FA	6	pointer16
01A900	404	code
01AA94	8	pointer16
01AA9C	118	code
01AB12	8	pointer16
01AB1A	26	code
01AB34	6	pointer16
01AB3A	130	code
01ABBC	4	pointer16
01ABC0	76	code
01AC0C	6	pointer16
01AC12	163	code
01ACB5	8	pointer16
01ACBD	453	code
01AE82	18	pointer16
01AE94	577	code
01B0D5	6	pointer16
01B0DB	246	code
01B1D1	10	pointer16
01B1DB	646	code
01B461	4	pointer16
01B465	182	code
01B51B	8	pointer16
01B523	103	code
01B58A	10	pointer16
01B594	351	code
01B6F3	12	pointer16
01B6FF	5	code
01B704	6	pointer16
01B70A	145	code
01B79B	12	pointer16
01B7A7	236	code
01B893	8	pointer16
01B89B	165	code
01B940	12	pointer16
01B94C	181	code
01BA01	10	pointer16
01BA0B	185	code
01BAC4	12	pointer16
01BAD0	278	code
01BBE6	8	pointer16
01BBEE	168	code
01BC96	12	pointer16
01BCA2	394	code
01BE2C	6	pointer16
01BE32	520	code
01C03A	6	pointer16
01C040	146	code
01C0D2	8	pointer16
01C0DA	165	code
01C17F	6	pointer16
01C185	212	code
01C259	6	pointer16
01C25F	116	code
01C2D3	8	pointer16
01C2DB	349	code
01C438	8	pointer16
01C440	97	code
01C4A1	8	pointer16
01C4A9	312	code
01C5E1	12	pointer16
01C5ED	5	code
01C5F2	10	pointer16
01C5FC	167	code
01C6A3	12	pointer16
01C6AF	540	code
01C8CB	6	pointer16
01C8D1	114	code
01C943	6	pointer16
01C949	462	code
01CB17	12	pointer16
01CB23	340	code
01CC77	12	pointer16
01CC83	59	code
01CCBE	6	pointer16
01CCC4	82	code
01CD16	6	pointer16
01CD1C	173	code
01CDC9	12	pointer16
01CDD5	675	code
01D078	8	pointer16
01D080	161	code
01D121	6	pointer16
01D127	89	code
01D180	14	pointer16
01D18E	401	code
01D31F	12	pointer16
01D32B	161	code
01D3CC	6	pointer16
01D3D2	180	code
01D486	130	unknown
01D508	201	code
01D5D1	16	pointer16
01D5E1	134	code
01D667	14	unknown
01D675	11	code
01D680	24	unknown
01D698	99	code
01D6FB	8	pointer16
01D703	207	code
01D7D2	4	unknown
01D7D6	116	code
01D84A	10	pointer16
01D854	122	code
01D8CE	12	unknown
01D8DA	10	code
01D8E4	2	unknown
01D8E6	86	code
01D93C	2	unknown
01D93E	37	code
01D963	2	unknown
01D965	36	code
01D989	5	unknown
01D98E	51	code
01D9C1	6	pointer16
01D9C7	70	code
01DA0D	4	unknown
01DA11	1	code
01DA12	21	unknown
01DA27	326	code
01DB6D	6	pointer16
01DB73	426	code
01DD1D	16	pointer16
01DD2D	35	code
01DD50	8	pointer16
01DD58	283	code
01DE73	14	unknown
01DE81	60	code
01DEBD	6	pointer16
01DEC3	86	code
01DF19	8	pointer16
01DF21	143	code
01DFB0	6	unknown
01DFB6	52	code
01DFEA	9	unknown
01DFF3	73	code
01E03C	6	pointer16
01E042	316	code
01E17E	6	pointer16
01E184	86	code
01E1DA	10	pointer16
01E1E4	17	code
01E1F5	38	unknown
01E21B	9	code
01E224	4	pointer16
01E228	26	code
01E242	2	unknown
01E244	23	code
01E25B	32	unknown
01E27B	9	code
01E284	4	pointer16
01E288	10	code
01E292	2	unknown
01E294	27	code
01E2AF	8	pointer16
01E2B7	137	code
01E340	6	pointer16
01E346	74	code
01E390	6	pointer16
01E396	137	code
01E41F	6	unknown
01E425	28	code
01E441	3	unknown
01E444	15	code
01E453	9	unknown
01E45C	14	code
01E46A	2	unknown
01E46C	4	code
01E470	5	unknown
01E475	51	code
01E4A8	5	unknown
01E4AD	20	code
01E4C1	6	pointer16
01E4C7	91	code
01E522	8	pointer16
01E52A	121	code
01E5A3	5	unknown
01E5A8	8	code
01E5B0	6	unknown
01E5B6	28	code
01E5D2	9	unknown
01E5DB	15	code
01E5EA	9	unknown
01E5F3	8	code
01E5FB	23	unknown
01E612	43	code
01E63D	6	pointer16
01E643	146	code
01E6D5	10	pointer16
01E6DF	696	code
01E997	6	pointer16
01E99D	83	code
01E9F0	8	pointer16
01E9F8	110	code
01EA66	5	unknown
01EA6B	112	code
01EADB	8	pointer16
01EAE3	222	code
01EBC1	10	pointer16
01EBCB	149	code
01EC60	10	pointer16
01EC6A	455	code
01EE31	6	pointer16
01EE37	233	code
01EF20	6	pointer16
01EF26	91	code
01EF81	6	pointer16
01EF87	42	code
01EFB1	6	pointer16
01EFB7	575	code
01F1F6	6	pointer16
01F1FC	236	code
01F2E8	4	pointer16
01F2EC	18	code
01F2FE	4	unknown
01F302	483	code
01F4E5	6	pointer16
01F4EB	457	code
01F6B4	4	pointer16
01F6B8	376	code
01F830	12	unknown
01F83C	111	code
01F8AB	6	pointer16
01F8B1	5	code
01F8B6	6	pointer16
01F8BC	132	code
01F940	4	pointer16
01F944	18	code
01F956	4	pointer16
01F95A	44	code
01F986	48	pointer16
01F9B6	281	code
01FACF	12	unknown
01FADB	54	code
01FB11	12	unknown
01FB1D	87	code
01FB74	12	unknown
01FB80	100	code
01FBE4	1	unknown
01FBE5	79	code
01FC34	23	unknown
01FC4B	430	code
01FDF9	5	unknown
01FDFE	10	code
01FE08	1	unknown
01FE09	11	code
01FE14	4	unknown
01FE18	126	code
01FE96	140	unknown
01FF22	78	code
01FF70	144	unknown
028000	234	code
0280EA	12	pointer16
0280F6	443	code
0282B1	8	pointer16
0282B9	252	code
0283B5	10	pointer16
0283BF	147	code
028452	4	pointer16
028456	344	code
0285AE	6	pointer16
0285B4	166	code
02865A	10	pointer16
028664	46	code
028692	6	pointer16
028698	145	code
028729	16	pointer16
028739	289	code
02885A	6	pointer16
028860	944	code
028C10	4	pointer16
028C14	68	code
028C58	10	pointer16
028C62	362	code
028DCC	8	pointer16
028DD4	170	code
028E7E	14	pointer16
028E8C	424	code
029034	6	pointer16
02903A	279	code
029151	6	pointer16
029157	113	code
0291C8	14	pointer16
0291D6	869	code
02953B	6	pointer16
029541	104	code
0295A9	12	pointer16
0295B5	226	code
029697	6	pointer16
02969D	206	code
02976B	8	pointer16
029773	224	code
029853	12	pointer16
02985F	376	code
0299D7	8	pointer16
0299DF	117	code
029A54	4	pointer16
029A58	530	code
029C6A	6	pointer16
029C70	108	code
029CDC	6	pointer16
029CE2	185	code
029D9B	4	pointer16
029D9F	482	code
029F81	12	pointer16
029F8D	229	code
02A072	6	pointer16
02A078	114	code
02A0EA	8	pointer16
02A0F2	226	code
02A1D4	8	pointer16
02A1DC	55	code
02A213	4	pointer16
02A217	74	code
02A261	6	pointer16
02A267	321	code
02A3A8	12	pointer16
02A3B4	122	code
02A42E	6	pointer16
02A434	497	code
02A625	6	pointer16
02A62B	474	code
02A805	10	pointer16
02A80F	449	code
02A9D0	8	pointer16
02A9D8	308	code
02AB0C	10	pointer16
02AB16	53	code
02AB4B	8	pointer16
02AB53	233	code
02AC3C	8	pointer16
02AC44	244	code
02AD38	6	pointer16
02AD3E	223	code
02AE1D	6	pointer16
02AE23	5	code
02AE28	8	pointer16
02AE30	427	code
02AFDB	10	pointer16
02AFE5	5	code
02AFEA	4	pointer16
02AFEE	447	code
02B1AD	14	pointer16
02B1BB	1816	code
02B8D3	16	pointer16
02B8E3	444	code
02BA9F	8	pointer16
02BAA7	713	code
02BD70	6	pointer16
02BD76	304	code
02BEA6	10	pointer16
02BEB0	5	code
02BEB5	6	pointer16
02BEBB	112	code
02BF2B	8	pointer16
02BF33	164	code
02BFD7	6	pointer16
02BFDD	525	code
02C1EA	6	pointer16
02C1F0	424	code
02C398	6	pointer16
02C39E	146	code
02C430	8	pointer16
02C438	769	code
02C739	6	pointer16
02C73F	146	code
02C7D1	4	pointer16
02C7D5	106	code
02C83F	8	pointer16
02C847	84	code
02C89B	6	pointer16
02C8A1	268	code
02C9AD	14	pointer16
02C9BB	6	code
02C9C1	16	pointer16
02C9D1	460	code
02CB9D	4	pointer16
02CBA1	221	code
02CC7E	6	pointer16
02CC84	350	code
02CDE2	6	pointer16
02CDE8	496	code
02CFD8	6	pointer16
02CFDE	108	code
02D04A	4	pointer16
02D04E	476	code
02D22A	8	pointer16
02D232	102	code
02D298	4	pointer16
02D29C	433	code
02D44D	6	pointer16
02D453	210	code
02D525	8	pointer16
02D52D	281	code
02D646	10	pointer16
02D650	988	code
02DA2C	8	pointer16
02DA34	334	code
02DB82	8	pointer16
02DB8A	107	code
02DBF5	6	pointer16
02DBFB	228	code
02DCDF	18	pointer16
02DCF1	666	code
02DF8B	12	pointer16
02DF97	788	code
02E2AB	8	pointer16
02E2B3	149	code
02E348	6	pointer16
02E34E	86	code
02E3A4	8	pointer16
02E3AC	302	code
02E4DA	8	pointer16
02E4E2	249	code
02E5DB	6	pointer16
02E5E1	331	code
02E72C	18	pointer16
02E73E	609	code
02E99F	11	unknown
02E9AA	287	code
02EAC9	6	pointer16
02EACF	254	code
02EBCD	6	pointer16
02EBD3	49	code
02EC04	8	pointer16
02EC0C	5	code
02EC11	12	pointer16
02EC1D	118	code
02EC93	103	unknown
02ECFA	40	code
02ED22	4	unknown
02ED26	93	code
02ED83	34	unknown
02EDA5	57	code
02EDDE	8	pointer16
02EDE6	63	code
02EE25	4	pointer16
02EE29	69	code
02EE6E	6	pointer16
02EE74	803	code
02F197	6	pointer16
02F19D	168	code
02F245	8	pointer16
02F24D	274	code
02F35F	6	pointer16
02F365	112	code
02F3D5	6	pointer16
02F3DB	165	code
02F480	6	pointer16
02F486	102	code
02F4EC	6	pointer16
02F4F2	632	code
02F76A	6	pointer16
02F770	99	code
02F7D3	4	unknown
02F7D7	375	code
02F94E	6	pointer16
02F954	88	code
02F9AC	4	pointer16
02F9B0	198	code
02FA76	6	pointer16
02FA7C	37	code
02FAA1	4	pointer16
02FAA5	223	code
02FB84	8	pointer16
02FB8C	101	code
02FBF1	2	unknown
02FBF3	108	code
02FC5F	17	unknown
02FC70	125	code
02FCED	28	unknown
02FD09	111	code
02FD78	4	unknown
02FD7C	22	code
02FD92	13	unknown
02FD9F	206	code
02FE6D	8	unknown
02FE75	309	code
02FFAA	86	unknown
038000	40	code
038028	6	pointer16
03802E	88	code
038086	26	unknown
0380A0	50	code
0380D2	9	unknown
0380DB	52	code
03810F	26	pointer16
038129	28	code
038145	5	unknown
03814A	103	code
0381B1	5	unknown
0381B6	247	code
0382AD	5	unknown
0382B2	97	code
038313	5	unknown
038318	150	code
0383AE	2	unknown
0383B0	11	code
0383BB	290	unknown
0384DD	345	code
038636	1	unknown
038637	114	code
0386A9	3	unknown
0386AC	35	code
0386CF	2	unknown
0386D1	219	code
0387AC	14	unknown
0387BA	28	code
0387D6	9	unknown
0387DF	11	code
0387EA	9	unknown
0387F3	94	code
038851	6	pointer16
038857	114	code
0388C9	6	pointer16
0388CF	205	code
03899C	10	pointer16
0389A6	136	code
038A2E	4	pointer16
038A32	42	code
038A5C	6	pointer16
038A62	156	code
038AFE	4	pointer16
038B02	49	code
038B33	6	pointer16
038B39	267	code
038C44	10	pointer16
038C4E	79	code
038C9D	4	pointer16
038CA1	76	code
038CED	6	pointer16
038CF3	79	code
038D42	4	pointer16
038D46	111	code
038DB5	10	pointer16
038DBF	14	code
038DCD	14	data8
038DDB	76	code
038E27	2	pointer16
038E29	45	code
038E56	6	pointer16
038E5C	70	code
038EA2	10	pointer16
038EAC	812	code
0391D8	12	pointer16
0391E4	58	code
03921E	4	pointer16
039222	211	code
0392F5	10	pointer16
0392FF	130	code
039381	6	pointer16
039387	33	code
0393A8	6	pointer16
0393AE	36	code
0393D2	5	unknown
0393D7	108	code
039443	10	pointer16
03944D	129	code
0394CE	4	pointer16
0394D2	135	code
039559	10	pointer16
039563	132	code
0395E7	6	pointer16
0395ED	116	code
039661	12	pointer16
03966D	93	code
0396CA	6	pointer16
0396D0	316	code
03980C	10	pointer16
039816	332	code
039962	10	pointer16
03996C	534	code
039B82	6	pointer16
039B88	212	code
039C5C	10	pointer16
039C66	150	code
039CFC	4	pointer16
039D00	90	code
039D5A	4	pointer16
039D5E	48	code
039D8E	20	unknown
039DA2	56	code
039DDA	10	pointer16
039DE4	126	code
039E62	8	pointer16
039E6A	17	code
039E7B	3	unknown
039E7E	314	code
039FB8	10	pointer16
039FC2	121	code
03A03B	8	pointer16
03A043	157	code
03A0E0	12	pointer16
03A0EC	89	code
03A145	4	pointer16
03A149	151	code
03A1E0	10	pointer16
03A1EA	349	code
03A347	6	pointer16
03A34D	82	code
03A39F	10	pointer16
03A3A9	157	code
03A446	10	pointer16
03A450	32	code
03A470	5	unknown
03A475	153	code
03A50E	24	unknown
03A526	122	code
03A5A0	10	pointer16
03A5AA	174	code
03A658	4	pointer16
03A65C	44	code
03A688	4	unknown
03A68C	46	code
03A6BA	4	pointer16
03A6BE	133	code
03A743	6	pointer16
03A749	377	code
03A8C2	6	pointer16
03A8C8	173	code
03A975	18	pointer16
03A987	492	code
03AB73	6	pointer16
03AB79	247	code
03AC70	6	pointer16
03AC76	268	code
03AD82	6	pointer16
03AD88	73	code
03ADD1	6	pointer16
03ADD7	109	code
03AE44	4	pointer16
03AE48	71	code
03AE8F	6	pointer16
03AE95	101	code
03AEFA	10	pointer16
03AF04	118	code
03AF7A	4	pointer16
03AF7E	34	code
03AFA0	8	pointer16
03AFA8	118	code
03B01E	139	unknown
03B0A9	160	code
03B149	8	pointer16
03B151	180	code
03B205	10	pointer16
03B20F	58	code
03B249	12	unknown
03B255	389	code
03B3DA	10	pointer16
03B3E4	5	code
03B3E9	16	pointer16
03B3F9	459	code
03B5C4	12	unknown
03B5D0	42	code
03B5FA	6	pointer16
03B600	162	code
03B6A2	6	pointer16
03B6A8	225	code
03B789	6	pointer16
03B78F	156	code
03B82B	14	pointer16
03B839	288	code
03B959	45	unknown
03B986	373	code
03BAFB	4	unknown
03BAFF	24	code
03BB17	4	unknown
03BB1B	188	code
03BBD7	8	pointer16
03BBDF	183	code
03BC96	4	unknown
03BC9A	261	code
03BD9F	3	unknown
03BDA2	24	code
03BDBA	3	unknown
03BDBD	527	code
03BFCC	10	pointer16
03BFD6	66	code
03C018	4	unknown
03C01C	118	code
03C092	18	unknown
03C0A4	674	code
03C346	3	unknown
03C349	126	code
03C3C7	8	pointer16
03C3CF	123	code
03C44A	8	pointer16
03C452	104	code
03C4BA	6	pointer16
03C4C0	55	code
03C4F7	4	unknown
03C4FB	4	code
03C4FF	4	unknown
03C503	173	code
03C5B0	6	pointer16
03C5B6	282	code
03C6D0	28	pointer16
03C6EC	8	code
03C6F4	6	pointer16
03C6FA	98	code
03C75C	8	unknown
03C764	518	code
03C96A	9	unknown
03C973	4	code
03C977	9	unknown
03C980	102	code
03C9E6	102	unknown
03CA4C	36	code
03CA70	2	unknown
03CA72	139	code
03CAFD	5	unknown
03CB02	181	code
03CBB7	6	pointer16
03CBBD	680	code
03CE65	8	pointer16
03CE6D	264	code
03CF75	6	pointer16
03CF7B	80	code
03CFCB	11	unknown
03CFD6	102	code
03D03C	40	pointer16
03D064	148	code
03D0F8	6	pointer16
03D0FE	180	code
03D1B2	6	pointer16
03D1B8	55	code
03D1EF	68	unknown
03D233	58	code
03D26D	9	unknown
03D276	4	code
03D27A	5	unknown
03D27F	124	code
03D2FB	6	pointer16
03D301	201	code
03D3CA	6	pointer16
03D3D0	91	code
03D42B	12	pointer16
03D437	228	code
03D51B	6	pointer16
03D521	133	code
03D5A6	6	pointer16
03D5AC	148	code
03D640	10	pointer16
03D64A	616	code
03D8B2	16	pointer16
03D8C2	255	code
03D9C1	69	unknown
03DA06	7	code
03DA0D	134	unknown
03DA93	269	code
03DBA0	6	pointer16
03DBA6	126	code
03DC24	6	pointer16
03DC2A	52	code
03DC5E	6	pointer16
03DC64	134	code
03DCEA	6	pointer16
03DCF0	181	code
03DDA5	14	pointer16
03DDB3	174	code
03DE61	8	pointer16
03DE69	287	code
03DF88	12	pointer16
03DF94	302	code
03E0C2	6	unknown
03E0C8	8	code
03E0D0	4	unknown
03E0D4	305	code
03E205	10	pointer16
03E20F	119	code
03E286	13	unknown
03E293	158	code
03E331	7	unknown
03E338	27	code
03E353	4	unknown
03E357	42	code
03E381	14	unknown
03E38F	181	code
03E444	12	pointer16
03E450	202	code
03E51A	6	pointer16
03E520	75	code
03E56B	4	unknown
03E56F	244	code
03E663	9	unknown
03E66C	96	code
03E6CC	3	unknown
03E6CF	234	code
03E7B9	15	unknown
03E7C8	30	code
03E7E6	6	pointer16
03E7EC	218	code
03E8C6	28	pointer16
03E8E2	129	code
03E963	6	pointer16
03E969	47	code
03E998	10	unknown
03E9A2	52	code
03E9D6	9	unknown
03E9DF	62	code
03EA1D	6	pointer16
03EA23	170	code
03EACD	5	unknown
03EAD2	6	code
03EAD8	9	unknown
03EAE1	4	code
03EAE5	5	unknown
03EAEA	87	code
03EB41	9	unknown
03EB4A	23	code
03EB61	118	unknown
03EBD7	32	code
03EBF7	2	unknown
03EBF9	60	code
03EC35	6	pointer16
03EC3B	91	code
03EC96	18	pointer16
03ECA8	31	code
03ECC7	6	unknown
03ECCD	668	code
03EF69	4	pointer16
03EF6D	150	code
03F003	6	pointer16
03F009	78	code
03F057	8	pointer16
03F05F	64	code
03F09F	10	pointer16
03F0A9	245	code
03F19E	12	pointer16
03F1AA	40	code
03F1D2	4	unknown
03F1D6	176	code
03F286	6	pointer16
03F28C	217	code
03F365	4	pointer16
03F369	74	code
03F3B3	8	pointer16
03F3BB	231	code
03F4A2	4	pointer16
03F4A6	279	code
03F5BD	8	pointer16
03F5C5	196	code
03F689	8	unknown
03F691	17	code
03F6A2	8	unknown
03F6AA	67	code
03F6ED	6	unknown
03F6F3	17	code
03F704	6	unknown
03F70A	207	code
03F7D9	10	pointer16
03F7E3	227	code
03F8C6	8	unknown
03F8CE	99	code
03F931	6	unknown
03F937	315	code
03FA72	10	pointer16
03FA7C	481	code
03FC5D	6	pointer16
03FC63	167	code
03FD0A	6	pointer16
03FD10	129	code
03FD91	4	pointer16
03FD95	18	code
03FDA7	4	pointer16
03FDAB	66	code
03FDED	24	pointer16
03FE05	21	code
03FE1A	7	unknown
03FE21	135	code
03FEA8	4	pointer16
03FEAC	195	code
03FF6F	145	unknown
048000	965	code
0483C5	18	pointer16
0483D7	1591	code
048A0E	61	unknown
048A4B	6	pointer16
048A51	850	code
048DA3	12	pointer16
048DAF	1454	code
04935D	128	pointer16
0493DD	204	code
0494A9	128	pointer16
049529	243	code
04961C	128	pointer16
04969C	2126	code
049EEA	4	pointer16
049EEE	1198	code
04A39C	16	pointer16
04A3AC	720	code
04A67C	26	pointer16
04A696	1974	code
04AE4C	6	pointer16
04AE52	5	code
04AE57	6	pointer16
04AE5D	258	code
04AF5F	12	pointer16
04AF6B	151	code
04B002	6	pointer16
04B008	134	code
04B08E	16	pointer16
04B09E	347	code
04B1F9	6	pointer16
04B1FF	273	code
04B310	12	pointer16
04B31C	303	code
04B44B	6	pointer16
04B451	1323	code
04B97C	3860	data16
04C890	70	pointer16
04C8D6	8908	text
04EBA2	154	unknown
04EC3C	1288	text
04F144	3772	empty
058000	34	data16
058022	60	pointer16
05805E	612	data8
0582C2	32	pointer16
0582E2	8885	data8
05A597	172	data16
05A643	3	pointer24
05A646	2	data16
05A648	3	pointer24
05A64B	2	data16
05A64D	3	pointer24
05A650	2	data16
05A652	3	pointer24
05A655	2	data16
05A657	3	pointer24
05A65A	2	data16
05A65C	3	pointer24
05A65F	2	data16
05A661	3	pointer24
05A664	2	data16
05A666	3	pointer24
05A669	2	data16
05A66B	3	pointer24
05A66E	2	data16
05A670	3	pointer24
05A673	2	data16
05A675	3	pointer24
05A678	2	data16
05A67A	3	pointer24
05A67D	2	data16
05A67F	3	pointer24
05A682	2	data16
05A684	3	pointer24
05A687	2	data16
05A689	3	pointer24
05A68C	2	data16
05A68E	3	pointer24
05A691	2	data16
05A693	3	pointer24
05A696	2	data16
05A698	3	pointer24
05A69B	2	data16
05A69D	3	pointer24
05A6A0	2	data16
05A6A2	3	pointer24
05A6A5	2	data16
05A6A7	3	pointer24
05A6AA	2	data16
05A6AC	3	pointer24
05A6AF	2	data16
05A6B1	3	pointer24
05A6B4	2	data16
05A6B6	3	pointer24
05A6B9	2	data16
05A6BB	3	pointer24
05A6BE	2	data16
05A6C0	3	pointer24
05A6C3	2	data16
05A6C5	3	pointer24
05A6C8	2	data16
05A6CA	3	pointer24
05A6CD	2	data16
05A6CF	3	pointer24
05A6D2	2	data16
05A6D4	3	pointer24
05A6D7	2	data16
05A6D9	3	pointer24
05A6DC	2	data16
05A6DE	3	pointer24
05A6E1	2	data16
05A6E3	3	pointer24
05A6E6	2	data16
05A6E8	3	pointer24
05A6EB	2	data16
05A6ED	3	pointer24
05A6F0	2	data16
05A6F2	3	pointer24
05A6F5	2	data16
05A6F7	3	pointer24
05A6FA	2	data16
05A6FC	3	pointer24
05A6FF	2	data16
05A701	3	pointer24
05A704	2	data16
05A706	3	pointer24
05A709	2	data16
05A70B	3	pointer24
05A70E	2	data16
05A710	3	pointer24
05A713	2	data16
05A715	3	pointer24
05A718	2	data16
05A71A	3	pointer24
05A71D	2	data16
05A71F	3	pointer24
05A722	2	data16
05A724	3	pointer24
05A727	2	data16
05A729	3	pointer24
05A72C	2	data16
05A72E	3	pointer24
05A731	2	data16
05A733	3	pointer24
05A736	2	data16
05A738	3	pointer24
05A73B	2	data16
05A73D	3	pointer24
05A740	2	data16
05A742	3	pointer24
05A745	2	data16
05A747	3	pointer24
05A74A	2	data16
05A74C	3	pointer24
05A74F	2	data16
05A751	3	pointer24
05A754	2	data16
05A756	3	pointer24
05A759	2	data16
05A75B	3	pointer24
05A75E	2	data16
05A760	3	pointer24
05A763	2	data16
05A765	3	pointer24
05A768	2	data16
05A76A	3	pointer24
05A76D	2	data16
05A76F	3	pointer24
05A772	2	data16
05A774	3	pointer24
05A777	2	data16
05A779	3	pointer24
05A77C	2	data16
05A77E	3	pointer24
05A781	2	data16
05A783	3	pointer24
05A786	2	data16
05A788	3	pointer24
05A78B	2	data16
05A78D	3	pointer24
05A790	2	data16
05A792	3	pointer24
05A795	2	data16
05A797	3	pointer24
05A79A	2	data16
05A79C	3	pointer24
05A79F	2	data16
05A7A1	3	pointer24
05A7A4	2	data16
05A7A6	3	pointer24
05A7A9	2	data16
05A7AB	3	pointer24
05A7AE	2	data16
05A7B0	3	pointer24
05A7B3	2	data16
05A7B5	3	pointer24
05A7B8	2	data16
05A7BA	3	pointer24
05A7BD	2	data16
05A7BF	3	pointer24
05A7C2	2	data16
05A7C4	3	pointer24
05A7C7	2	data16
05A7C9	3	pointer24
05A7CC	2	data16
05A7CE	3	pointer24
05A7D1	2	data16
05A7D3	3	pointer24
05A7D6	2	data16
05A7D8	3	pointer24
05A7DB	2	data16
05A7DD	3	pointer24
05A7E0	2	data16
05A7E2	3	pointer24
05A7E5	2	data16
05A7E7	3	pointer24
05A7EA	2	data16
05A7EC	3	pointer24
05A7EF	2	data16
05A7F1	3	pointer24
05A7F4	2	data16
05A7F6	3	pointer24
05A7F9	2	data16
05A7FB	3	pointer24
05A7FE	2	data16
05A800	3	pointer24
05A803	2	data16
05A805	3	pointer24
05A808	2	data16
05A80A	3	pointer24
05A80D	2	data16
05A80F	3	pointer24
05A812	2	data16
05A814	3	pointer24
05A817	2	data16
05A819	3	pointer24
05A81C	2	data16
05A81E	3	pointer24
05A821	2	data16
05A823	3	pointer24
05A826	2	data16
05A828	3	pointer24
05A82B	2	data16
05A82D	3	pointer24
05A830	2	data16
05A832	3	pointer24
05A835	2	data16
05A837	3	pointer24
05A83A	2	data16
05A83C	3	pointer24
05A83F	2	data16
05A841	3	pointer24
05A844	2	data16
05A846	3	pointer24
05A849	2	data16
05A84B	3	pointer24
05A84E	2	data16
05A850	3	pointer24
05A853	2	data16
05A855	3	pointer24
05A858	2	data16
05A85A	3	pointer24
05A85D	2	data16
05A85F	3	pointer24
05A862	2	data16
05A864	3	pointer24
05A867	2	data16
05A869	3	pointer24
05A86C	2	data16
05A86E	3	pointer24
05A871	2	data16
05A873	3	pointer24
05A876	2	data16
05A878	3	pointer24
05A87B	2	data16
05A87D	3	pointer24
05A880	2	data16
05A882	3	pointer24
05A885	12	data16
05A891	3	pointer24
05A894	2	data16
05A896	3	pointer24
05A899	2	data16
05A89B	3	pointer24
05A89E	2	data16
05A8A0	3	pointer24
05A8A3	49	data16
05A8D4	3	pointer24
05A8D7	2	data16
05A8D9	3	pointer24
05A8DC	2	data16
05A8DE	3	pointer24
05A8E1	2	data16
05A8E3	3	pointer24
05A8E6	27	data16
05A901	3	data24
05A904	2	data16
05A906	3	data24
05A909	2	data16
05A90B	3	data24
05A90E	2	data16
05A910	3	data24
05A913	2	data16
05A915	3	data24
05A918	2	data16
05A91A	3	data24
05A91D	2	data16
05A91F	3	data24
05A922	2	data16
05A924	3	data24
05A927	142	data16
05A9B5	3	data24
05A9B8	2	data16
05A9BA	3	data24
05A9BD	2	data16
05A9BF	3	data24
05A9C2	2	data16
05A9C4	3	data24
05A9C7	2	data16
05A9C9	3	data24
05A9CC	2	data16
05A9CE	3	data24
05A9D1	2	data16
05A9D3	3	data24
05A9D6	2	data16
05A9D8	3	data24
05A9DB	2	data16
05A9DD	3	data24
05A9E0	2	data16
05A9E2	3	data24
05A9E5	2	data16
05A9E7	3	data24
05A9EA	2	data16
05A9EC	3	data24
05A9EF	2	data16
05A9F1	3	data24
05A9F4	2	data16
05A9F6	3	data24
05A9F9	2	data16
05A9FB	3	data24
05A9FE	2	data16
05AA00	3	data24
05AA03	2	data16
05AA05	3	data24
05AA08	2	data16
05AA0A	3	data24
05AA0D	2	data16
05AA0F	3	data24
05AA12	2	data16
05AA14	3	data24
05AA17	2	data16
05AA19	3	data24
05AA1C	2	data16
05AA1E	3	data24
05AA21	2	data16
05AA23	3	data24
05AA26	2	data16
05AA28	3	data24
05AA2B	1	data8
05AA2C	16	data16
05AA3C	3	data24
05AA3F	2	data16
05AA41	3	data24
05AA44	2	data16
05AA46	3	data24
05AA49	2	data16
05AA4B	3	data24
05AA4E	2	data16
05AA50	3	data24
05AA53	2	data16
05AA55	3	data24
05AA58	2	data16
05AA5A	3	data24
05AA5D	2	data16
05AA5F	3	data24
05AA62	2	data16
05AA64	3	data24
05AA67	2	data16
05AA69	3	data24
05AA6C	2	data16
05AA6E	3	data24
05AA71	2	data16
05AA73	3	data24
05AA76	2	data16
05AA78	3	data24
05AA7B	2	data16
05AA7D	3	data24
05AA80	2	data16
05AA82	3	data24
05AA85	2	data16
05AA87	3	data24
05AA8A	2	data16
05AA8C	3	data24
05AA8F	2	data16
05AA91	3	data24
05AA94	2	data16
05AA96	3	data24
05AA99	2	data16
05AA9B	3	data24
05AA9E	2	data16
05AAA0	3	data24
05AAA3	2	data16
05AAA5	3	data24
05AAA8	2	data16
05AAAA	3	data24
05AAAD	2	data16
05AAAF	3	data24
05AAB2	2	data16
05AAB4	3	data24
05AAB7	2	data16
05AAB9	3	data24
05AABC	2	data16
05AABE	3	data24
05AAC1	2	data16
05AAC3	3	data24
05AAC6	30	data16
05AAE4	3	data24
05AAE7	1	data8
05AAE8	2	data16
05AAEA	3	data24
05AAED	2	data16
05AAEF	3	data24
05AAF2	44	data16
05AB1E	3	pointer24
05AB21	2	data16
05AB23	3	pointer24
05AB26	1	data8
05AB27	2	data16
05AB29	3	pointer24
05AB2C	2	data16
05AB2E	3	pointer24
05AB31	2	data16
05AB33	3	pointer24
05AB36	2	data16
05AB38	3	pointer24
05AB3B	2	data16
05AB3D	3	pointer24
05AB40	2	data16
05AB42	3	pointer24
05AB45	2	data16
05AB47	3	pointer24
05AB4A	2	data16
05AB4C	3	pointer24
05AB4F	16	data16
05AB5F	3	pointer24
05AB62	2	data16
05AB64	3	pointer24
05AB67	2	data16
05AB69	3	pointer24
05AB6C	2	data16
05AB6E	3	pointer24
05AB71	2	data16
05AB73	3	pointer24
05AB76	2	data16
05AB78	3	pointer24
05AB7B	2	data16
05AB7D	3	pointer24
05AB80	2	data16
05AB82	3	pointer24
05AB85	2	data16
05AB87	3	pointer24
05AB8A	2	data16
05AB8C	3	pointer24
05AB8F	2	data16
05AB91	3	pointer24
05AB94	2	data16
05AB96	3	pointer24
05AB99	26	data16
05ABB3	3	pointer24
05ABB6	2	data16
05ABB8	3	pointer24
05ABBB	2	data16
05ABBD	3	pointer24
05ABC0	2	data16
05ABC2	3	pointer24
05ABC5	2	data16
05ABC7	3	pointer24
05ABCA	2	data16
05ABCC	3	pointer24
05ABCF	2	data16
05ABD1	3	pointer24
05ABD4	2	data16
05ABD6	3	pointer24
05ABD9	2	data16
05ABDB	3	pointer24
05ABDE	2	data16
05ABE0	3	pointer24
05ABE3	34	data16
05AC05	1	data8
05AC06	3	pointer24
05AC09	2	data16
05AC0B	3	pointer24
05AC0E	2	data16
05AC10	3	pointer24
05AC13	2	data16
05AC15	3	pointer24
05AC18	2	data16
05AC1A	3	pointer24
05AC1D	2	data16
05AC1F	3	pointer24
05AC22	2	data16
05AC24	3	pointer24
05AC27	2	data16
05AC29	3	pointer24
05AC2C	2	data16
05AC2E	3	pointer24
05AC31	2	data16
05AC33	3	pointer24
05AC36	2	data16
05AC38	3	pointer24
05AC3B	2	data16
05AC3D	3	pointer24
05AC40	2	data16
05AC42	3	pointer24
05AC45	2	data16
05AC47	3	pointer24
05AC4A	2	data16
05AC4C	3	pointer24
05AC4F	2	data16
05AC51	3	pointer24
05AC54	2	data16
05AC56	3	pointer24
05AC59	2	data16
05AC5B	3	pointer24
05AC5E	2	data16
05AC60	3	pointer24
05AC63	2	data16
05AC65	3	pointer24
05AC68	2	data16
05AC6A	3	pointer24
05AC6D	2	data16
05AC6F	3	pointer24
05AC72	2	data16
05AC74	3	pointer24
05AC77	2	data16
05AC79	3	pointer24
05AC7C	2	data16
05AC7E	3	pointer24
05AC81	2	data16
05AC83	3	pointer24
05AC86	2	data16
05AC88	3	pointer24
05AC8B	2	data16
05AC8D	3	pointer24
05AC90	2	data16
05AC92	3	pointer24
05AC95	2	data16
05AC97	3	pointer24
05AC9A	2	data16
05AC9C	3	pointer24
05AC9F	2	data16
05ACA1	3	pointer24
05ACA4	34	data16
05ACC6	3	pointer24
05ACC9	2	data16
05ACCB	3	pointer24
05ACCE	2	data16
05ACD0	3	pointer24
05ACD3	2	data16
05ACD5	3	pointer24
05ACD8	2	data16
05ACDA	3	pointer24
05ACDD	2	data16
05ACDF	3	pointer24
05ACE2	2	data16
05ACE4	3	pointer24
05ACE7	2	data16
05ACE9	3	pointer24
05ACEC	2	data16
05ACEE	3	pointer24
05ACF1	2	data16
05ACF3	3	pointer24
05ACF6	2	data16
05ACF8	3	pointer24
05ACFB	2	data16
05ACFD	3	pointer24
05AD00	2	data16
05AD02	3	pointer24
05AD05	2	data16
05AD07	3	pointer24
05AD0A	2	data16
05AD0C	3	pointer24
05AD0F	2	data16
05AD11	3	pointer24
05AD14	2	data16
05AD16	3	pointer24
05AD19	2	data16
05AD1B	3	pointer24
05AD1E	2	data16
05AD20	3	pointer24
05AD23	2	data16
05AD25	3	pointer24
05AD28	2	data16
05AD2A	3	pointer24
05AD2D	2	data16
05AD2F	3	pointer24
05AD32	2	data16
05AD34	3	pointer24
05AD37	2	data16
05AD39	3	pointer24
05AD3C	2	data16
05AD3E	3	pointer24
05AD41	2	data16
05AD43	3	pointer24
05AD46	2	data16
05AD48	3	pointer24
05AD4B	2	data16
05AD4D	3	pointer24
05AD50	2	data16
05AD52	3	pointer24
05AD55	2	data16
05AD57	3	pointer24
05AD5A	2	data16
05AD5C	3	pointer24
05AD5F	2	data16
05AD61	3	pointer24
05AD64	1	data8
05AD65	28	data16
05AD81	3	pointer24
05AD84	2	data16
05AD86	3	pointer24
05AD89	20	data16
05AD9D	1	data8
05AD9E	3	pointer24
05ADA1	2	data16
05ADA3	3	pointer24
05ADA6	34	data16
05ADC8	3	pointer24
05ADCB	2	data16
05ADCD	3	pointer24
05ADD0	2	data16
05ADD2	3	pointer24
05ADD5	2	data16
05ADD7	3	pointer24
05ADDA	2	data16
05ADDC	3	pointer24
05ADDF	2	data16
05ADE1	3	pointer24
05ADE4	2	data16
05ADE6	3	pointer24
05ADE9	2	data16
05ADEB	3	pointer24
05ADEE	2	data16
05ADF0	3	pointer24
05ADF3	2	data16
05ADF5	3	pointer24
05ADF8	2	data16
05ADFA	3	pointer24
05ADFD	2	data16
05ADFF	3	pointer24
05AE02	2	data16
05AE04	3	pointer24
05AE07	2	data16
05AE09	3	pointer24
05AE0C	2	data16
05AE0E	3	pointer24
05AE11	2	data16
05AE13	3	pointer24
05AE16	2	data16
05AE18	3	pointer24
05AE1B	2	data16
05AE1D	3	pointer24
05AE20	2	data16
05AE22	3	pointer24
05AE25	2	data16
05AE27	3	pointer24
05AE2A	2	data16
05AE2C	3	pointer24
05AE2F	2	data16
05AE31	3	pointer24
05AE34	2	data16
05AE36	3	pointer24
05AE39	2	data16
05AE3B	3	pointer24
05AE3E	2	data16
05AE40	3	pointer24
05AE43	2	data16
05AE45	3	pointer24
05AE48	2	data16
05AE4A	3	pointer24
05AE4D	2	data16
05AE4F	3	pointer24
05AE52	2	data16
05AE54	3	pointer24
05AE57	2	data16
05AE59	3	pointer24
05AE5C	2	data16
05AE5E	3	pointer24
05AE61	2	data16
05AE63	3	pointer24
05AE66	66	data16
05AEA8	3	pointer24
05AEAB	2	data16
05AEAD	3	pointer24
05AEB0	2	data16
05AEB2	3	pointer24
05AEB5	2	data16
05AEB7	3	pointer24
05AEBA	2	data16
05AEBC	3	pointer24
05AEBF	2	data16
05AEC1	3	pointer24
05AEC4	2	data16
05AEC6	3	pointer24
05AEC9	2	data16
05AECB	3	pointer24
05AECE	54	data16
05AF04	3	pointer24
05AF07	2	data8
05AF09	3	pointer24
05AF0C	2	data8
05AF0E	3	pointer24
05AF11	2	data8
05AF13	3	pointer24
05AF16	1	data8
05AF17	14	data16
05AF25	3	pointer24
05AF28	2	data16
05AF2A	3	pointer24
05AF2D	42	data16
05AF57	1	data8
05AF58	3	pointer24
05AF5B	2	data16
05AF5D	3	pointer24
05AF60	1	data8
05AF61	28	data16
05AF7D	3	pointer24
05AF80	2	data16
05AF82	3	pointer24
05AF85	1	data8
05AF86	12	data16
05AF92	3	pointer24
05AF95	2	data16
05AF97	3	pointer24
05AF9A	2	data16
05AF9C	3	pointer24
05AF9F	2	data16
05AFA1	3	pointer24
05AFA4	2	data16
05AFA6	3	pointer24
05AFA9	2	data16
05AFAB	3	pointer24
05AFAE	2	data16
05AFB0	3	pointer24
05AFB3	2	data16
05AFB5	3	pointer24
05AFB8	2	data16
05AFBA	3	pointer24
05AFBD	18	data16
05AFCF	1	data8
05AFD0	3	pointer24
05AFD3	2	data16
05AFD5	3	pointer24
05AFD8	2	data16
05AFDA	3	pointer24
05AFDD	2	data16
05AFDF	3	pointer24
05AFE2	2	data16
05AFE4	3	pointer24
05AFE7	2	data16
05AFE9	3	pointer24
05AFEC	2	data16
05AFEE	3	pointer24
05AFF1	2	data16
05AFF3	3	pointer24
05AFF6	2	data16
05AFF8	3	pointer24
05AFFB	2	data16
05AFFD	3	pointer24
05B000	2	data16
05B002	3	pointer24
05B005	2	data16
05B007	3	pointer24
05B00A	2	data16
05B00C	3	pointer24
05B00F	2	data16
05B011	3	pointer24
05B014	2	data16
05B016	3	pointer24
05B019	2	data16
05B01B	3	pointer24
05B01E	2	data16
05B020	3	pointer24
05B023	2	data16
05B025	3	pointer24
05B028	2	data16
05B02A	3	pointer24
05B02D	1	data8
05B02E	18	data16
05B040	3	pointer24
05B043	2	data16
05B045	3	pointer24
05B048	26	data16
05B062	3	pointer24
05B065	2	data16
05B067	3	pointer24
05B06A	2	data16
05B06C	3	pointer24
05B06F	2	data16
05B071	3	pointer24
05B074	80	data16
05B0C4	3	data24
05B0C7	2	data16
05B0C9	3	data24
05B0CC	2	data16
05B0CE	3	data24
05B0D1	2	data16
05B0D3	3	data24
05B0D6	2	data16
05B0D8	3	data24
05B0DB	2	data16
05B0DD	3	data24
05B0E0	2	data16
05B0E2	3	data24
05B0E5	2	data16
05B0E7	3	data24
05B0EA	2	data16
05B0EC	3	data24
05B0EF	2	data16
05B0F1	3	data24
05B0F4	114	data16
05B166	3	data24
05B169	2	data16
05B16B	3	data24
05B16E	2	data16
05B170	3	data24
05B173	2	data16
05B175	3	data24
05B178	2	data16
05B17A	3	data24
05B17D	2	data16
05B17F	3	data24
05B182	2	data16
05B184	3	data24
05B187	2	data16
05B189	3	data24
05B18C	2	data16
05B18E	3	data24
05B191	2	data16
05B193	3	data24
05B196	2	data16
05B198	3	data24
05B19B	62	data16
05B1D9	3	data24
05B1DC	2	data16
05B1DE	3	data24
05B1E1	2	data16
05B1E3	3	data24
05B1E6	2	data16
05B1E8	3	data24
05B1EB	62	data16
05B229	1	data8
05B22A	3	data24
05B22D	2	data16
05B22F	3	data24
05B232	2	data16
05B234	3	data24
05B237	2	data16
05B239	3	data24
05B23C	1	data8
05B23D	62	data16
05B27B	3	data24
05B27E	2	data16
05B280	3	data24
05B283	2	data16
05B285	3	data24
05B288	2	data16
05B28A	3	data24
05B28D	1	data8
05B28E	62	data16
05B2CC	3	data24
05B2CF	2	data16
05B2D1	3	data24
05B2D4	2	data16
05B2D6	3	data24
05B2D9	2	data16
05B2DB	3	data24
05B2DE	1	data8
05B2DF	30	data16
05B2FD	3	data24
05B300	2	data16
05B302	3	data24
05B305	1	data8
05B306	30	data16
05B324	3	data24
05B327	2	data16
05B329	3	data24
05B32C	1	data8
05B32D	70	data16
05B373	3	data24
05B376	1	data8
05B377	2	data16
05B379	3	data24
05B37C	2	data16
05B37E	3	data24
05B381	1	data8
05B382	894	unknown
05B700	18591	data16
05FF9F	1	data8
05FFA0	96	unknown
068000	16	data16
068010	109	data8
06807D	1	unknown
06807E	7	data8
068085	5	unknown
06808A	1	data8
06808B	1	unknown
06808C	1	data8
06808D	6	unknown
068093	1	data8
068094	8	unknown
06809C	7	data8
0680A3	5	unknown
0680A8	35	data8
0680CB	24	unknown
0680E3	6	data8
0680E9	4	unknown
0680ED	6	data8
0680F3	23	unknown
06810A	5	data8
06810F	32	unknown
06812F	2	data8
068131	2	unknown
068133	2	data8
068135	16	unknown
068145	2	data8
068147	8	unknown
06814F	4	data8
068153	14	unknown
068161	2	data8
068163	14	unknown
068171	20	data8
068185	12	unknown
068191	2	data8
068193	6	unknown
068199	2	data8
06819B	20	unknown
0681AF	2	data8
0681B1	26	unknown
0681CB	2	data8
0681CD	6	unknown
0681D3	2	data8
0681D5	34	unknown
0681F7	2	data8
0681F9	6	unknown
0681FF	2	data8
068201	20	unknown
068215	4	data8
068219	2	unknown
06821B	6	data8
068221	2	unknown
068223	2	data8
068225	6	unknown
06822B	2	data8
06822D	2	unknown
06822F	2	data8
068231	2	unknown
068233	18	data8
068245	6	unknown
06824B	2	data8
06824D	24	unknown
068265	2	data8
068267	2	unknown
068269	4	data8
06826D	56	unknown
0682A5	12	data8
0682B1	6	unknown
0682B7	10	data8
0682C1	18	unknown
0682D3	16	data8
0682E3	46	unknown
068311	2	data8
068313	32	unknown
068333	15	data8
068342	40	unknown
06836A	5	data8
06836F	16	unknown
06837F	5	data8
068384	35	unknown
0683A7	9	data8
0683B0	35	unknown
0683D3	50	data8
068405	21	unknown
06841A	9	data8
068423	15	unknown
068432	5	data8
068437	45	unknown
068464	5	data8
068469	60	unknown
0684A5	5	data8
0684AA	135	unknown
068531	5	data8
068536	50	unknown
068568	10	data8
068572	5	unknown
068577	15	data8
068586	5	unknown
06858B	5	data8
068590	19	unknown
0685A3	9	data8
0685AC	5	unknown
0685B1	5	data8
0685B6	5	unknown
0685BB	45	data8
0685E8	19	unknown
0685FB	5	data8
068600	64	unknown
068640	5	data8
068645	5	unknown
06864A	10	data8
068654	147	unknown
0686E7	30	data8
068705	15	unknown
068714	25	data8
06872D	45	unknown
06875A	40	data8
068782	147	unknown
068815	5	data8
06881A	92	unknown
068876	6	data8
06887C	30	data16
06889A	35	data8
0688BD	203	unknown
068988	40	pointer16
0689B0	876	unknown
068D1C	8	data8
068D24	1	unknown
068D25	2	data16
068D27	1	unknown
068D28	2	data16
068D2A	1	unknown
068D2B	2	data16
068D2D	1	data8
068D2E	2	data16
068D30	1	data8
068D31	92	unknown
068D8D	7	data8
068D94	8	unknown
068D9C	4	data8
068DA0	92	unknown
068DFC	7	data8
068E03	8	unknown
068E0B	4	data8
068E0F	92	unknown
068E6B	7	data8
068E72	8	unknown
068E7A	3	data8
068E7D	93	unknown
068EDA	6	data8
068EE0	9	unknown
068EE9	3	data8
068EEC	93	unknown
068F49	6	data8
068F4F	9	unknown
068F58	4	data8
068F5C	92	unknown
068FB8	7	data8
068FBF	8	unknown
068FC7	4	data8
068FCB	92	unknown
069027	7	data8
06902E	8	unknown
069036	4	data8
06903A	92	unknown
069096	7	data8
06909D	8	unknown
0690A5	3	data8
0690A8	93	unknown
069105	6	data8
06910B	234	pointer16
0691F5	1744	text
0698C5	160	pointer16
069965	2	data8
069967	2	data16
069969	3	data24
06996C	4	data8
069970	2	data16
069972	3	pointer24
069975	2	data8
069977	2	data16
069979	3	pointer24
06997C	4	data8
069980	2	data16
069982	3	data24
069985	4	data8
069989	2	data16
06998B	3	data24
06998E	3	data8
069991	2	data16
069993	3	pointer24
069996	3	data8
069999	2	data16
06999B	3	data24
06999E	3	data8
0699A1	2	data16
0699A3	3	pointer24
0699A6	3	data8
0699A9	2	data16
0699AB	3	pointer24
0699AE	3	data8
0699B1	2	data16
0699B3	3	pointer24
0699B6	2	data8
0699B8	2	data16
0699BA	3	pointer24
0699BD	3	data8
0699C0	2	data16
0699C2	3	data24
0699C5	6	data8
0699CB	3	data16
0699CE	3	pointer24
0699D1	3	data8
0699D4	2	data16
0699D6	3	pointer24
0699D9	2	data8
0699DB	2	data16
0699DD	3	pointer24
0699E0	3	data8
0699E3	2	data16
0699E5	3	pointer24
0699E8	2	data8
0699EA	2	data16
0699EC	3	pointer24
0699EF	3	data8
0699F2	2	data16
0699F4	3	pointer24
0699F7	2	data8
0699F9	2	data16
0699FB	3	pointer24
0699FE	3	data8
069A01	2	data16
069A03	3	pointer24
069A06	2	data8
069A08	2	data16
069A0A	3	pointer24
069A0D	2	data8
069A0F	2	data16
069A11	3	pointer24
069A14	2	data8
069A16	2	data16
069A18	3	pointer24
069A1B	2	data8
069A1D	2	data16
069A1F	3	pointer24
069A22	2	data8
069A24	2	data16
069A26	3	pointer24
069A29	3	data8
069A2C	2	data16
069A2E	3	pointer24
069A31	2	data8
069A33	2	data16
069A35	3	pointer24
069A38	3	data8
069A3B	2	data16
069A3D	3	pointer24
069A40	2	data8
069A42	2	data16
069A44	3	pointer24
069A47	3	data8
069A4A	2	data16
069A4C	3	pointer24
069A4F	2	data8
069A51	2	data16
069A53	3	pointer24
069A56	2	data8
069A58	2	data16
069A5A	3	pointer24
069A5D	2	data8
069A5F	2	data16
069A61	3	pointer24
069A64	3	data8
069A67	2	data16
069A69	3	pointer24
069A6C	2	data8
069A6E	2	data16
069A70	3	pointer24
069A73	2	data8
069A75	2	data16
069A77	3	pointer24
069A7A	2	data8
069A7C	2	data16
069A7E	3	pointer24
069A81	4	data8
069A85	2	data16
069A87	3	pointer24
069A8A	3	data8
069A8D	2	data16
069A8F	3	pointer24
069A92	3	data8
069A95	2	data16
069A97	3	pointer24
069A9A	3	data8
069A9D	2	data16
069A9F	3	pointer24
069AA2	3	data8
069AA5	2	data16
069AA7	3	pointer24
069AAA	3	data8
069AAD	2	data16
069AAF	3	pointer24
069AB2	2	data8
069AB4	64	pointer16
069AF4	2	data8
069AF6	2	data16
069AF8	3	pointer24
069AFB	4	data16
069AFF	3	pointer24
069B02	4	data16
069B06	3	pointer24
069B09	4	data16
069B0D	3	pointer24
069B10	4	data16
069B14	3	pointer24
069B17	4	data16
069B1B	3	pointer24
069B1E	4	data16
069B22	3	pointer24
069B25	4	data16
069B29	3	pointer24
069B2C	4	data16
069B30	3	pointer24
069B33	4	data16
069B37	3	pointer24
069B3A	4	data16
069B3E	3	pointer24
069B41	4	data16
069B45	3	pointer24
069B48	4	data16
069B4C	3	pointer24
069B4F	4	data16
069B53	3	pointer24
069B56	4	data16
069B5A	3	pointer24
069B5D	4	data16
069B61	3	pointer24
069B64	4	data16
069B68	3	pointer24
069B6B	4	data16
069B6F	3	pointer24
069B72	4	data16
069B76	3	pointer24
069B79	158	data16
069C17	16	pointer16
069C27	629	text
069E9C	6	pointer16
069EA2	628	data16
06A116	18	pointer16
06A128	2	data16
06A12A	2	pointer16
06A12C	1	data8
06A12D	2	data16
06A12F	2	pointer16
06A131	1	data8
06A132	2	data16
06A134	2	pointer16
06A136	1	data8
06A137	2	data16
06A139	2	pointer16
06A13B	1	data8
06A13C	2	data16
06A13E	2	pointer16
06A140	1	data8
06A141	2	data16
06A143	2	pointer16
06A145	1	data8
06A146	2	data16
06A148	2	pointer16
06A14A	1	data8
06A14B	2	data16
06A14D	2	pointer16
06A14F	1	data8
06A150	2	data16
06A152	2	pointer16
06A154	137	data8
06A1DD	906	data16
06A567	1	data8
06A568	124	text
06A5E4	159	data8
06A683	252	data16
06A77F	4	data8
06A783	24	data16
06A79B	1	data8
06A79C	86	data16
06A7F2	3	data8
06A7F5	24	data16
06A80D	2	data8
06A80F	261	unknown
06A914	29	data8
06A931	321	unknown
06AA72	2	data8
06AA74	634	unknown
06ACEE	26	data16
06AD08	44	unknown
06AD34	2	data8
06AD36	64	unknown
06AD76	14	data8
06AD84	180	unknown
06AE38	2	data8
06AE3A	3	unknown
06AE3D	7	data8
06AE44	1646	unknown
06B4B2	175	data8
06B561	1104	unknown
06B9B1	40	data16
06B9D9	162	data8
06BA7B	25	unknown
06BA94	16	data8
06BAA4	2	unknown
06BAA6	12	data8
06BAB2	2	unknown
06BAB4	2	data8
06BAB6	2	unknown
06BAB8	9	data8
06BAC1	4	unknown
06BAC5	1	data8
06BAC6	9	unknown
06BACF	11	data8
06BADA	11	unknown
06BAE5	5	data8
06BAEA	36	unknown
06BB0E	1	data8
06BB0F	1	unknown
06BB10	13	data8
06BB1D	1	unknown
06BB1E	4	data8
06BB22	1	unknown
06BB23	1	data8
06BB24	2	unknown
06BB26	9	data8
06BB2F	1	unknown
06BB30	6	data8
06BB36	1	unknown
06BB37	5	data8
06BB3C	1	unknown
06BB3D	5	data8
06BB42	24	unknown
06BB5A	5	data8
06BB5F	3	unknown
06BB62	5	data8
06BB67	3	unknown
06BB6A	5	data8
06BB6F	3	unknown
06BB72	5	data8
06BB77	3	unknown
06BB7A	5	data8
06BB7F	3	unknown
06BB82	5	data8
06BB87	3	unknown
06BB8A	5	data8
06BB8F	3	unknown
06BB92	5	data8
06BB97	3	unknown
06BB9A	4	data8
06BB9E	1	unknown
06BB9F	1	data8
06BBA0	7	unknown
06BBA7	5	data8
06BBAC	43	unknown
06BBD7	4	data8
06BBDB	128	unknown
06BC5B	4	data8
06BC5F	4	unknown
06BC63	12	data8
06BC6F	12	unknown
06BC7B	4	data8
06BC7F	4	unknown
06BC83	12	data8
06BC8F	12	unknown
06BC9B	4	data8
06BC9F	28	unknown
06BCBB	12	data8
06BCC7	4	unknown
06BCCB	12	data8
06BCD7	4	unknown
06BCDB	64	data8
06BD1B	9	unknown
06BD24	261	data8
06BE29	12	data16
06BE35	4	unknown
06BE39	2	data8
06BE3B	4	unknown
06BE3F	8	data8
06BE47	2	unknown
06BE49	30	data8
06BE67	10	unknown
06BE71	2	data8
06BE73	61	unknown
06BEB0	37	data8
06BED5	3	unknown
06BED8	46	data8
06BF06	1	unknown
06BF07	5	data8
06BF0C	4	unknown
06BF10	40	data8
06BF38	48	unknown
06BF68	8	data8
06BF70	1	unknown
06BF71	14	data8
06BF7F	11	unknown
06BF8A	2	data8
06BF8C	1	unknown
06BF8D	2	data8
06BF8F	21	unknown
06BFA4	14	data8
06BFB2	4	unknown
06BFB6	24	data8
06BFCE	1	unknown
06BFCF	5	data8
06BFD4	8	unknown
06BFDC	12	data8
06BFE8	12	unknown
06BFF4	12	data8
06C000	4	unknown
06C004	8	data8
06C00C	20	unknown
06C020	4	data8
06C024	1	unknown
06C025	5	data8
06C02A	12	unknown
06C036	4	data8
06C03A	629	unknown
06C2AF	4	data8
06C2B3	22	unknown
06C2C9	4	data8
06C2CD	644	unknown
06C551	13	data8
06C55E	27	unknown
06C579	8	data8
06C581	2	unknown
06C583	6	data8
06C589	2	unknown
06C58B	2	data8
06C58D	1182	unknown
06CA2B	20	data8
06CA3F	299	unknown
06CB6A	30	data16
06CB88	112	unknown
06CBF8	57	data8
06CC31	530	unknown
06CE43	4	data8
06CE47	1	unknown
06CE48	89	data8
06CEA1	2	unknown
06CEA3	6	data8
06CEA9	2	unknown
06CEAB	2	data8
06CEAD	2	unknown
06CEAF	2	data8
06CEB1	10	unknown
06CEBB	68	data8
06CEFF	6	unknown
06CF05	4	data8
06CF09	6	unknown
06CF0F	5	data8
06CF14	5	unknown
06CF19	9	data8
06CF22	1	unknown
06CF23	14	data8
06CF31	64	unknown
06CF71	5	data8
06CF76	328	unknown
06D0BE	4	data8
06D0C2	672	unknown
06D362	6	data8
06D368	109	unknown
06D3D5	10	data8
06D3DF	12	data16
06D3EB	13	unknown
06D3F8	16	data16
06D408	1171	unknown
06D89B	4	data8
06D89F	1	unknown
06D8A0	4	data8
06D8A4	1	unknown
06D8A5	4	data8
06D8A9	1	unknown
06D8AA	4	data8
06D8AE	950	unknown
06DC64	2	data8
06DC66	227	unknown
06DD49	4	data8
06DD4D	4	unknown
06DD51	12	data8
06DD5D	345	unknown
06DEB6	96	data8
06DF16	271	unknown
06E025	16	data8
06E035	184	unknown
06E0ED	16	data8
06E0FD	675	unknown
06E3A0	74	code
06E3EA	113	unknown
06E45B	2	data8
06E45D	32	unknown
06E47D	2	data8
06E47F	61	unknown
06E4BC	38	data16
06E4E2	356	pointer16
06E646	1995	data16
06EE11	166	data8
06EEB7	128	unknown
06EF37	40	data16
06EF5F	600	data8
06F1B7	460	data16
06F383	1	data8
06F384	4	data16
06F388	1	unknown
06F389	2	data16
06F38B	1	unknown
06F38C	2	data16
06F38E	1	unknown
06F38F	12	data16
06F39B	1	unknown
06F39C	2	data16
06F39E	1	unknown
06F39F	6	data16
06F3A5	1	unknown
06F3A6	8	data16
06F3AE	1	unknown
06F3AF	2	data16
06F3B1	1	unknown
06F3B2	4	data16
06F3B6	1	unknown
06F3B7	2	data16
06F3B9	1	unknown
06F3BA	2	data16
06F3BC	1	unknown
06F3BD	4	data16
06F3C1	1	unknown
06F3C2	4	data16
06F3C6	1	unknown
06F3C7	4	data16
06F3CB	1	unknown
06F3CC	2	data16
06F3CE	1	unknown
06F3CF	4	data16
06F3D3	1	unknown
06F3D4	18	data16
06F3E6	1	unknown
06F3E7	6	data16
06F3ED	1	unknown
06F3EE	4	data16
06F3F2	1	unknown
06F3F3	2	data16
06F3F5	1	unknown
06F3F6	2	data16
06F3F8	1	unknown
06F3F9	8	data16
06F401	1	unknown
06F402	6	data16
06F408	3	data8
06F40B	4	data16
06F40F	1	unknown
06F410	2	data16
06F412	1	unknown
06F413	22	data16
06F429	2	data8
06F42B	1	unknown
06F42C	14	data16
06F43A	1	unknown
06F43B	2	data16
06F43D	1	unknown
06F43E	4	data16
06F442	1	unknown
06F443	2	data16
06F445	1	unknown
06F446	2	data16
06F448	1	unknown
06F449	8	data16
06F451	1	unknown
06F452	2	data16
06F454	1	unknown
06F455	2	data16
06F457	1	unknown
06F458	20	data16
06F46C	1	unknown
06F46D	2	data16
06F46F	1	unknown
06F470	4	data16
06F474	1	unknown
06F475	2	data16
06F477	1	unknown
06F478	2	data16
06F47A	1	unknown
06F47B	46	data16
06F4A9	1	unknown
06F4AA	2	data16
06F4AC	1	unknown
06F4AD	2	data16
06F4AF	1	unknown
06F4B0	5	data16
06F4B5	1	unknown
06F4B6	10	data16
06F4C0	1	unknown
06F4C1	2	data16
06F4C3	1	unknown
06F4C4	2	data16
06F4C6	1	unknown
06F4C7	14	data16
06F4D5	1	unknown
06F4D6	2	data16
06F4D8	1	unknown
06F4D9	2	data16
06F4DB	1	unknown
06F4DC	14	data16
06F4EA	1	unknown
06F4EB	4	data16
06F4EF	1	unknown
06F4F0	2	data16
06F4F2	1	unknown
06F4F3	4	data16
06F4F7	1	unknown
06F4F8	2	data16
06F4FA	1	unknown
06F4FB	2	data16
06F4FD	1	unknown
06F4FE	6	data16
06F504	1	unknown
06F505	2	data16
06F507	1	unknown
06F508	6	data16
06F50E	1	unknown
06F50F	2	data16
06F511	1	unknown
06F512	2	data16
06F514	1	unknown
06F515	2	data16
06F517	1	unknown
06F518	2	data16
06F51A	1	unknown
06F51B	2	data16
06F51D	1	unknown
06F51E	6	data16
06F524	1	unknown
06F525	2	data16
06F527	1	unknown
06F528	2	data16
06F52A	1	unknown
06F52B	2	data16
06F52D	66	data8
06F56F	120	pointer16
06F5E7	274	data16
06F6F9	3	pointer24
06F6FC	2	data16
06F6FE	3	pointer24
06F701	2	data16
06F703	3	pointer24
06F706	2	data16
06F708	3	pointer24
06F70B	2	data16
06F70D	3	pointer24
06F710	2	data16
06F712	3	pointer24
06F715	2	data16
06F717	3	pointer24
06F71A	2	data16
06F71C	3	pointer24
06F71F	2	data16
06F721	3	pointer24
06F724	2	data16
06F726	3	pointer24
06F729	2	data16
06F72B	3	pointer24
06F72E	2	data16
06F730	3	pointer24
06F733	2	data16
06F735	3	pointer24
06F738	2	data16
06F73A	3	pointer24
06F73D	2	data16
06F73F	3	pointer24
06F742	2	data16
06F744	3	pointer24
06F747	2	data16
06F749	3	pointer24
06F74C	2	data16
06F74E	3	pointer24
06F751	2	data16
06F753	3	pointer24
06F756	2	data16
06F758	3	pointer24
06F75B	2	data16
06F75D	3	pointer24
06F760	2	data16
06F762	3	pointer24
06F765	2	data16
06F767	3	pointer24
06F76A	2	data16
06F76C	3	pointer24
06F76F	2	data16
06F771	3	pointer24
06F774	2	data16
06F776	3	pointer24
06F779	2	data16
06F77B	3	pointer24
06F77E	2	data16
06F780	3	pointer24
06F783	2	data16
06F785	3	pointer24
06F788	2	data16
06F78A	3	pointer24
06F78D	2	data16
06F78F	3	pointer24
06F792	2	data16
06F794	3	pointer24
06F797	2	data16
06F799	3	pointer24
06F79C	2	data16
06F79E	3	pointer24
06F7A1	2	data16
06F7A3	3	pointer24
06F7A6	2	data16
06F7A8	3	pointer24
06F7AB	2	data16
06F7AD	3	pointer24
06F7B0	2	data16
06F7B2	3	pointer24
06F7B5	2	data16
06F7B7	3	pointer24
06F7BA	2	data16
06F7BC	3	pointer24
06F7BF	2	data16
06F7C1	3	pointer24
06F7C4	2	data16
06F7C6	3	pointer24
06F7C9	2	data16
06F7CB	3	pointer24
06F7CE	2	data16
06F7D0	3	pointer24
06F7D3	2	data16
06F7D5	3	pointer24
06F7D8	2	data16
06F7DA	3	pointer24
06F7DD	2	data16
06F7DF	3	pointer24
06F7E2	2	data16
06F7E4	3	pointer24
06F7E7	2	data16
06F7E9	3	pointer24
06F7EC	2	data16
06F7EE	3	pointer24
06F7F1	2	data16
06F7F3	3	pointer24
06F7F6	2	data16
06F7F8	3	pointer24
06F7FB	2	data16
06F7FD	3	pointer24
06F800	2	data16
06F802	3	pointer24
06F805	2	data16
06F807	3	pointer24
06F80A	2	data16
06F80C	3	pointer24
06F80F	2	data16
06F811	3	pointer24
06F814	2	data16
06F816	3	pointer24
06F819	2	data16
06F81B	3	pointer24
06F81E	2	data16
06F820	3	pointer24
06F823	2	data16
06F825	3	pointer24
06F828	2	data16
06F82A	3	pointer24
06F82D	2	data16
06F82F	3	pointer24
06F832	2	data16
06F834	3	pointer24
06F837	2	data16
06F839	3	pointer24
06F83C	2	data16
06F83E	3	pointer24
06F841	2	data16
06F843	3	pointer24
06F846	2	data16
06F848	3	pointer24
06F84B	2	data16
06F84D	3	pointer24
06F850	2	data16
06F852	3	pointer24
06F855	2	data16
06F857	3	pointer24
06F85A	2	data16
06F85C	3	pointer24
06F85F	2	data16
06F861	3	pointer24
06F864	2	data16
06F866	3	pointer24
06F869	2	data16
06F86B	3	pointer24
06F86E	2	data16
06F870	3	pointer24
06F873	2	data16
06F875	3	pointer24
06F878	2	data16
06F87A	3	pointer24
06F87D	2	data16
06F87F	3	pointer24
06F882	2	data16
06F884	3	pointer24
06F887	2	data16
06F889	3	pointer24
06F88C	2	data16
06F88E	3	pointer24
06F891	2	data16
06F893	3	pointer24
06F896	2	data16
06F898	3	pointer24
06F89B	2	data16
06F89D	3	pointer24
06F8A0	2	data16
06F8A2	3	pointer24
06F8A5	2	data16
06F8A7	3	pointer24
06F8AA	2	data16
06F8AC	3	pointer24
06F8AF	2	data16
06F8B1	3	pointer24
06F8B4	2	data16
06F8B6	3	pointer24
06F8B9	2	data16
06F8BB	3	pointer24
06F8BE	2	data16
06F8C0	3	pointer24
06F8C3	2	data16
06F8C5	3	pointer24
06F8C8	2	data16
06F8CA	3	pointer24
06F8CD	2	data16
06F8CF	3	pointer24
06F8D2	2	data16
06F8D4	3	pointer24
06F8D7	2	data16
06F8D9	3	pointer24
06F8DC	2	data16
06F8DE	3	pointer24
06F8E1	2	data16
06F8E3	3	pointer24
06F8E6	2	data16
06F8E8	3	pointer24
06F8EB	2	data16
06F8ED	3	pointer24
06F8F0	2	data16
06F8F2	3	pointer24
06F8F5	2	data16
06F8F7	3	pointer24
06F8FA	2	data16
06F8FC	3	pointer24
06F8FF	2	data16
06F901	3	pointer24
06F904	2	data16
06F906	3	pointer24
06F909	2	data16
06F90B	3	pointer24
06F90E	2	data16
06F910	3	pointer24
06F913	2	data16
06F915	3	pointer24
06F918	2	data16
06F91A	3	pointer24
06F91D	2	data16
06F91F	3	pointer24
06F922	2	data16
06F924	3	pointer24
06F927	2	data16
06F929	3	pointer24
06F92C	2	data16
06F92E	3	pointer24
06F931	2	data16
06F933	3	pointer24
06F936	2	data16
06F938	3	pointer24
06F93B	2	data16
06F93D	3	pointer24
06F940	2	data16
06F942	3	pointer24
06F945	2	data16
06F947	3	pointer24
06F94A	2	data16
06F94C	3	pointer24
06F94F	2	data16
06F951	3	pointer24
06F954	2	data16
06F956	3	pointer24
06F959	2	data16
06F95B	3	pointer24
06F95E	2	data16
06F960	3	pointer24
06F963	2	data16
06F965	3	pointer24
06F968	2	data16
06F96A	3	pointer24
06F96D	2	data16
06F96F	3	pointer24
06F972	2	data16
06F974	3	pointer24
06F977	2	data16
06F979	3	pointer24
06F97C	2	data16
06F97E	3	pointer24
06F981	2	data16
06F983	3	pointer24
06F986	2	data16
06F988	3	pointer24
06F98B	2	data16
06F98D	3	pointer24
06F990	2	data16
06F992	3	pointer24
06F995	2	data16
06F997	3	pointer24
06F99A	2	data16
06F99C	3	pointer24
06F99F	2	data16
06F9A1	3	pointer24
06F9A4	2	data16
06F9A6	3	pointer24
06F9A9	2	data16
06F9AB	3	pointer24
06F9AE	2	data16
06F9B0	3	pointer24
06F9B3	2	data16
06F9B5	3	pointer24
06F9B8	2	data16
06F9BA	3	pointer24
06F9BD	2	data16
06F9BF	3	pointer24
06F9C2	2	data16
06F9C4	3	pointer24
06F9C7	2	data16
06F9C9	3	pointer24
06F9CC	2	data16
06F9CE	3	pointer24
06F9D1	2	data16
06F9D3	3	pointer24
06F9D6	2	data16
06F9D8	3	pointer24
06F9DB	2	data16
06F9DD	3	pointer24
06F9E0	2	data16
06F9E2	3	pointer24
06F9E5	2	data16
06F9E7	3	pointer24
06F9EA	2	data16
06F9EC	3	pointer24
06F9EF	2	data16
06F9F1	3	pointer24
06F9F4	2	data16
06F9F6	3	pointer24
06F9F9	2	data16
06F9FB	3	pointer24
06F9FE	2	data16
06FA00	3	pointer24
06FA03	2	data16
06FA05	3	pointer24
06FA08	2	data16
06FA0A	3	pointer24
06FA0D	2	data16
06FA0F	3	pointer24
06FA12	2	data16
06FA14	3	pointer24
06FA17	2	data16
06FA19	3	pointer24
06FA1C	2	data16
06FA1E	3	pointer24
06FA21	2	data16
06FA23	3	pointer24
06FA26	2	data16
06FA28	3	pointer24
06FA2B	2	data16
06FA2D	3	pointer24
06FA30	2	data16
06FA32	3	pointer24
06FA35	2	data16
06FA37	3	pointer24
06FA3A	2	data16
06FA3C	3	pointer24
06FA3F	2	data16
06FA41	3	pointer24
06FA44	1468	empty
078000	358	code
078166	10	pointer16
078170	203	code
07823B	6	pointer16
078241	150	code
0782D7	4	pointer16
0782DB	94	code
078339	6	pointer16
07833F	197	code
078404	8	pointer16
07840C	128	code
07848C	5	unknown
078491	12	code
07849D	3	unknown
0784A0	61	code
0784DD	4	pointer16
0784E1	216	code
0785B9	6	pointer16
0785BF	137	code
078648	6	pointer16
07864E	165	code
0786F3	14	pointer16
078701	169	code
0787AA	22	unknown
0787C0	19	code
0787D3	174	unknown
078881	58	code
0788BB	6	pointer16
0788C1	123	code
07893C	4	unknown
078940	46	code
07896E	4	pointer16
078972	82	code
0789C4	6	pointer16
0789CA	40	code
0789F2	3	unknown
0789F5	101	code
078A5A	9	unknown
078A63	32	code
078A83	8	pointer16
078A8B	80	code
078ADB	12	pointer16
078AE7	355	code
078C4A	4	unknown
078C4E	58	code
078C88	4	unknown
078C8C	80	code
078CDC	4	unknown
078CE0	18	code
078CF2	10	pointer16
078CFC	5	code
078D01	8	pointer16
078D09	226	code
078DEB	6	pointer16
078DF1	110	code
078E5F	10	pointer16
078E69	226	code
078F4B	10	pointer16
078F55	241	code
079046	10	pointer16
079050	126	code
0790CE	8	pointer16
0790D6	218	code
0791B0	10	pointer16
0791BA	120	code
079232	10	pointer16
07923C	344	code
079394	8	pointer16
07939C	5	code
0793A1	12	pointer16
0793AD	205	code
07947A	6	pointer16
079480	136	code
079508	6	pointer16
07950E	171	code
0795B9	8	pointer16
0795C1	489	code
0797AA	6	pointer16
0797B0	463	code
07997F	8	pointer16
079987	600	code
079BDF	12	pointer16
079BEB	1306	code
07A105	8	pointer16
07A10D	166	code
07A1B3	4	pointer16
07A1B7	269	code
07A2C4	6	pointer16
07A2CA	516	code
07A4CE	4	pointer16
07A4D2	270	code
07A5E0	6	pointer16
07A5E6	1022	code
07A9E4	6	pointer16
07A9EA	100	code
07AA4E	8	pointer16
07AA56	5	code
07AA5B	6	pointer16
07AA61	127	code
07AAE0	6	pointer16
07AAE6	194	code
07ABA8	6	pointer16
07ABAE	82	code
07AC00	20	pointer16
07AC14	5	code
07AC19	6	pointer16
07AC1F	351	code
07AD7E	8	pointer16
07AD86	149	code
07AE1B	6	pointer16
07AE21	70	code
07AE67	6	pointer16
07AE6D	312	code
07AFA5	12	pointer16
07AFB1	66	code
07AFF3	260	unknown
07B0F7	386	code
07B279	10	pointer16
07B283	184	code
07B33B	17	unknown
07B34C	271	code
07B45B	6	pointer16
07B461	111	code
07B4D0	6	unknown
07B4D6	15	code
07B4E5	13	unknown
07B4F2	56	code
07B52A	3	unknown
07B52D	163	code
07B5D0	12	pointer16
07B5DC	576	code
07B81C	8	pointer16
07B824	268	code
07B930	6	pointer16
07B936	88	code
07B98E	21	unknown
07B9A3	42	code
07B9CD	23	unknown
07B9E4	51	code
07BA17	45	unknown
07BA44	96	code
07BAA4	8	pointer16
07BAAC	353	code
07BC0D	6	pointer16
07BC13	185	code
07BCCC	6	pointer16
07BCD2	217	code
07BDAB	10	pointer16
07BDB5	318	code
07BEF3	36	unknown
07BF17	8	code
07BF1F	3	unknown
07BF22	349	code
07C07F	6	pointer16
07C085	75	code
07C0D0	6	pointer16
07C0D6	50	code
07C108	6	pointer16
07C10E	104	code
07C176	10	pointer16
07C180	163	code
07C223	7	unknown
07C22A	354	code
07C38C	6	pointer16
07C392	114	code
07C404	8	pointer16
07C40C	5	code
07C411	6	pointer16
07C417	80	code
07C467	8	pointer16
07C46F	103	code
07C4D6	10	pointer16
07C4E0	188	code
07C59C	61	unknown
07C5D9	394	code
07C763	6	pointer16
07C769	54	code
07C79F	10	pointer16
07C7A9	515	code
07C9AC	8	pointer16
07C9B4	204	code
07CA80	6	pointer16
07CA86	218	code
07CB60	10	pointer16
07CB6A	197	code
07CC2F	6	pointer16
07CC35	130	code
07CCB7	18	pointer16
07CCC9	846	code
07D017	6	pointer16
07D01D	167	code
07D0C4	8	pointer16
07D0CC	167	code
07D173	6	pointer16
07D179	102	code
07D1DF	10	pointer16
07D1E9	534	code
07D3FF	6	pointer16
07D405	109	code
07D472	32	unknown
07D492	50	code
07D4C4	15	unknown
07D4D3	67	code
07D516	9	unknown
07D51F	37	code
07D544	10	unknown
07D54E	251	code
07D649	8	pointer16
07D651	528	code
07D861	8	pointer16
07D869	94	code
07D8C7	10	pointer16
07D8D1	337	code
07DA22	8	pointer16
07DA2A	5	code
07DA2F	8	pointer16
07DA37	29	code
07DA54	5	unknown
07DA59	223	code
07DB38	12	pointer16
07DB44	317	code
07DC81	8	pointer16
07DC89	131	code
07DD0C	3	unknown
07DD0F	39	code
07DD36	8	pointer16
07DD3E	443	code
07DEF9	6	pointer16
07DEFF	321	code
07E040	6	pointer16
07E046	213	code
07E11B	4	pointer16
07E11F	81	code
07E170	5	unknown
07E175	329	code
07E2BE	6	pointer16
07E2C4	201	code
07E38D	10	pointer16
07E397	500	code
07E58B	6	pointer16
07E591	211	code
07E664	3	unknown
07E667	410	code
07E801	18	pointer16
07E813	170	code
07E8BD	3	unknown
07E8C0	32	code
07E8E0	9	unknown
07E8E9	31	code
07E908	4	unknown
07E90C	133	code
07E991	26	unknown
07E9AB	48	code
07E9DB	21	unknown
07E9F0	1	code
07E9F1	36	unknown
07EA15	138	code
07EA9F	35	unknown
07EAC2	13	code
07EACF	11	unknown
07EADA	89	code
07EB33	4	pointer16
07EB37	138	code
07EBC1	4	unknown
07EBC5	109	code
07EC32	8	pointer16
07EC3A	16	code
07EC4A	5	unknown
07EC4F	323	code
07ED92	8	pointer16
07ED9A	273	code
07EEAB	6	pointer16
07EEB1	234	code
07EF9B	10	pointer16
07EFA5	367	code
07F114	3	unknown
07F117	41	code
07F140	8	pointer16
07F148	178	code
07F1FA	85	unknown
07F24F	10	code
07F259	4	unknown
07F25D	66	code
07F29F	33	unknown
07F2C0	44	code
07F2EC	2	unknown
07F2EE	108	code
07F35A	51	unknown
07F38D	212	code
07F461	2	pointer16
07F463	96	code
07F4C3	4	pointer16
07F4C7	137	code
07F550	10	unknown
07F55A	115	code
07F5CD	4	unknown
07F5D1	18	code
07F5E3	8	unknown
07F5EB	37	code
07F610	12	pointer16
07F61C	138	code
07F6A6	20	unknown
07F6BA	6	code
07F6C0	8	unknown
07F6C8	212	code
07F79C	8	pointer16
07F7A4	252	code
07F8A0	1095	unknown
07FCE7	17	code
07FCF8	4	pointer16
07FCFC	88	code
07FD54	6	pointer16
07FD5A	379	code
07FED5	299	empty
088000	77	code
08804D	6	pointer16
088053	187	code
08810E	4	pointer16
088112	131	code
088195	10	pointer16
08819F	565	code
0883D4	8	pointer16
0883DC	323	code
08851F	4	pointer16
088523	32	code
088543	8	pointer16
08854B	177	code
0885FC	16	pointer16
08860C	433	code
0887BD	14	pointer16
0887CB	5	code
0887D0	12	pointer16
0887DC	299	code
088907	8	pointer16
08890F	79	code
08895E	20	pointer16
088972	378	code
088AEC	8	pointer16
088AF4	112	code
088B64	6	pointer16
088B6A	106	code
088BD4	6	pointer16
088BDA	186	code
088C94	6	pointer16
088C9A	674	code
088F3C	6	pointer16
088F42	207	code
089011	12	pointer16
08901D	5	code
089022	6	pointer16
089028	71	code
08906F	11	unknown
08907A	62	code
0890B8	3	unknown
0890BB	11	code
0890C6	11	unknown
0890D1	47	code
089100	6	pointer16
089106	56	code
08913E	3	unknown
089141	77	code
08918E	66	unknown
0891D0	48	code
089200	6	pointer16
089206	47	code
089235	7	unknown
08923C	11	code
089247	21	unknown
08925C	333	code
0893A9	6	pointer16
0893AF	5	code
0893B4	6	pointer16
0893BA	223	code
089499	12	pointer16
0894A5	205	code
089572	26	pointer16
08958C	563	code
0897BF	6	pointer16
0897C5	198	code
08988B	10	pointer16
089895	245	code
08998A	8	pointer16
089992	145	code
089A23	6	pointer16
089A29	445	code
089BE6	8	pointer16
089BEE	115	code
089C61	14	pointer16
089C6F	445	code
089E2C	12	pointer16
089E38	5	code
089E3D	8	pointer16
089E45	228	code
089F29	14	pointer16
089F37	295	code
08A05E	10	pointer16
08A068	267	code
08A173	10	pointer16
08A17D	238	code
08A26B	10	pointer16
08A275	287	code
08A394	8	pointer16
08A39C	95	code
08A3FB	16	pointer16
08A40B	19	code
08A41E	14	pointer16
08A42C	245	code
08A521	6	pointer16
08A527	138	code
08A5B1	6	pointer16
08A5B7	116	code
08A62B	14	pointer16
08A639	145	code
08A6CA	6	pointer16
08A6D0	61	code
08A70D	6	pointer16
08A713	133	code
08A798	6	pointer16
08A79E	131	code
08A821	8	pointer16
08A829	353	code
08A98A	6	pointer16
08A990	5	code
08A995	12	pointer16
08A9A1	232	code
08AA89	6	pointer16
08AA8F	55	code
08AAC6	6	pointer16
08AACC	176	code
08AB7C	8	pointer16
08AB84	97	code
08ABE5	12	pointer16
08ABF1	543	code
08AE10	6	pointer16
08AE16	115	code
08AE89	10	pointer16
08AE93	31	code
08AEB2	12	pointer16
08AEBE	181	code
08AF73	10	pointer16
08AF7D	101	code
08AFE2	14	pointer16
08AFF0	192	code
08B0B0	10	pointer16
08B0BA	141	code
08B147	3	unknown
08B14A	4	code
08B14E	3	unknown
08B151	202	code
08B21B	6	pointer16
08B221	115	code
08B294	8	pointer16
08B29C	29	code
08B2B9	6	pointer16
08B2BF	223	code
08B39E	6	pointer16
08B3A4	179	code
08B457	6	pointer16
08B45D	57	code
08B496	6	pointer16
08B49C	5	code
08B4A1	10	pointer16
08B4AB	483	code
08B68E	6	pointer16
08B694	134	code
08B71A	18	pointer16
08B72C	58	code
08B766	6	pointer16
08B76C	123	code
08B7E7	6	pointer16
08B7ED	132	code
08B871	6	pointer16
08B877	229	code
08B95C	6	pointer16
08B962	111	code
08B9D1	10	pointer16
08B9DB	200	code
08BAA3	16	pointer16
08BAB3	269	code
08BBC0	12	pointer16
08BBCC	493	code
08BDB9	6	pointer16
08BDBF	55	code
08BDF6	16	pointer16
08BE06	327	code
08BF4D	6	pointer16
08BF53	5	code
08BF58	6	pointer16
08BF5E	193	code
08C01F	14	pointer16
08C02D	47	code
08C05C	6	pointer16
08C062	212	code
08C136	6	pointer16
08C13C	151	code
08C1D3	6	pointer16
08C1D9	68	code
08C21D	10	pointer16
08C227	109	code
08C294	8	pointer16
08C29C	283	code
08C3B7	20	pointer16
08C3CB	49	code
08C3FC	8	pointer16
08C404	140	code
08C490	8	pointer16
08C498	249	code
08C591	14	pointer16
08C59F	414	code
08C73D	16	pointer16
08C74D	5	code
08C752	6	pointer16
08C758	141	code
08C7E5	6	pointer16
08C7EB	313	code
08C924	6	pointer16
08C92A	137	code
08C9B3	6	pointer16
08C9B9	289	code
08CADA	12	pointer16
08CAE6	346	code
08CC40	8	pointer16
08CC48	244	code
08CD3C	18	pointer16
08CD4E	520	code
08CF56	16	pointer16
08CF66	345	code
08D0BF	6	pointer16
08D0C5	130	code
08D147	4	pointer16
08D14B	127	code
08D1CA	6	pointer16
08D1D0	95	code
08D22F	16	pointer16
08D23F	5	code
08D244	6	pointer16
08D24A	66	code
08D28C	6	pointer16
08D292	123	code
08D30D	6	pointer16
08D313	75	code
08D35E	6	pointer16
08D364	111	code
08D3D3	8	pointer16
08D3DB	85	code
08D430	14	pointer16
08D43E	255	code
08D53D	14	pointer16
08D54B	307	code
08D67E	14	pointer16
08D68C	466	code
08D85E	6	pointer16
08D864	88	code
08D8BC	4	pointer16
08D8C0	241	code
08D9B1	10	pointer16
08D9BB	292	code
08DADF	8	pointer16
08DAE7	86	code
08DB3D	14	pointer16
08DB4B	451	code
08DD0E	8	pointer16
08DD16	6	code
08DD1C	14	pointer16
08DD2A	400	code
08DEBA	8	pointer16
08DEC2	206	code
08DF90	6	pointer16
08DF96	361	code
08E0FF	14	pointer16
08E10D	631	code
08E384	4	pointer16
08E388	121	code
08E401	16	pointer16
08E411	314	code
08E54B	12	pointer16
08E557	173	code
08E604	14	pointer16
08E612	272	code
08E722	8	pointer16
08E72A	86	code
08E780	8	pointer16
08E788	294	code
08E8AE	6	pointer16
08E8B4	492	code
08EAA0	4	pointer16
08EAA4	172	code
08EB50	6	pointer16
08EB56	204	code
08EC22	6	pointer16
08EC28	21	code
08EC3D	6	pointer16
08EC43	100	code
08ECA7	4953	empty
098000	9	data8
098009	39	unknown
098030	6	data8
098036	3	unknown
098039	21	data8
09804E	15	unknown
09805D	3	data8
098060	3	unknown
098063	3	data8
098066	18	unknown
098078	3	data8
09807B	69	unknown
0980C0	24	data8
0980D8	3	unknown
0980DB	2789	data8
098BC0	1	unknown
098BC1	10892	data8
09B64D	1	unknown
09B64E	18866	data8
0A8000	12676	data8
0AB184	1	unknown
0AB185	2338	data8
0ABAA7	1710	unknown
0AC155	15792	data8
0AFF05	251	unknown
0B8000	5085	unknown
0B93DD	1300	data8
0B98F1	468	unknown
0B9AC5	708	data8
0B9D89	2634	unknown
0BA7D3	1072	data8
0BAC03	7308	unknown
0BC88F	4689	data8
0BDAE0	1	unknown
0BDAE1	3726	data8
0BE96F	1	unknown
0BE970	1791	data8
0BF06F	1	unknown
0BF070	819	data8
0BF3A3	1	unknown
0BF3A4	1997	data8
0BFB71	1	unknown
0BFB72	1166	data8
0C8000	552	data8
0C8228	1	unknown
0C8229	1097	data16
0C8672	81	data8
0C86C3	18749	unknown
0CD000	4096	graphics
0CE000	8192	data8
0D8000	10839	pointer24
0DAA57	5	data8
0DAA5C	28	data32
0DAA78	1	data8
0DAA79	36	data32
0DAA9D	1	data8
0DAA9E	36	data32
0DAAC2	1	data8
0DAAC3	20	data32
0DAAD7	1	data8
0DAAD8	20	data32
0DAAEC	1	data8
0DAAED	24	data32
0DAB05	1	data8
0DAB06	36	data32
0DAB2A	1	data8
0DAB2B	28	data32
0DAB47	1	data8
0DAB48	20	data32
0DAB5C	1	data8
0DAB5D	36	data32
0DAB81	1	data8
0DAB82	40	data32
0DABAA	1	data8
0DABAB	36	data32
0DABCF	1	data8
0DABD0	40	data32
0DABF8	1	data8
0DABF9	20	data32
0DAC0D	1	data8
0DAC0E	28	data32
0DAC2A	1	data8
0DAC2B	32	data32
0DAC4B	1	data8
0DAC4C	24	data32
0DAC64	1	data8
0DAC65	32	data32
0DAC85	1	data8
0DAC86	28	data32
0DACA2	1	data8
0DACA3	40	data32
0DACCB	1	data8
0DACCC	28	data32
0DACE8	1	data8
0DACE9	24	data32
0DAD01	1	data8
0DAD02	32	data32
0DAD22	1	data8
0DAD23	28	data32
0DAD3F	1	data8
0DAD40	32	data32
0DAD60	1	data8
0DAD61	40	data32
0DAD89	1	data8
0DAD8A	32	data32
0DADAA	1	data8
0DADAB	40	data32
0DADD3	1	data8
0DADD4	44	data32
0DAE00	1	data8
0DAE01	32	data32
0DAE21	1	data8
0DAE22	36	data32
0DAE46	1	data8
0DAE47	36	data32
0DAE6B	1	data8
0DAE6C	28	data32
0DAE88	1	data8
0DAE89	36	data32
0DAEAD	1	data8
0DAEAE	44	data32
0DAEDA	1	data8
0DAEDB	36	data32
0DAEFF	1	data8
0DAF00	48	data32
0DAF30	1	data8
0DAF31	48	data32
0DAF61	1	data8
0DAF62	32	data32
0DAF82	1	data8
0DAF83	44	data32
0DAFAF	1	data8
0DAFB0	48	data32
0DAFE0	1	data8
0DAFE1	32	data32
0DB001	1	data8
0DB002	52	data32
0DB036	1	data8
0DB037	32	data32
0DB057	1	data8
0DB058	44	data32
0DB084	1	data8
0DB085	44	data32
0DB0B1	1	data8
0DB0B2	32	data32
0DB0D2	1	data8
0DB0D3	52	data32
0DB107	1	data8
0DB108	32	data32
0DB128	1	data8
0DB129	28	data32
0DB145	1	data8
0DB146	28	data32
0DB162	1	data8
0DB163	36	data32
0DB187	1	data8
0DB188	36	data32
0DB1AC	1	data8
0DB1AD	24	data32
0DB1C5	1	data8
0DB1C6	20	data32
0DB1DA	1	data8
0DB1DB	16	data32
0DB1EB	1	data8
0DB1EC	4	data32
0DB1F0	1	data8
0DB1F1	24	data32
0DB209	1	data8
0DB20A	24	data32
0DB222	1	data8
0DB223	24	data32
0DB23B	1	data8
0DB23C	28	data32
0DB258	1	data8
0DB259	28	data32
0DB275	1	data8
0DB276	56	data32
0DB2AE	1	data8
0DB2AF	56	data32
0DB2E7	1	data8
0DB2E8	84	data32
0DB33C	1	data8
0DB33D	108	data32
0DB3A9	1	data8
0DB3AA	32	data32
0DB3CA	1	data8
0DB3CB	16	data32
0DB3DB	1	data8
0DB3DC	20	data32
0DB3F0	1	data8
0DB3F1	20	data32
0DB405	1	data8
0DB406	16	data32
0DB416	1	data8
0DB417	32	data32
0DB437	1	data8
0DB438	20	data32
0DB44C	1	data8
0DB44D	16	data32
0DB45D	1	data8
0DB45E	28	data32
0DB47A	1	data8
0DB47B	28	data32
0DB497	1	data8
0DB498	20	data32
0DB4AC	1	data8
0DB4AD	24	data32
0DB4C5	1	data8
0DB4C6	52	data32
0DB4FA	1	data8
0DB4FB	36	data32
0DB51F	1	data8
0DB520	36	data32
0DB544	1	data8
0DB545	4	data32
0DB549	1	data8
0DB54A	4	data32
0DB54E	1	data8
0DB54F	36	data32
0DB573	1	data8
0DB574	36	data32
0DB598	1	data8
0DB599	36	data32
0DB5BD	1	data8
0DB5BE	32	data32
0DB5DE	1	data8
0DB5DF	20	data32
0DB5F3	1	data8
0DB5F4	24	data32
0DB60C	1	data8
0DB60D	24	data32
0DB625	1	data8
0DB626	56	data32
0DB65E	1	data8
0DB65F	64	data32
0DB69F	1	data8
0DB6A0	76	data32
0DB6EC	1	data8
0DB6ED	28	data32
0DB709	1	data8
0DB70A	48	data32
0DB73A	1	data8
0DB73B	72	data32
0DB783	1	data8
0DB784	52	data32
0DB7B8	1	data8
0DB7B9	16	data32
0DB7C9	1	data8
0DB7CA	16	data32
0DB7DA	1	data8
0DB7DB	20	data32
0DB7EF	1	data8
0DB7F0	20	data32
0DB804	1	data8
0DB805	20	data32
0DB819	1	data8
0DB81A	16	data32
0DB82A	1	data8
0DB82B	16	data32
0DB83B	1	data8
0DB83C	16	data32
0DB84C	1	data8
0DB84D	16	data32
0DB85D	1	data8
0DB85E	20	data32
0DB872	1	data8
0DB873	4	data32
0DB877	1	data8
0DB878	8	data32
0DB880	1	data8
0DB881	8	data32
0DB889	1	data8
0DB88A	16	data32
0DB89A	1	data8
0DB89B	16	data32
0DB8AB	1	data8
0DB8AC	20	data32
0DB8C0	1	data8
0DB8C1	32	data32
0DB8E1	1	data8
0DB8E2	32	data32
0DB902	1	data8
0DB903	32	data32
0DB923	1	data8
0DB924	24	data32
0DB93C	1	data8
0DB93D	20	data32
0DB951	1	data8
0DB952	20	data32
0DB966	1	data8
0DB967	32	data32
0DB987	1	data8
0DB988	20	data32
0DB99C	1	data8
0DB99D	24	data32
0DB9B5	1	data8
0DB9B6	20	data32
0DB9CA	1	data8
0DB9CB	16	data32
0DB9DB	1	data8
0DB9DC	16	data32
0DB9EC	1	data8
0DB9ED	16	data32
0DB9FD	1	data8
0DB9FE	40	data32
0DBA26	1	data8
0DBA27	36	data32
0DBA4B	1	data8
0DBA4C	32	data32
0DBA6C	1	data8
0DBA6D	32	data32
0DBA8D	1	data8
0DBA8E	36	data32
0DBAB2	1	data8
0DBAB3	4	data32
0DBAB7	1	data8
0DBAB8	4	data32
0DBABC	1	data8
0DBABD	4	data32
0DBAC1	1	data8
0DBAC2	4	data32
0DBAC6	1	data8
0DBAC7	4	data32
0DBACB	1	data8
0DBACC	4	data32
0DBAD0	1	data8
0DBAD1	4	data32
0DBAD5	1	data8
0DBAD6	4	data32
0DBADA	1	data8
0DBADB	4	data32
0DBADF	1	data8
0DBAE0	148	data32
0DBB74	1	data8
0DBB75	168	data32
0DBC1D	1	data8
0DBC1E	168	data32
0DBCC6	1	data8
0DBCC7	144	data32
0DBD57	1	data8
0DBD58	148	data32
0DBDEC	1	data8
0DBDED	140	data32
0DBE79	1	data8
0DBE7A	152	data32
0DBF12	1	data8
0DBF13	28	data32
0DBF2F	1	data8
0DBF30	28	data32
0DBF4C	1	data8
0DBF4D	32	data32
0DBF6D	1	data8
0DBF6E	24	data32
0DBF86	1	data8
0DBF87	32	data32
0DBFA7	1	data8
0DBFA8	28	data32
0DBFC4	1	data8
0DBFC5	28	data32
0DBFE1	1	data8
0DBFE2	156	data32
0DC07E	1	data8
0DC07F	156	data32
0DC11B	1	data8
0DC11C	156	data32
0DC1B8	1	data8
0DC1B9	148	data32
0DC24D	1	data8
0DC24E	148	data32
0DC2E2	1	data8
0DC2E3	168	data32
0DC38B	1	data8
0DC38C	168	data32
0DC434	1	data8
0DC435	168	data32
0DC4DD	1	data8
0DC4DE	168	data32
0DC586	1	data8
0DC587	168	data32
0DC62F	1	data8
0DC630	168	data32
0DC6D8	1	data8
0DC6D9	152	data32
0DC771	1	data8
0DC772	28	data32
0DC78E	1	data8
0DC78F	28	data32
0DC7AB	1	data8
0DC7AC	28	data32
0DC7C8	1	data8
0DC7C9	32	data32
0DC7E9	1	data8
0DC7EA	28	data32
0DC806	1	data8
0DC807	24	data32
0DC81F	1	data8
0DC820	28	data32
0DC83C	1	data8
0DC83D	32	data32
0DC85D	1	data8
0DC85E	24	data32
0DC876	1	data8
0DC877	28	data32
0DC893	1	data8
0DC894	24	data32
0DC8AC	1	data8
0DC8AD	24	data32
0DC8C5	1	data8
0DC8C6	28	data32
0DC8E2	1	data8
0DC8E3	32	data32
0DC903	1	data8
0DC904	152	data32
0DC99C	1	data8
0DC99D	152	data32
0DCA35	1	data8
0DCA36	28	data32
0DCA52	1	data8
0DCA53	28	data32
0DCA6F	1	data8
0DCA70	4	data32
0DCA74	1	data8
0DCA75	4	data32
0DCA79	1	data8
0DCA7A	4	data32
0DCA7E	1	data8
0DCA7F	4	data32
0DCA83	1	data8
0DCA84	36	data32
0DCAA8	1	data8
0DCAA9	16	data32
0DCAB9	1	data8
0DCABA	40	data32
0DCAE2	1	data8
0DCAE3	40	data32
0DCB0B	1	data8
0DCB0C	28	data32
0DCB28	1	data8
0DCB29	40	data32
0DCB51	1	data8
0DCB52	44	data32
0DCB7E	1	data8
0DCB7F	32	data32
0DCB9F	1	data8
0DCBA0	16	data32
0DCBB0	1	data8
0DCBB1	28	data32
0DCBCD	1	data8
0DCBCE	4	data32
0DCBD2	1	data8
0DCBD3	4	data32
0DCBD7	1	data8
0DCBD8	4	data32
0DCBDC	1	data8
0DCBDD	4	data32
0DCBE1	1	data8
0DCBE2	16	data32
0DCBF2	1	data8
0DCBF3	16	data32
0DCC03	1	data8
0DCC04	8	data32
0DCC0C	1	data8
0DCC0D	184	data32
0DCCC5	1	data8
0DCCC6	184	data32
0DCD7E	1	data8
0DCD7F	184	data32
0DCE37	1	data8
0DCE38	176	data32
0DCEE8	1	data8
0DCEE9	180	data32
0DCF9D	1	data8
0DCF9E	176	data32
0DD04E	1	data8
0DD04F	4	data32
0DD053	1	data8
0DD054	4	data32
0DD058	1	data8
0DD059	16	data32
0DD069	1	data8
0DD06A	16	data32
0DD07A	1	data8
0DD07B	16	data32
0DD08B	1	data8
0DD08C	4	data32
0DD090	1	data8
0DD091	4	data32
0DD095	1	data8
0DD096	4	data32
0DD09A	1	data8
0DD09B	4	data32
0DD09F	1	data8
0DD0A0	4	data32
0DD0A4	1	data8
0DD0A5	4	data32
0DD0A9	1	data8
0DD0AA	4	data32
0DD0AE	1	data8
0DD0AF	4	data32
0DD0B3	1	data8
0DD0B4	16	data32
0DD0C4	1	data8
0DD0C5	16	data32
0DD0D5	1	data8
0DD0D6	20	data32
0DD0EA	1	data8
0DD0EB	16	data32
0DD0FB	1	data8
0DD0FC	16	data32
0DD10C	1	data8
0DD10D	16	data32
0DD11D	1	data8
0DD11E	24	data32
0DD136	1	data8
0DD137	8	data32
0DD13F	1	data8
0DD140	4	data32
0DD144	1	data8
0DD145	4	data32
0DD149	1	data8
0DD14A	4	data32
0DD14E	1	data8
0DD14F	56	data32
0DD187	1	data8
0DD188	60	data32
0DD1C4	1	data8
0DD1C5	60	data32
0DD201	1	data8
0DD202	56	data32
0DD23A	1	data8
0DD23B	60	data32
0DD277	1	data8
0DD278	60	data32
0DD2B4	1	data8
0DD2B5	56	data32
0DD2ED	1	data8
0DD2EE	56	data32
0DD326	1	data8
0DD327	56	data32
0DD35F	1	data8
0DD360	52	data32
0DD394	1	data8
0DD395	52	data32
0DD3C9	1	data8
0DD3CA	52	data32
0DD3FE	1	data8
0DD3FF	52	data32
0DD433	1	data8
0DD434	52	data32
0DD468	1	data8
0DD469	52	data32
0DD49D	1	data8
0DD49E	52	data32
0DD4D2	1	data8
0DD4D3	52	data32
0DD507	1	data8
0DD508	52	data32
0DD53C	1	data8
0DD53D	56	data32
0DD575	1	data8
0DD576	52	data32
0DD5AA	1	data8
0DD5AB	44	data32
0DD5D7	1	data8
0DD5D8	24	data32
0DD5F0	1	data8
0DD5F1	8	data32
0DD5F9	1	data8
0DD5FA	4	data32
0DD5FE	1	data8
0DD5FF	8	data32
0DD607	1	data8
0DD608	68	data32
0DD64C	1	data8
0DD64D	68	data32
0DD691	1	data8
0DD692	60	data32
0DD6CE	1	data8
0DD6CF	56	data32
0DD707	1	data8
0DD708	48	data32
0DD738	1	data8
0DD739	48	data32
0DD769	1	data8
0DD76A	72	data32
0DD7B2	1	data8
0DD7B3	60	data32
0DD7EF	1	data8
0DD7F0	56	data32
0DD828	1	data8
0DD829	72	data32
0DD871	1	data8
0DD872	76	data32
0DD8BE	1	data8
0DD8BF	76	data32
0DD90B	1	data8
0DD90C	88	data32
0DD964	1	data8
0DD965	76	data32
0DD9B1	1	data8
0DD9B2	88	data32
0DDA0A	1	data8
0DDA0B	4	data32
0DDA0F	1	data8
0DDA10	4	data32
0DDA14	1	data8
0DDA15	4	data32
0DDA19	1	data8
0DDA1A	4	data32
0DDA1E	1	data8
0DDA1F	4	data32
0DDA23	1	data8
0DDA24	4	data32
0DDA28	1	data8
0DDA29	4	data32
0DDA2D	1	data8
0DDA2E	12	data32
0DDA3A	1	data8
0DDA3B	12	data32
0DDA47	1	data8
0DDA48	20	data32
0DDA5C	1	data8
0DDA5D	20	data32
0DDA71	1	data8
0DDA72	24	data32
0DDA8A	1	data8
0DDA8B	20	data32
0DDA9F	1	data8
0DDAA0	12	data32
0DDAAC	1	data8
0DDAAD	12	data32
0DDAB9	1	data8
0DDABA	8	data32
0DDAC2	1	data8
0DDAC3	12	data32
0DDACF	1	data8
0DDAD0	12	data32
0DDADC	1	data8
0DDADD	8	data32
0DDAE5	1	data8
0DDAE6	4	data32
0DDAEA	1	data8
0DDAEB	4	data32
0DDAEF	1	data8
0DDAF0	4	data32
0DDAF4	1	data8
0DDAF5	4	data32
0DDAF9	1	data8
0DDAFA	4	data32
0DDAFE	1	data8
0DDAFF	4	data32
0DDB03	1	data8
0DDB04	20	data32
0DDB18	1	data8
0DDB19	28	data32
0DDB35	1	data8
0DDB36	16	data32
0DDB46	1	data8
0DDB47	28	data32
0DDB63	1	data8
0DDB64	20	data32
0DDB78	1	data8
0DDB79	16	data32
0DDB89	1	data8
0DDB8A	20	data32
0DDB9E	1	data8
0DDB9F	24	data32
0DDBB7	1	data8
0DDBB8	16	data32
0DDBC8	1	data8
0DDBC9	12	data32
0DDBD5	1	data8
0DDBD6	44	data32
0DDC02	1	data8
0DDC03	64	data32
0DDC43	1	data8
0DDC44	92	data32
0DDCA0	1	data8
0DDCA1	4	data32
0DDCA5	1	data8
0DDCA6	4	data32
0DDCAA	1	data8
0DDCAB	8	data32
0DDCB3	1	data8
0DDCB4	8	data32
0DDCBC	1	data8
0DDCBD	8	data32
0DDCC5	1	data8
0DDCC6	8	data32
0DDCCE	1	data8
0DDCCF	8	data32
0DDCD7	1	data8
0DDCD8	8	data32
0DDCE0	1	data8
0DDCE1	8	data32
0DDCE9	1	data8
0DDCEA	8	data32
0DDCF2	1	data8
0DDCF3	16	data32
0DDD03	1	data8
0DDD04	16	data32
0DDD14	1	data8
0DDD15	16	data32
0DDD25	1	data8
0DDD26	16	data32
0DDD36	1	data8
0DDD37	8	data32
0DDD3F	1	data8
0DDD40	16	data32
0DDD50	1	data8
0DDD51	24	data32
0DDD69	1	data8
0DDD6A	24	data32
0DDD82	1	data8
0DDD83	16	data32
0DDD93	1	data8
0DDD94	32	data32
0DDDB4	1	data8
0DDDB5	32	data32
0DDDD5	1	data8
0DDDD6	32	data32
0DDDF6	1	data8
0DDDF7	16	data32
0DDE07	1	data8
0DDE08	16	data32
0DDE18	1	data8
0DDE19	48	data32
0DDE49	1	data8
0DDE4A	16	data32
0DDE5A	1	data8
0DDE5B	16	data32
0DDE6B	1	data8
0DDE6C	4	data32
0DDE70	1	data8
0DDE71	4	data32
0DDE75	1	data8
0DDE76	4	data32
0DDE7A	1	data8
0DDE7B	16	data32
0DDE8B	1	data8
0DDE8C	16	data32
0DDE9C	1	data8
0DDE9D	16	data32
0DDEAD	1	data8
0DDEAE	4	data32
0DDEB2	1	data8
0DDEB3	4	data32
0DDEB7	1	data8
0DDEB8	12	data32
0DDEC4	1	data8
0DDEC5	12	data32
0DDED1	1	data8
0DDED2	20	data32
0DDEE6	1	data8
0DDEE7	24	data32
0DDEFF	1	data8
0DDF00	16	data32
0DDF10	1	data8
0DDF11	16	data32
0DDF21	1	data8
0DDF22	16	data32
0DDF32	1	data8
0DDF33	28	data32
0DDF4F	1	data8
0DDF50	40	data32
0DDF78	1	data8
0DDF79	16	data32
0DDF89	1	data8
0DDF8A	8	data32
0DDF92	1	data8
0DDF93	8	data32
0DDF9B	1	data8
0DDF9C	8	data32
0DDFA4	1	data8
0DDFA5	16	data32
0DDFB5	1	data8
0DDFB6	16	data32
0DDFC6	1	data8
0DDFC7	16	data32
0DDFD7	1	data8
0DDFD8	16	data32
0DDFE8	1	data8
0DDFE9	4	data32
0DDFED	1	data8
0DDFEE	4	data32
0DDFF2	1	data8
0DDFF3	4	data32
0DDFF7	1	data8
0DDFF8	4	data32
0DDFFC	1	data8
0DDFFD	4	data32
0DE001	1	data8
0DE002	4	data32
0DE006	1	data8
0DE007	4	data32
0DE00B	1	data8
0DE00C	4	data32
0DE010	1	data8
0DE011	4	data32
0DE015	1	data8
0DE016	16	data32
0DE026	1	data8
0DE027	16	data32
0DE037	1	data8
0DE038	16	data32
0DE048	1	data8
0DE049	4	data32
0DE04D	1	data8
0DE04E	4	data32
0DE052	1	data8
0DE053	4	data32
0DE057	1	data8
0DE058	4	data32
0DE05C	1	data8
0DE05D	16	data32
0DE06D	1	data8
0DE06E	16	data32
0DE07E	1	data8
0DE07F	16	data32
0DE08F	1	data8
0DE090	16	data32
0DE0A0	1	data8
0DE0A1	16	data32
0DE0B1	1	data8
0DE0B2	16	data32
0DE0C2	1	data8
0DE0C3	8	data32
0DE0CB	1	data8
0DE0CC	8	data32
0DE0D4	1	data8
0DE0D5	8	data32
0DE0DD	1	data8
0DE0DE	8	data32
0DE0E6	1	data8
0DE0E7	56	data32
0DE11F	1	data8
0DE120	56	data32
0DE158	1	data8
0DE159	56	data32
0DE191	1	data8
0DE192	56	data32
0DE1CA	1	data8
0DE1CB	56	data32
0DE203	1	data8
0DE204	56	data32
0DE23C	1	data8
0DE23D	56	data32
0DE275	1	data8
0DE276	56	data32
0DE2AE	1	data8
0DE2AF	56	data32
0DE2E7	1	data8
0DE2E8	56	data32
0DE320	1	data8
0DE321	56	data32
0DE359	1	data8
0DE35A	56	data32
0DE392	1	data8
0DE393	56	data32
0DE3CB	1	data8
0DE3CC	56	data32
0DE404	1	data8
0DE405	48	data32
0DE435	1	data8
0DE436	40	data32
0DE45E	1	data8
0DE45F	40	data32
0DE487	1	data8
0DE488	40	data32
0DE4B0	1	data8
0DE4B1	32	data32
0DE4D1	1	data8
0DE4D2	24	data32
0DE4EA	1	data8
0DE4EB	20	data32
0DE4FF	1	data8
0DE500	20	data32
0DE514	1	data8
0DE515	20	data32
0DE529	1	data8
0DE52A	44	data32
0DE556	1	data8
0DE557	44	data32
0DE583	1	data8
0DE584	16	data32
0DE594	1	data8
0DE595	12	data32
0DE5A1	1	data8
0DE5A2	4	data32
0DE5A6	1	data8
0DE5A7	4	data32
0DE5AB	1	data8
0DE5AC	4	data32
0DE5B0	1	data8
0DE5B1	16	data32
0DE5C1	1	data8
0DE5C2	16	data32
0DE5D2	1	data8
0DE5D3	16	data32
0DE5E3	1	data8
0DE5E4	16	data32
0DE5F4	1	data8
0DE5F5	8	data32
0DE5FD	1	data8
0DE5FE	8	data32
0DE606	1	data8
0DE607	4	data32
0DE60B	1	data8
0DE60C	16	data32
0DE61C	1	data8
0DE61D	148	data32
0DE6B1	1	data8
0DE6B2	156	data32
0DE74E	1	data8
0DE74F	156	data32
0DE7EB	1	data8
0DE7EC	152	data32
0DE884	1	data8
0DE885	156	data32
0DE921	1	data8
0DE922	156	data32
0DE9BE	1	data8
0DE9BF	164	data32
0DEA63	1	data8
0DEA64	132	data32
0DEAE8	1	data8
0DEAE9	132	data32
0DEB6D	1	data8
0DEB6E	152	data32
0DEC06	1	data8
0DEC07	152	data32
0DEC9F	1	data8
0DECA0	152	data32
0DED38	1	data8
0DED39	160	data32
0DEDD9	1	data8
0DEDDA	160	data32
0DEE7A	1	data8
0DEE7B	16	data32
0DEE8B	1	data8
0DEE8C	20	data32
0DEEA0	1	data8
0DEEA1	24	data32
0DEEB9	1	data8
0DEEBA	20	data32
0DEECE	1	data8
0DEECF	4	data32
0DEED3	1	data8
0DEED4	4	data32
0DEED8	1	data8
0DEED9	4	data32
0DEEDD	1	data8
0DEEDE	4	data32
0DEEE2	1	data8
0DEEE3	16	data32
0DEEF3	1	data8
0DEEF4	16	data32
0DEF04	1	data8
0DEF05	16	data32
0DEF15	1	data8
0DEF16	4	data32
0DEF1A	1	data8
0DEF1B	4	data32
0DEF1F	1	data8
0DEF20	4	data32
0DEF24	1	data8
0DEF25	4	data32
0DEF29	1	data8
0DEF2A	4	data32
0DEF2E	1	data8
0DEF2F	16	data32
0DEF3F	1	data8
0DEF40	16	data32
0DEF50	1	data8
0DEF51	24	data32
0DEF69	1	data8
0DEF6A	24	data32
0DEF82	1	data8
0DEF83	24	data32
0DEF9B	1	data8
0DEF9C	8	data32
0DEFA4	1	data8
0DEFA5	8	data32
0DEFAD	1	data8
0DEFAE	16	data32
0DEFBE	1	data8
0DEFBF	24	data32
0DEFD7	1	data8
0DEFD8	24	data32
0DEFF0	1	data8
0DEFF1	28	data32
0DF00D	1	data8
0DF00E	24	data32
0DF026	1	data8
0DF027	8	data32
0DF02F	1	data8
0DF030	20	data32
0DF044	1	data8
0DF045	44	data32
0DF071	1	data8
0DF072	44	data32
0DF09E	1	data8
0DF09F	44	data32
0DF0CB	1	data8
0DF0CC	44	data32
0DF0F8	1	data8
0DF0F9	44	data32
0DF125	1	data8
0DF126	4	data32
0DF12A	1	data8
0DF12B	4	data32
0DF12F	1	data8
0DF130	4	data32
0DF134	1	data8
0DF135	4	data32
0DF139	1	data8
0DF13A	8	data32
0DF142	1	data8
0DF143	32	data32
0DF163	1	data8
0DF164	36	data32
0DF188	1	data8
0DF189	36	data32
0DF1AD	1	data8
0DF1AE	20	data32
0DF1C2	1	data8
0DF1C3	20	data32
0DF1D7	1	data8
0DF1D8	24	data32
0DF1F0	1	data8
0DF1F1	36	data32
0DF215	1	data8
0DF216	28	data32
0DF232	1	data8
0DF233	20	data32
0DF247	1	data8
0DF248	36	data32
0DF26C	1	data8
0DF26D	40	data32
0DF295	1	data8
0DF296	36	data32
0DF2BA	1	data8
0DF2BB	40	data32
0DF2E3	1	data8
0DF2E4	20	data32
0DF2F8	1	data8
0DF2F9	28	data32
0DF315	1	data8
0DF316	32	data32
0DF336	1	data8
0DF337	24	data32
0DF34F	1	data8
0DF350	32	data32
0DF370	1	data8
0DF371	28	data32
0DF38D	1	data8
0DF38E	40	data32
0DF3B6	1	data8
0DF3B7	28	data32
0DF3D3	1	data8
0DF3D4	24	data32
0DF3EC	1	data8
0DF3ED	32	data32
0DF40D	1	data8
0DF40E	28	data32
0DF42A	1	data8
0DF42B	20	data32
0DF43F	1	data8
0DF440	28	data32
0DF45C	1	data8
0DF45D	32	data32
0DF47D	1	data8
0DF47E	28	data32
0DF49A	1	data8
0DF49B	32	data32
0DF4BB	1	data8
0DF4BC	32	data32
0DF4DC	1	data8
0DF4DD	36	data32
0DF501	1	data8
0DF502	36	data32
0DF526	1	data8
0DF527	28	data32
0DF543	1	data8
0DF544	36	data32
0DF568	1	data8
0DF569	32	data32
0DF589	1	data8
0DF58A	36	data32
0DF5AE	1	data8
0DF5AF	36	data32
0DF5D3	1	data8
0DF5D4	36	data32
0DF5F8	1	data8
0DF5F9	32	data32
0DF619	1	data8
0DF61A	32	data32
0DF63A	1	data8
0DF63B	36	data32
0DF65F	1	data8
0DF660	32	data32
0DF680	1	data8
0DF681	40	data32
0DF6A9	1	data8
0DF6AA	32	data32
0DF6CA	1	data8
0DF6CB	32	data32
0DF6EB	1	data8
0DF6EC	32	data32
0DF70C	1	data8
0DF70D	32	data32
0DF72D	1	data8
0DF72E	40	data32
0DF756	1	data8
0DF757	32	data32
0DF777	1	data8
0DF778	28	data32
0DF794	1	data8
0DF795	28	data32
0DF7B1	1	data8
0DF7B2	36	data32
0DF7D6	1	data8
0DF7D7	36	data32
0DF7FB	1	data8
0DF7FC	20	data32
0DF810	1	data8
0DF811	16	data32
0DF821	1	data8
0DF822	4	data32
0DF826	1	data8
0DF827	24	data32
0DF83F	1	data8
0DF840	24	data32
0DF858	1	data8
0DF859	28	data32
0DF875	1	data8
0DF876	56	data32
0DF8AE	1	data8
0DF8AF	56	data32
0DF8E7	1	data8
0DF8E8	84	data32
0DF93C	1	data8
0DF93D	108	data32
0DF9A9	1	data8
0DF9AA	32	data32
0DF9CA	1	data8
0DF9CB	16	data32
0DF9DB	1	data8
0DF9DC	20	data32
0DF9F0	1	data8
0DF9F1	20	data32
0DFA05	1	data8
0DFA06	16	data32
0DFA16	1	data8
0DFA17	20	data32
0DFA2B	1	data8
0DFA2C	20	data32
0DFA40	1	data8
0DFA41	16	data32
0DFA51	1	data8
0DFA52	28	data32
0DFA6E	1	data8
0DFA6F	28	data32
0DFA8B	1	data8
0DFA8C	20	data32
0DFAA0	1	data8
0DFAA1	24	data32
0DFAB9	1	data8
0DFABA	36	data32
0DFADE	1	data8
0DFADF	36	data32
0DFB03	1	data8
0DFB04	36	data32
0DFB28	1	data8
0DFB29	32	data32
0DFB49	1	data8
0DFB4A	44	data32
0DFB76	1	data8
0DFB77	4	data32
0DFB7B	1	data8
0DFB7C	4	data32
0DFB80	1	data8
0DFB81	12	data32
0DFB8D	1	data8
0DFB8E	12	data32
0DFB9A	1	data8
0DFB9B	20	data32
0DFBAF	1	data8
0DFBB0	20	data32
0DFBC4	1	data8
0DFBC5	28	data32
0DFBE1	1	data8
0DFBE2	28	data32
0DFBFE	1	data8
0DFBFF	36	data32
0DFC23	1	data8
0DFC24	40	data32
0DFC4C	1	data8
0DFC4D	44	data32
0DFC79	1	data8
0DFC7A	44	data32
0DFCA6	1	data8
0DFCA7	44	data32
0DFCD3	1	data8
0DFCD4	4	data32
0DFCD8	1	data8
0DFCD9	16	data32
0DFCE9	1	data8
0DFCEA	16	data32
0DFCFA	1	data8
0DFCFB	40	data32
0DFD23	1	data8
0DFD24	40	data32
0DFD4C	1	data8
0DFD4D	32	data32
0DFD6D	1	data8
0DFD6E	20	data32
0DFD82	1	data8
0DFD83	16	data32
0DFD93	1	data8
0DFD94	4	data32
0DFD98	1	data8
0DFD99	4	data32
0DFD9D	1	data8
0DFD9E	4	data32
0DFDA2	1	data8
0DFDA3	4	data32
0DFDA7	1	data8
0DFDA8	4	data32
0DFDAC	1	data8
0DFDAD	24	data32
0DFDC5	1	data8
0DFDC6	16	data32
0DFDD6	1	data8
0DFDD7	24	data32
0DFDEF	1	data8
0DFDF0	48	data32
0DFE20	1	data8
0DFE21	48	data32
0DFE51	1	data8
0DFE52	48	data32
0DFE82	1	data8
0DFE83	48	data32
0DFEB3	1	data8
0DFEB4	48	data32
0DFEE4	1	data8
0DFEE5	48	data32
0DFF15	1	data8
0DFF16	32	data32
0DFF36	1	data8
0DFF37	16	data32
0DFF47	1	data8
0DFF48	16	data32
0DFF58	1	data8
0DFF59	48	data32
0DFF89	1	data8
0DFF8A	64	data32
0DFFCA	54	empty
0E8000	1	data8
0E8001	64	data32
0E8041	1	data8
0E8042	48	data32
0E8072	1	data8
0E8073	40	data32
0E809B	1	data8
0E809C	40	data32
0E80C4	1	data8
0E80C5	20	data32
0E80D9	1	data8
0E80DA	52	data32
0E810E	1	data8
0E810F	76	data32
0E815B	1	data8
0E815C	44	data32
0E8188	1	data8
0E8189	28	data32
0E81A5	1	data8
0E81A6	8	data32
0E81AE	1	data8
0E81AF	8	data32
0E81B7	1	data8
0E81B8	48	data32
0E81E8	1	data8
0E81E9	4	data32
0E81ED	1	data8
0E81EE	4	data32
0E81F2	1	data8
0E81F3	16	data32
0E8203	1	data8
0E8204	48	data32
0E8234	1	data8
0E8235	36	data32
0E8259	1	data8
0E825A	36	data32
0E827E	1	data8
0E827F	4	data32
0E8283	1	data8
0E8284	16	data32
0E8294	1	data8
0E8295	24	data32
0E82AD	1	data8
0E82AE	24	data32
0E82C6	1	data8
0E82C7	24	data32
0E82DF	1	data8
0E82E0	32	data32
0E8300	1	data8
0E8301	32	data32
0E8321	1	data8
0E8322	28	data32
0E833E	1	data8
0E833F	4	data32
0E8343	1	data8
0E8344	4	data32
0E8348	1	data8
0E8349	8	data32
0E8351	1	data8
0E8352	24	data32
0E836A	1	data8
0E836B	32	data32
0E838B	1	data8
0E838C	36	data32
0E83B0	1	data8
0E83B1	40	data32
0E83D9	1	data8
0E83DA	44	data32
0E8406	1	data8
0E8407	48	data32
0E8437	1	data8
0E8438	52	data32
0E846C	1	data8
0E846D	56	data32
0E84A5	1	data8
0E84A6	60	data32
0E84E2	1	data8
0E84E3	32	data32
0E8503	1	data8
0E8504	36	data32
0E8528	1	data8
0E8529	40	data32
0E8551	1	data8
0E8552	44	data32
0E857E	1	data8
0E857F	48	data32
0E85AF	1	data8
0E85B0	56	data32
0E85E8	1	data8
0E85E9	44	data32
0E8615	1	data8
0E8616	24	data32
0E862E	1	data8
0E862F	28	data32
0E864B	1	data8
0E864C	40	data32
0E8674	1	data8
0E8675	72	data32
0E86BD	1	data8
0E86BE	56	data32
0E86F6	1	data8
0E86F7	40	data32
0E871F	1	data8
0E8720	40	data32
0E8748	1	data8
0E8749	84	data32
0E879D	1	data8
0E879E	100	data32
0E8802	1	data8
0E8803	100	data32
0E8867	1	data8
0E8868	100	data32
0E88CC	1	data8
0E88CD	100	data32
0E8931	1	data8
0E8932	84	data32
0E8986	1	data8
0E8987	84	data32
0E89DB	1	data8
0E89DC	84	data32
0E8A30	1	data8
0E8A31	112	data32
0E8AA1	1	data8
0E8AA2	96	data32
0E8B02	1	data8
0E8B03	36	data32
0E8B27	1	data8
0E8B28	36	data32
0E8B4C	1	data8
0E8B4D	36	data32
0E8B71	1	data8
0E8B72	16	data32
0E8B82	1	data8
0E8B83	16	data32
0E8B93	1	data8
0E8B94	24	data32
0E8BAC	1	data8
0E8BAD	16	data32
0E8BBD	1	data8
0E8BBE	16	data32
0E8BCE	1	data8
0E8BCF	8	data32
0E8BD7	1	data8
0E8BD8	8	data32
0E8BE0	1	data8
0E8BE1	8	data32
0E8BE9	1	data8
0E8BEA	8	data32
0E8BF2	1	data8
0E8BF3	4	data32
0E8BF7	1	data8
0E8BF8	44	data32
0E8C24	1	data8
0E8C25	44	data32
0E8C51	1	data8
0E8C52	136	data32
0E8CDA	1	data8
0E8CDB	52	data32
0E8D0F	1	data8
0E8D10	4	data32
0E8D14	1	data8
0E8D15	24	data32
0E8D2D	1	data8
0E8D2E	20	data32
0E8D42	1	data8
0E8D43	24	data32
0E8D5B	1	data8
0E8D5C	20	data32
0E8D70	1	data8
0E8D71	28	data32
0E8D8D	1	data8
0E8D8E	48	data32
0E8DBE	1	data8
0E8DBF	36	data32
0E8DE3	1	data8
0E8DE4	32	data32
0E8E04	1	data8
0E8E05	36	data32
0E8E29	1	data8
0E8E2A	64	data32
0E8E6A	1	data8
0E8E6B	52	data32
0E8E9F	1	data8
0E8EA0	48	data32
0E8ED0	1	data8
0E8ED1	52	data32
0E8F05	1	data8
0E8F06	64	data32
0E8F46	1	data8
0E8F47	52	data32
0E8F7B	1	data8
0E8F7C	48	data32
0E8FAC	1	data8
0E8FAD	52	data32
0E8FE1	1	data8
0E8FE2	8	data32
0E8FEA	1	data8
0E8FEB	8	data32
0E8FF3	1	data8
0E8FF4	8	data32
0E8FFC	1	data8
0E8FFD	28	data32
0E9019	1	data8
0E901A	8	data32
0E9022	1	data8
0E9023	4	data32
0E9027	1	data8
0E9028	4	data32
0E902C	1	data8
0E902D	4	data32
0E9031	1	data8
0E9032	4	data32
0E9036	1	data8
0E9037	16	data32
0E9047	1	data8
0E9048	16	data32
0E9058	1	data8
0E9059	28	data32
0E9075	1	data8
0E9076	32	data32
0E9096	1	data8
0E9097	36	data32
0E90BB	1	data8
0E90BC	8	data32
0E90C4	1	data8
0E90C5	40	data32
0E90ED	1	data8
0E90EE	48	data32
0E911E	1	data8
0E911F	48	data32
0E914F	1	data8
0E9150	32	data32
0E9170	1	data8
0E9171	32	data32
0E9191	1	data8
0E9192	24	data32
0E91AA	1	data8
0E91AB	24	data32
0E91C3	1	data8
0E91C4	32	data32
0E91E4	1	data8
0E91E5	32	data32
0E9205	1	data8
0E9206	24	data32
0E921E	1	data8
0E921F	48	data32
0E924F	1	data8
0E9250	64	data32
0E9290	1	data8
0E9291	64	data32
0E92D1	1	data8
0E92D2	56	data32
0E930A	1	data8
0E930B	64	data32
0E934B	1	data8
0E934C	64	data32
0E938C	1	data8
0E938D	48	data32
0E93BD	1	data8
0E93BE	48	data32
0E93EE	1	data8
0E93EF	64	data32
0E942F	1	data8
0E9430	64	data32
0E9470	1	data8
0E9471	56	data32
0E94A9	1	data8
0E94AA	64	data32
0E94EA	1	data8
0E94EB	64	data32
0E952B	1	data8
0E952C	96	data32
0E958C	1	data8
0E958D	104	data32
0E95F5	1	data8
0E95F6	104	data32
0E965E	1	data8
0E965F	88	data32
0E96B7	1	data8
0E96B8	68	data32
0E96FC	1	data8
0E96FD	64	data32
0E973D	1	data8
0E973E	100	data32
0E97A2	1	data8
0E97A3	100	data32
0E9807	1	data8
0E9808	100	data32
0E986C	1	data8
0E986D	100	data32
0E98D1	1	data8
0E98D2	116	data32
0E9946	1	data8
0E9947	112	data32
0E99B7	1	data8
0E99B8	96	data32
0E9A18	1	data8
0E9A19	112	data32
0E9A89	1	data8
0E9A8A	96	data32
0E9AEA	1	data8
0E9AEB	112	data32
0E9B5B	1	data8
0E9B5C	108	data32
0E9BC8	1	data8
0E9BC9	100	data32
0E9C2D	1	data8
0E9C2E	100	data32
0E9C92	1	data8
0E9C93	116	data32
0E9D07	1	data8
0E9D08	112	data32
0E9D78	1	data8
0E9D79	136	data32
0E9E01	1	data8
0E9E02	84	data32
0E9E56	1	data8
0E9E57	80	data32
0E9EA7	1	data8
0E9EA8	100	data32
0E9F0C	1	data8
0E9F0D	100	data32
0E9F71	1	data8
0E9F72	100	data32
0E9FD6	1	data8
0E9FD7	100	data32
0EA03B	1	data8
0EA03C	100	data32
0EA0A0	1	data8
0EA0A1	100	data32
0EA105	1	data8
0EA106	8	data32
0EA10E	1	data8
0EA10F	8	data32
0EA117	1	data8
0EA118	92	data32
0EA174	1	data8
0EA175	92	data32
0EA1D1	1	data8
0EA1D2	104	data32
0EA23A	1	data8
0EA23B	100	data32
0EA29F	1	data8
0EA2A0	120	data32
0EA318	1	data8
0EA319	140	data32
0EA3A5	1	data8
0EA3A6	116	data32
0EA41A	1	data8
0EA41B	136	data32
0EA4A3	1	data8
0EA4A4	120	data32
0EA51C	1	data8
0EA51D	140	data32
0EA5A9	1	data8
0EA5AA	104	data32
0EA612	1	data8
0EA613	120	data32
0EA68B	1	data8
0EA68C	140	data32
0EA718	1	data8
0EA719	8	data32
0EA721	1	data8
0EA722	100	data32
0EA786	1	data8
0EA787	8	data32
0EA78F	1	data8
0EA790	8	data32
0EA798	1	data8
0EA799	40	data32
0EA7C1	1	data8
0EA7C2	48	data32
0EA7F2	1	data8
0EA7F3	32	data32
0EA813	1	data8
0EA814	52	data32
0EA848	1	data8
0EA849	60	data32
0EA885	1	data8
0EA886	44	data32
0EA8B2	1	data8
0EA8B3	52	data32
0EA8E7	1	data8
0EA8E8	60	data32
0EA924	1	data8
0EA925	44	data32
0EA951	1	data8
0EA952	12	data32
0EA95E	1	data8
0EA95F	12	data32
0EA96B	1	data8
0EA96C	12	data32
0EA978	1	data8
0EA979	12	data32
0EA985	1	data8
0EA986	12	data32
0EA992	1	data8
0EA993	16	data32
0EA9A3	1	data8
0EA9A4	16	data32
0EA9B4	1	data8
0EA9B5	16	data32
0EA9C5	1	data8
0EA9C6	16	data32
0EA9D6	1	data8
0EA9D7	48	data32
0EAA07	1	data8
0EAA08	64	data32
0EAA48	1	data8
0EAA49	56	data32
0EAA81	1	data8
0EAA82	56	data32
0EAABA	1	data8
0EAABB	72	data32
0EAB03	1	data8
0EAB04	72	data32
0EAB4C	1	data8
0EAB4D	180	data32
0EAC01	1	data8
0EAC02	188	data32
0EACBE	1	data8
0EACBF	188	data32
0EAD7B	1	data8
0EAD7C	164	data32
0EAE20	1	data8
0EAE21	148	data32
0EAEB5	1	data8
0EAEB6	132	data32
0EAF3A	1	data8
0EAF3B	116	data32
0EAFAF	1	data8
0EAFB0	100	data32
0EB014	1	data8
0EB015	96	data32
0EB075	1	data8
0EB076	92	data32
0EB0D2	1	data8
0EB0D3	100	data32
0EB137	1	data8
0EB138	100	data32
0EB19C	1	data8
0EB19D	4	data32
0EB1A1	1	data8
0EB1A2	96	data32
0EB202	1	data8
0EB203	168	data32
0EB2AB	1	data8
0EB2AC	8	data32
0EB2B4	1	data8
0EB2B5	4	data32
0EB2B9	1	data8
0EB2BA	4	data32
0EB2BE	1	data8
0EB2BF	4	data32
0EB2C3	1	data8
0EB2C4	4	data32
0EB2C8	1	data8
0EB2C9	4	data32
0EB2CD	1	data8
0EB2CE	44	data32
0EB2FA	1	data8
0EB2FB	56	data32
0EB333	1	data8
0EB334	60	data32
0EB370	1	data8
0EB371	60	data32
0EB3AD	1	data8
0EB3AE	20	data32
0EB3C2	1	data8
0EB3C3	44	data32
0EB3EF	1	data8
0EB3F0	44	data32
0EB41C	1	data8
0EB41D	44	data32
0EB449	1	data8
0EB44A	28	data32
0EB466	1	data8
0EB467	32	data32
0EB487	1	data8
0EB488	28	data32
0EB4A4	1	data8
0EB4A5	16	data32
0EB4B5	1	data8
0EB4B6	16	data32
0EB4C6	1	data8
0EB4C7	16	data32
0EB4D7	1	data8
0EB4D8	16	data32
0EB4E8	1	data8
0EB4E9	12	data32
0EB4F5	1	data8
0EB4F6	4	data32
0EB4FA	1	data8
0EB4FB	4	data32
0EB4FF	1	data8
0EB500	72	data32
0EB548	1	data8
0EB549	84	data32
0EB59D	1	data8
0EB59E	84	data32
0EB5F2	1	data8
0EB5F3	96	data32
0EB653	1	data8
0EB654	72	data32
0EB69C	1	data8
0EB69D	72	data32
0EB6E5	1	data8
0EB6E6	76	data32
0EB732	1	data8
0EB733	80	data32
0EB783	1	data8
0EB784	80	data32
0EB7D4	1	data8
0EB7D5	76	data32
0EB821	1	data8
0EB822	44	data32
0EB84E	1	data8
0EB84F	52	data32
0EB883	1	data8
0EB884	44	data32
0EB8B0	1	data8
0EB8B1	44	data32
0EB8DD	1	data8
0EB8DE	40	data32
0EB906	1	data8
0EB907	40	data32
0EB92F	1	data8
0EB930	44	data32
0EB95C	1	data8
0EB95D	44	data32
0EB989	1	data8
0EB98A	44	data32
0EB9B6	1	data8
0EB9B7	84	data32
0EBA0B	1	data8
0EBA0C	92	data32
0EBA68	1	data8
0EBA69	80	data32
0EBAB9	1	data8
0EBABA	88	data32
0EBB12	1	data8
0EBB13	72	data32
0EBB5B	1	data8
0EBB5C	68	data32
0EBBA0	1	data8
0EBBA1	76	data32
0EBBED	1	data8
0EBBEE	68	data32
0EBC32	1	data8
0EBC33	60	data32
0EBC6F	1	data8
0EBC70	68	data32
0EBCB4	1	data8
0EBCB5	68	data32
0EBCF9	1	data8
0EBCFA	68	data32
0EBD3E	1	data8
0EBD3F	80	data32
0EBD8F	1	data8
0EBD90	192	data32
0EBE50	1	data8
0EBE51	192	data32
0EBF11	1	data8
0EBF12	116	data32
0EBF86	1	data8
0EBF87	80	data32
0EBFD7	1	data8
0EBFD8	16	data32
0EBFE8	1	data8
0EBFE9	16	data32
0EBFF9	1	data8
0EBFFA	16	data32
0EC00A	1	data8
0EC00B	16	data32
0EC01B	1	data8
0EC01C	28	data32
0EC038	1	data8
0EC039	28	data32
0EC055	1	data8
0EC056	28	data32
0EC072	1	data8
0EC073	28	data32
0EC08F	1	data8
0EC090	44	data32
0EC0BC	1	data8
0EC0BD	40	data32
0EC0E5	1	data8
0EC0E6	36	data32
0EC10A	1	data8
0EC10B	28	data32
0EC127	1	data8
0EC128	28	data32
0EC144	1	data8
0EC145	40	data32
0EC16D	1	data8
0EC16E	40	data32
0EC196	1	data8
0EC197	40	data32
0EC1BF	1	data8
0EC1C0	16	data32
0EC1D0	1	data8
0EC1D1	16	data32
0EC1E1	1	data8
0EC1E2	16	data32
0EC1F2	1	data8
0EC1F3	16	data32
0EC203	1	data8
0EC204	24	data32
0EC21C	1	data8
0EC21D	24	data32
0EC235	1	data8
0EC236	16	data32
0EC246	1	data8
0EC247	16	data32
0EC257	1	data8
0EC258	16	data32
0EC268	1	data8
0EC269	24	data32
0EC281	1	data8
0EC282	24	data32
0EC29A	1	data8
0EC29B	36	data32
0EC2BF	1	data8
0EC2C0	40	data32
0EC2E8	1	data8
0EC2E9	36	data32
0EC30D	1	data8
0EC30E	56	data32
0EC346	1	data8
0EC347	36	data32
0EC36B	1	data8
0EC36C	20	data32
0EC380	1	data8
0EC381	20	data32
0EC395	1	data8
0EC396	8	data32
0EC39E	1	data8
0EC39F	4	data32
0EC3A3	1	data8
0EC3A4	16	data32
0EC3B4	1	data8
0EC3B5	20	data32
0EC3C9	1	data8
0EC3CA	24	data32
0EC3E2	1	data8
0EC3E3	20	data32
0EC3F7	1	data8
0EC3F8	24	data32
0EC410	1	data8
0EC411	4	data32
0EC415	1	data8
0EC416	4	data32
0EC41A	1	data8
0EC41B	24	data32
0EC433	1	data8
0EC434	32	data32
0EC454	1	data8
0EC455	40	data32
0EC47D	1	data8
0EC47E	20	data32
0EC492	1	data8
0EC493	20	data32
0EC4A7	1	data8
0EC4A8	16	data32
0EC4B8	1	data8
0EC4B9	16	data32
0EC4C9	1	data8
0EC4CA	16	data32
0EC4DA	1	data8
0EC4DB	32	data32
0EC4FB	1	data8
0EC4FC	32	data32
0EC51C	1	data8
0EC51D	32	data32
0EC53D	1	data8
0EC53E	32	data32
0EC55E	1	data8
0EC55F	28	data32
0EC57B	1	data8
0EC57C	36	data32
0EC5A0	1	data8
0EC5A1	48	data32
0EC5D1	1	data8
0EC5D2	48	data32
0EC602	1	data8
0EC603	60	data32
0EC63F	1	data8
0EC640	60	data32
0EC67C	1	data8
0EC67D	32	data32
0EC69D	1	data8
0EC69E	40	data32
0EC6C6	1	data8
0EC6C7	44	data32
0EC6F3	1	data8
0EC6F4	48	data32
0EC724	1	data8
0EC725	48	data32
0EC755	1	data8
0EC756	8	data32
0EC75E	1	data8
0EC75F	8	data32
0EC767	1	data8
0EC768	8	data32
0EC770	1	data8
0EC771	16	data32
0EC781	1	data8
0EC782	16	data32
0EC792	1	data8
0EC793	16	data32
0EC7A3	1	data8
0EC7A4	12	data32
0EC7B0	1	data8
0EC7B1	16	data32
0EC7C1	1	data8
0EC7C2	16	data32
0EC7D2	1	data8
0EC7D3	16	data32
0EC7E3	1	data8
0EC7E4	12	data32
0EC7F0	1	data8
0EC7F1	16	data32
0EC801	1	data8
0EC802	64	data32
0EC842	1	data8
0EC843	64	data32
0EC883	1	data8
0EC884	140	data32
0EC910	1	data8
0EC911	96	data32
0EC971	1	data8
0EC972	16	data32
0EC982	1	data8
0EC983	4	data32
0EC987	1	data8
0EC988	16	data32
0EC998	1	data8
0EC999	16	data32
0EC9A9	1	data8
0EC9AA	4	data32
0EC9AE	1	data8
0EC9AF	12	data32
0EC9BB	1	data8
0EC9BC	4	data32
0EC9C0	1	data8
0EC9C1	4	data32
0EC9C5	1	data8
0EC9C6	4	data32
0EC9CA	1	data8
0EC9CB	4	data32
0EC9CF	1	data8
0EC9D0	4	data32
0EC9D4	1	data8
0EC9D5	4	data32
0EC9D9	1	data8
0EC9DA	140	data32
0ECA66	1	data8
0ECA67	4	data32
0ECA6B	1	data8
0ECA6C	16	data32
0ECA7C	1	data8
0ECA7D	144	data32
0ECB0D	1	data8
0ECB0E	164	data32
0ECBB2	1	data8
0ECBB3	64	data32
0ECBF3	1	data8
0ECBF4	48	data32
0ECC24	1	data8
0ECC25	36	data32
0ECC49	1	data8
0ECC4A	40	data32
0ECC72	1	data8
0ECC73	36	data32
0ECC97	1	data8
0ECC98	48	data32
0ECCC8	1	data8
0ECCC9	16	data32
0ECCD9	1	data8
0ECCDA	16	data32
0ECCEA	1	data8
0ECCEB	24	data32
0ECD03	1	data8
0ECD04	16	data32
0ECD14	1	data8
0ECD15	16	data32
0ECD25	1	data8
0ECD26	24	data32
0ECD3E	1	data8
0ECD3F	60	data32
0ECD7B	1	data8
0ECD7C	60	data32
0ECDB8	1	data8
0ECDB9	36	data32
0ECDDD	1	data8
0ECDDE	24	data32
0ECDF6	1	data8
0ECDF7	60	data32
0ECE33	1	data8
0ECE34	60	data32
0ECE70	1	data8
0ECE71	36	data32
0ECE95	1	data8
0ECE96	80	data32
0ECEE6	1	data8
0ECEE7	80	data32
0ECF37	1	data8
0ECF38	84	data32
0ECF8C	1	data8
0ECF8D	92	data32
0ECFE9	1	data8
0ECFEA	88	data32
0ED042	1	data8
0ED043	80	data32
0ED093	1	data8
0ED094	88	data32
0ED0EC	1	data8
0ED0ED	88	data32
0ED145	1	data8
0ED146	88	data32
0ED19E	1	data8
0ED19F	72	data32
0ED1E7	1	data8
0ED1E8	32	data32
0ED208	1	data8
0ED209	44	data32
0ED235	1	data8
0ED236	52	data32
0ED26A	1	data8
0ED26B	44	data32
0ED297	1	data8
0ED298	44	data32
0ED2C4	1	data8
0ED2C5	64	data32
0ED305	1	data8
0ED306	76	data32
0ED352	1	data8
0ED353	68	data32
0ED397	1	data8
0ED398	64	data32
0ED3D8	1	data8
0ED3D9	64	data32
0ED419	1	data8
0ED41A	52	data32
0ED44E	1	data8
0ED44F	56	data32
0ED487	1	data8
0ED488	80	data32
0ED4D8	1	data8
0ED4D9	60	data32
0ED515	1	data8
0ED516	72	data32
0ED55E	1	data8
0ED55F	84	data32
0ED5B3	1	data8
0ED5B4	84	data32
0ED608	1	data8
0ED609	80	data32
0ED659	1	data8
0ED65A	80	data32
0ED6AA	1	data8
0ED6AB	36	data32
0ED6CF	1	data8
0ED6D0	20	data32
0ED6E4	1	data8
0ED6E5	40	data32
0ED70D	1	data8
0ED70E	84	data32
0ED762	1	data8
0ED763	84	data32
0ED7B7	1	data8
0ED7B8	72	data32
0ED800	1	data8
0ED801	68	data32
0ED845	1	data8
0ED846	68	data32
0ED88A	1	data8
0ED88B	72	data32
0ED8D3	1	data8
0ED8D4	80	data32
0ED924	1	data8
0ED925	84	data32
0ED979	1	data8
0ED97A	72	data32
0ED9C2	1	data8
0ED9C3	84	data32
0EDA17	1	data8
0EDA18	64	data32
0EDA58	1	data8
0EDA59	52	data32
0EDA8D	1	data8
0EDA8E	52	data32
0EDAC2	1	data8
0EDAC3	44	data32
0EDAEF	1	data8
0EDAF0	148	data32
0EDB84	1	data8
0EDB85	148	data32
0EDC19	1	data8
0EDC1A	152	data32
0EDCB2	1	data8
0EDCB3	152	data32
0EDD4B	1	data8
0EDD4C	148	data32
0EDDE0	1	data8
0EDDE1	148	data32
0EDE75	1	data8
0EDE76	144	data32
0EDF06	1	data8
0EDF07	144	data32
0EDF97	1	data8
0EDF98	144	data32
0EE028	1	data8
0EE029	136	data32
0EE0B1	1	data8
0EE0B2	128	data32
0EE132	1	data8
0EE133	136	data32
0EE1BB	1	data8
0EE1BC	136	data32
0EE244	1	data8
0EE245	4	data32
0EE249	1	data8
0EE24A	4	data32
0EE24E	1	data8
0EE24F	4	data32
0EE253	1	data8
0EE254	4	data32
0EE258	1	data8
0EE259	4	data32
0EE25D	1	data8
0EE25E	16	data32
0EE26E	1	data8
0EE26F	16	data32
0EE27F	1	data8
0EE280	136	data32
0EE308	1	data8
0EE309	16	data32
0EE319	1	data8
0EE31A	4	data32
0EE31E	1	data8
0EE31F	8	data32
0EE327	1	data8
0EE328	8	data32
0EE330	1	data8
0EE331	12	data32
0EE33D	1	data8
0EE33E	8	data32
0EE346	1	data8
0EE347	12	data32
0EE353	1	data8
0EE354	20	data32
0EE368	1	data8
0EE369	16	data32
0EE379	1	data8
0EE37A	48	data32
0EE3AA	1	data8
0EE3AB	44	data32
0EE3D7	1	data8
0EE3D8	52	data32
0EE40C	1	data8
0EE40D	64	data32
0EE44D	1	data8
0EE44E	56	data32
0EE486	1	data8
0EE487	60	data32
0EE4C3	1	data8
0EE4C4	4	data32
0EE4C8	1	data8
0EE4C9	8	data32
0EE4D1	1	data8
0EE4D2	8	data32
0EE4DA	1	data8
0EE4DB	12	data32
0EE4E7	1	data8
0EE4E8	8	data32
0EE4F0	1	data8
0EE4F1	12	data32
0EE4FD	1	data8
0EE4FE	20	data32
0EE512	1	data8
0EE513	16	data32
0EE523	1	data8
0EE524	48	data32
0EE554	1	data8
0EE555	44	data32
0EE581	1	data8
0EE582	52	data32
0EE5B6	1	data8
0EE5B7	68	data32
0EE5FB	1	data8
0EE5FC	60	data32
0EE638	1	data8
0EE639	24	data32
0EE651	1	data8
0EE652	24	data32
0EE66A	1	data8
0EE66B	20	data32
0EE67F	1	data8
0EE680	12	data32
0EE68C	1	data8
0EE68D	12	data32
0EE699	1	data8
0EE69A	12	data32
0EE6A6	1	data8
0EE6A7	12	data32
0EE6B3	1	data8
0EE6B4	12	data32
0EE6C0	1	data8
0EE6C1	12	data32
0EE6CD	1	data8
0EE6CE	12	data32
0EE6DA	1	data8
0EE6DB	12	data32
0EE6E7	1	data8
0EE6E8	28	data32
0EE704	1	data8
0EE705	40	data32
0EE72D	1	data8
0EE72E	16	data32
0EE73E	1	data8
0EE73F	28	data32
0EE75B	1	data8
0EE75C	64	data32
0EE79C	1	data8
0EE79D	64	data32
0EE7DD	1	data8
0EE7DE	40	data32
0EE806	1	data8
0EE807	64	data32
0EE847	1	data8
0EE848	64	data32
0EE888	1	data8
0EE889	64	data32
0EE8C9	1	data8
0EE8CA	56	data32
0EE902	1	data8
0EE903	68	data32
0EE947	1	data8
0EE948	44	data32
0EE974	1	data8
0EE975	60	data32
0EE9B1	1	data8
0EE9B2	64	data32
0EE9F2	1	data8
0EE9F3	60	data32
0EEA2F	1	data8
0EEA30	52	data32
0EEA64	1	data8
0EEA65	44	data32
0EEA91	1	data8
0EEA92	68	data32
0EEAD6	1	data8
0EEAD7	68	data32
0EEB1B	1	data8
0EEB1C	64	data32
0EEB5C	1	data8
0EEB5D	56	data32
0EEB95	1	data8
0EEB96	68	data32
0EEBDA	1	data8
0EEBDB	44	data32
0EEC07	1	data8
0EEC08	64	data32
0EEC48	1	data8
0EEC49	64	data32
0EEC89	1	data8
0EEC8A	64	data32
0EECCA	1	data8
0EECCB	52	data32
0EECFF	1	data8
0EED00	64	data32
0EED40	1	data8
0EED41	16	data32
0EED51	1	data8
0EED52	28	data32
0EED6E	1	data8
0EED6F	40	data32
0EED97	1	data8
0EED98	56	data32
0EEDD0	1	data8
0EEDD1	64	data32
0EEE11	1	data8
0EEE12	56	data32
0EEE4A	1	data8
0EEE4B	68	data32
0EEE8F	1	data8
0EEE90	68	data32
0EEED4	1	data8
0EEED5	56	data32
0EEF0D	1	data8
0EEF0E	48	data32
0EEF3E	1	data8
0EEF3F	40	data32
0EEF67	1	data8
0EEF68	32	data32
0EEF88	1	data8
0EEF89	24	data32
0EEFA1	1	data8
0EEFA2	16	data32
0EEFB2	1	data8
0EEFB3	20	data32
0EEFC7	1	data8
0EEFC8	80	data32
0EF018	1	data8
0EF019	84	data32
0EF06D	1	data8
0EF06E	80	data32
0EF0BE	1	data8
0EF0BF	48	data32
0EF0EF	1	data8
0EF0F0	48	data32
0EF120	1	data8
0EF121	24	data32
0EF139	1	data8
0EF13A	40	data32
0EF162	1	data8
0EF163	48	data32
0EF193	1	data8
0EF194	48	data32
0EF1C4	1	data8
0EF1C5	48	data32
0EF1F5	1	data8
0EF1F6	48	data32
0EF226	1	data8
0EF227	40	data32
0EF24F	1	data8
0EF250	32	data32
0EF270	1	data8
0EF271	4	data32
0EF275	1	data8
0EF276	8	data32
0EF27E	1	data8
0EF27F	16	data32
0EF28F	1	data8
0EF290	48	data32
0EF2C0	1	data8
0EF2C1	36	data32
0EF2E5	1	data8
0EF2E6	16	data32
0EF2F6	1	data8
0EF2F7	36	data32
0EF31B	1	data8
0EF31C	8	data32
0EF324	1	data8
0EF325	4	data32
0EF329	1	data8
0EF32A	8	data32
0EF332	1	data8
0EF333	8	data32
0EF33B	1	data8
0EF33C	40	data32
0EF364	1	data8
0EF365	4	data32
0EF369	1	data8
0EF36A	16	data32
0EF37A	1	data8
0EF37B	16	data32
0EF38B	1	data8
0EF38C	16	data32
0EF39C	1	data8
0EF39D	16	data32
0EF3AD	1	data8
0EF3AE	4	data32
0EF3B2	1	data8
0EF3B3	4	data32
0EF3B7	1	data8
0EF3B8	4	data32
0EF3BC	1	data8
0EF3BD	92	data32
0EF419	1	data8
0EF41A	104	data32
0EF482	1	data8
0EF483	164	data32
0EF527	1	data8
0EF528	164	data32
0EF5CC	1	data8
0EF5CD	96	data32
0EF62D	1	data8
0EF62E	104	data32
0EF696	1	data8
0EF697	104	data32
0EF6FF	1	data8
0EF700	12	data32
0EF70C	1	data8
0EF70D	32	data32
0EF72D	1	data8
0EF72E	32	data32
0EF74E	1	data8
0EF74F	32	data32
0EF76F	1	data8
0EF770	32	data32
0EF790	1	data8
0EF791	32	data32
0EF7B1	1	data8
0EF7B2	24	data32
0EF7CA	1	data8
0EF7CB	20	data32
0EF7DF	1	data8
0EF7E0	4	data32
0EF7E4	1	data8
0EF7E5	4	data32
0EF7E9	1	data8
0EF7EA	8	data32
0EF7F2	1	data8
0EF7F3	8	data32
0EF7FB	1	data8
0EF7FC	8	data32
0EF804	1	data8
0EF805	8	data32
0EF80D	1	data8
0EF80E	8	data32
0EF816	1	data8
0EF817	8	data32
0EF81F	1	data8
0EF820	72	data32
0EF868	1	data8
0EF869	4	data32
0EF86D	1	data8
0EF86E	12	data32
0EF87A	1	data8
0EF87B	12	data32
0EF887	1	data8
0EF888	16	data32
0EF898	1	data8
0EF899	16	data32
0EF8A9	1	data8
0EF8AA	32	data32
0EF8CA	1	data8
0EF8CB	80	data32
0EF91B	1	data8
0EF91C	48	data32
0EF94C	1	data8
0EF94D	16	data32
0EF95D	1	data8
0EF95E	32	data32
0EF97E	1	data8
0EF97F	96	data32
0EF9DF	1	data8
0EF9E0	88	data32
0EFA38	1	data8
0EFA39	72	data32
0EFA81	1	data8
0EFA82	56	data32
0EFABA	1	data8
0EFABB	16	data32
0EFACB	1	data8
0EFACC	20	data32
0EFAE0	1	data8
0EFAE1	36	data32
0EFB05	1	data8
0EFB06	24	data32
0EFB1E	1	data8
0EFB1F	40	data32
0EFB47	1	data8
0EFB48	4	data32
0EFB4C	1	data8
0EFB4D	4	data32
0EFB51	1	data8
0EFB52	4	data32
0EFB56	1	data8
0EFB57	16	data32
0EFB67	1	data8
0EFB68	16	data32
0EFB78	1	data8
0EFB79	16	data32
0EFB89	1	data8
0EFB8A	8	data32
0EFB92	1	data8
0EFB93	8	data32
0EFB9B	1	data8
0EFB9C	8	data32
0EFBA4	1	data8
0EFBA5	8	data32
0EFBAD	1	data8
0EFBAE	4	data32
0EFBB2	1	data8
0EFBB3	4	data32
0EFBB7	1	data8
0EFBB8	16	data32
0EFBC8	1	data8
0EFBC9	16	data32
0EFBD9	1	data8
0EFBDA	16	data32
0EFBEA	1	data8
0EFBEB	16	data32
0EFBFB	1	data8
0EFBFC	16	data32
0EFC0C	1	data8
0EFC0D	16	data32
0EFC1D	1	data8
0EFC1E	16	data32
0EFC2E	1	data8
0EFC2F	24	data32
0EFC47	1	data8
0EFC48	24	data32
0EFC60	1	data8
0EFC61	24	data32
0EFC79	1	data8
0EFC7A	44	data32
0EFCA6	1	data8
0EFCA7	32	data32
0EFCC7	1	data8
0EFCC8	36	data32
0EFCEC	1	data8
0EFCED	8	data32
0EFCF5	1	data8
0EFCF6	4	data32
0EFCFA	1	data8
0EFCFB	4	data32
0EFCFF	1	data8
0EFD00	4	data32
0EFD04	1	data8
0EFD05	48	data32
0EFD35	1	data8
0EFD36	48	data32
0EFD66	1	data8
0EFD67	48	data32
0EFD97	1	data8
0EFD98	48	data32
0EFDC8	1	data8
0EFDC9	48	data32
0EFDF9	1	data8
0EFDFA	48	data32
0EFE2A	1	data8
0EFE2B	48	data32
0EFE5B	1	data8
0EFE5C	48	data32
0EFE8C	1	data8
0EFE8D	4	data32
0EFE91	1	data8
0EFE92	4	data32
0EFE96	1	data8
0EFE97	24	data32
0EFEAF	1	data8
0EFEB0	12	data32
0EFEBC	1	data8
0EFEBD	36	data32
0EFEE1	1	data8
0EFEE2	60	data32
0EFF1E	1	data8
0EFF1F	84	data32
0EFF73	1	data8
0EFF74	108	data32
0EFFE0	32	empty
0F8000	1	data8
0F8001	132	data32
0F8085	1	data8
0F8086	144	data32
0F8116	1	data8
0F8117	144	data32
0F81A7	1	data8
0F81A8	144	data32
0F8238	1	data8
0F8239	144	data32
0F82C9	1	data8
0F82CA	120	data32
0F8342	1	data8
0F8343	96	data32
0F83A3	1	data8
0F83A4	72	data32
0F83EC	1	data8
0F83ED	48	data32
0F841D	1	data8
0F841E	24	data32
0F8436	1	data8
0F8437	12	data32
0F8443	1	data8
0F8444	36	data32
0F8468	1	data8
0F8469	60	data32
0F84A5	1	data8
0F84A6	84	data32
0F84FA	1	data8
0F84FB	108	data32
0F8567	1	data8
0F8568	132	data32
0F85EC	1	data8
0F85ED	120	data32
0F8665	1	data8
0F8666	96	data32
0F86C6	1	data8
0F86C7	72	data32
0F870F	1	data8
0F8710	48	data32
0F8740	1	data8
0F8741	56	data32
0F8779	1	data8
0F877A	36	data32
0F879E	1	data8
0F879F	40	data32
0F87C7	1	data8
0F87C8	40	data32
0F87F0	1	data8
0F87F1	36	data32
0F8815	1	data8
0F8816	36	data32
0F883A	1	data8
0F883B	40	data32
0F8863	1	data8
0F8864	40	data32
0F888C	1	data8
0F888D	44	data32
0F88B9	1	data8
0F88BA	64	data32
0F88FA	1	data8
0F88FB	48	data32
0F892B	1	data8
0F892C	36	data32
0F8950	1	data8
0F8951	20	data32
0F8965	1	data8
0F8966	20	data32
0F897A	1	data8
0F897B	4	data32
0F897F	1	data8
0F8980	4	data32
0F8984	1	data8
0F8985	4	data32
0F8989	1	data8
0F898A	8	data32
0F8992	1	data8
0F8993	48	data32
0F89C3	1	data8
0F89C4	44	data32
0F89F0	1	data8
0F89F1	8	data32
0F89F9	1	data8
0F89FA	20	data32
0F8A0E	1	data8
0F8A0F	16	data32
0F8A1F	1	data8
0F8A20	8	data32
0F8A28	1	data8
0F8A29	8	data32
0F8A31	1	data8
0F8A32	44	data32
0F8A5E	1	data8
0F8A5F	32	data32
0F8A7F	1	data8
0F8A80	16	data32
0F8A90	1	data8
0F8A91	4	data32
0F8A95	1	data8
0F8A96	4	data32
0F8A9A	1	data8
0F8A9B	4	data32
0F8A9F	1	data8
0F8AA0	4	data32
0F8AA4	1	data8
0F8AA5	4	data32
0F8AA9	1	data8
0F8AAA	4	data32
0F8AAE	1	data8
0F8AAF	4	data32
0F8AB3	1	data8
0F8AB4	8	data32
0F8ABC	1	data8
0F8ABD	36	data32
0F8AE1	1	data8
0F8AE2	36	data32
0F8B06	1	data8
0F8B07	20	data32
0F8B1B	1	data8
0F8B1C	20	data32
0F8B30	1	data8
0F8B31	4	data32
0F8B35	1	data8
0F8B36	4	data32
0F8B3A	1	data8
0F8B3B	4	data32
0F8B3F	1	data8
0F8B40	12	data32
0F8B4C	1	data8
0F8B4D	12	data32
0F8B59	1	data8
0F8B5A	12	data32
0F8B66	1	data8
0F8B67	16	data32
0F8B77	1	data8
0F8B78	16	data32
0F8B88	1	data8
0F8B89	16	data32
0F8B99	1	data8
0F8B9A	4	data32
0F8B9E	1	data8
0F8B9F	24	data32
0F8BB7	1	data8
0F8BB8	16	data32
0F8BC8	1	data8
0F8BC9	16	data32
0F8BD9	1	data8
0F8BDA	48	data32
0F8C0A	1	data8
0F8C0B	48	data32
0F8C3B	1	data8
0F8C3C	48	data32
0F8C6C	1	data8
0F8C6D	64	data32
0F8CAD	1	data8
0F8CAE	24	data32
0F8CC6	1	data8
0F8CC7	24	data32
0F8CDF	1	data8
0F8CE0	24	data32
0F8CF8	1	data8
0F8CF9	24	data32
0F8D11	1	data8
0F8D12	16	data32
0F8D22	1	data8
0F8D23	16	data32
0F8D33	1	data8
0F8D34	16	data32
0F8D44	1	data8
0F8D45	124	data32
0F8DC1	1	data8
0F8DC2	120	data32
0F8E3A	1	data8
0F8E3B	196	data32
0F8EFF	1	data8
0F8F00	152	data32
0F8F98	1	data8
0F8F99	12	data32
0F8FA5	1	data8
0F8FA6	4	data32
0F8FAA	1	data8
0F8FAB	156	data32
0F9047	1	data8
0F9048	156	data32
0F90E4	1	data8
0F90E5	156	data32
0F9181	1	data8
0F9182	156	data32
0F921E	1	data8
0F921F	160	data32
0F92BF	1	data8
0F92C0	160	data32
0F9360	1	data8
0F9361	160	data32
0F9401	1	data8
0F9402	160	data32
0F94A2	1	data8
0F94A3	160	data32
0F9543	1	data8
0F9544	132	data32
0F95C8	1	data8
0F95C9	164	data32
0F966D	1	data8
0F966E	168	data32
0F9716	1	data8
0F9717	164	data32
0F97BB	1	data8
0F97BC	160	data32
0F985C	1	data8
0F985D	160	data32
0F98FD	1	data8
0F98FE	160	data32
0F999E	1	data8
0F999F	160	data32
0F9A3F	1	data8
0F9A40	140	data32
0F9ACC	1	data8
0F9ACD	140	data32
0F9B59	1	data8
0F9B5A	144	data32
0F9BEA	1	data8
0F9BEB	160	data32
0F9C8B	1	data8
0F9C8C	160	data32
0F9D2C	1	data8
0F9D2D	160	data32
0F9DCD	1	data8
0F9DCE	136	data32
0F9E56	1	data8
0F9E57	160	data32
0F9EF7	1	data8
0F9EF8	164	data32
0F9F9C	1	data8
0F9F9D	144	data32
0FA02D	1	data8
0FA02E	156	data32
0FA0CA	1	data8
0FA0CB	152	data32
0FA163	1	data8
0FA164	8	data32
0FA16C	1	data8
0FA16D	16	data32
0FA17D	1	data8
0FA17E	16	data32
0FA18E	1	data8
0FA18F	16	data32
0FA19F	1	data8
0FA1A0	8	data32
0FA1A8	1	data8
0FA1A9	4	data32
0FA1AD	1	data8
0FA1AE	24	data32
0FA1C6	1	data8
0FA1C7	24	data32
0FA1DF	1	data8
0FA1E0	24	data32
0FA1F8	1	data8
0FA1F9	24	data32
0FA211	1	data8
0FA212	16	data32
0FA222	1	data8
0FA223	36	data32
0FA247	1	data8
0FA248	24	data32
0FA260	1	data8
0FA261	32	data32
0FA281	1	data8
0FA282	16	data32
0FA292	1	data8
0FA293	64	data32
0FA2D3	1	data8
0FA2D4	40	data32
0FA2FC	1	data8
0FA2FD	16	data32
0FA30D	1	data8
0FA30E	12	data32
0FA31A	1	data8
0FA31B	8	data32
0FA323	1	data8
0FA324	12	data32
0FA330	1	data8
0FA331	24	data32
0FA349	1	data8
0FA34A	24	data32
0FA362	1	data8
0FA363	24	data32
0FA37B	1	data8
0FA37C	24	data32
0FA394	1	data8
0FA395	32	data32
0FA3B5	1	data8
0FA3B6	32	data32
0FA3D6	1	data8
0FA3D7	28	data32
0FA3F3	1	data8
0FA3F4	24	data32
0FA40C	1	data8
0FA40D	28	data32
0FA429	1	data8
0FA42A	4	data32
0FA42E	1	data8
0FA42F	4	data32
0FA433	1	data8
0FA434	4	data32
0FA438	1	data8
0FA439	4	data32
0FA43D	1	data8
0FA43E	28	data32
0FA45A	1	data8
0FA45B	28	data32
0FA477	1	data8
0FA478	24	data32
0FA490	1	data8
0FA491	24	data32
0FA4A9	1	data8
0FA4AA	16	data32
0FA4BA	1	data8
0FA4BB	16	data32
0FA4CB	1	data8
0FA4CC	20	data32
0FA4E0	1	data8
0FA4E1	20	data32
0FA4F5	1	data8
0FA4F6	28	data32
0FA512	1	data8
0FA513	52	data32
0FA547	1	data8
0FA548	28	data32
0FA564	1	data8
0FA565	20	data32
0FA579	1	data8
0FA57A	32	data32
0FA59A	1	data8
0FA59B	24	data32
0FA5B3	1	data8
0FA5B4	24	data32
0FA5CC	1	data8
0FA5CD	20	data32
0FA5E1	1	data8
0FA5E2	20	data32
0FA5F6	1	data8
0FA5F7	20	data32
0FA60B	1	data8
0FA60C	8	data32
0FA614	1	data8
0FA615	8	data32
0FA61D	1	data8
0FA61E	16	data32
0FA62E	1	data8
0FA62F	8	data32
0FA637	1	data8
0FA638	8	data32
0FA640	1	data8
0FA641	16	data32
0FA651	1	data8
0FA652	12	data32
0FA65E	1	data8
0FA65F	4	data32
0FA663	1	data8
0FA664	4	data32
0FA668	1	data8
0FA669	4	data32
0FA66D	1	data8
0FA66E	172	data32
0FA71A	1	data8
0FA71B	172	data32
0FA7C7	1	data8
0FA7C8	172	data32
0FA874	1	data8
0FA875	172	data32
0FA921	1	data8
0FA922	176	data32
0FA9D2	1	data8
0FA9D3	176	data32
0FAA83	1	data8
0FAA84	176	data32
0FAB34	1	data8
0FAB35	176	data32
0FABE5	1	data8
0FABE6	176	data32
0FAC96	1	data8
0FAC97	144	data32
0FAD27	1	data8
0FAD28	192	data32
0FADE8	1	data8
0FADE9	196	data32
0FAEAD	1	data8
0FAEAE	180	data32
0FAF62	1	data8
0FAF63	176	data32
0FB013	1	data8
0FB014	176	data32
0FB0C4	1	data8
0FB0C5	176	data32
0FB175	1	data8
0FB176	176	data32
0FB226	1	data8
0FB227	152	data32
0FB2BF	1	data8
0FB2C0	168	data32
0FB368	1	data8
0FB369	172	data32
0FB415	1	data8
0FB416	176	data32
0FB4C6	1	data8
0FB4C7	176	data32
0FB577	1	data8
0FB578	176	data32
0FB628	1	data8
0FB629	148	data32
0FB6BD	1	data8
0FB6BE	188	data32
0FB77A	1	data8
0FB77B	192	data32
0FB83B	1	data8
0FB83C	160	data32
0FB8DC	1	data8
0FB8DD	172	data32
0FB989	1	data8
0FB98A	168	data32
0FBA32	1	data8
0FBA33	8	data32
0FBA3B	1	data8
0FBA3C	32	data32
0FBA5C	1	data8
0FBA5D	32	data32
0FBA7D	1	data8
0FBA7E	32	data32
0FBA9E	1	data8
0FBA9F	32	data32
0FBABF	1	data8
0FBAC0	32	data32
0FBAE0	1	data8
0FBAE1	4	data32
0FBAE5	1	data8
0FBAE6	32	data32
0FBB06	1	data8
0FBB07	32	data32
0FBB27	1	data8
0FBB28	12	data32
0FBB34	1	data8
0FBB35	12	data32
0FBB41	1	data8
0FBB42	40	data32
0FBB6A	1	data8
0FBB6B	56	data32
0FBBA3	1	data8
0FBBA4	72	data32
0FBBEC	1	data8
0FBBED	76	data32
0FBC39	1	data8
0FBC3A	84	data32
0FBC8E	1	data8
0FBC8F	72	data32
0FBCD7	1	data8
0FBCD8	24	data32
0FBCF0	1	data8
0FBCF1	12	data32
0FBCFD	1	data8
0FBCFE	24	data32
0FBD16	1	data8
0FBD17	12	data32
0FBD23	1	data8
0FBD24	24	data32
0FBD3C	1	data8
0FBD3D	12	data32
0FBD49	1	data8
0FBD4A	24	data32
0FBD62	1	data8
0FBD63	12	data32
0FBD6F	1	data8
0FBD70	76	data32
0FBDBC	1	data8
0FBDBD	76	data32
0FBE09	1	data8
0FBE0A	64	data32
0FBE4A	1	data8
0FBE4B	176	data32
0FBEFB	1	data8
0FBEFC	176	data32
0FBFAC	1	data8
0FBFAD	176	data32
0FC05D	1	data8
0FC05E	172	data32
0FC10A	1	data8
0FC10B	180	data32
0FC1BF	1	data8
0FC1C0	180	data32
0FC274	1	data8
0FC275	180	data32
0FC329	1	data8
0FC32A	180	data32
0FC3DE	1	data8
0FC3DF	180	data32
0FC493	1	data8
0FC494	156	data32
0FC530	1	data8
0FC531	180	data32
0FC5E5	1	data8
0FC5E6	184	data32
0FC69E	1	data8
0FC69F	184	data32
0FC757	1	data8
0FC758	176	data32
0FC808	1	data8
0FC809	176	data32
0FC8B9	1	data8
0FC8BA	180	data32
0FC96E	1	data8
0FC96F	176	data32
0FCA1F	1	data8
0FCA20	160	data32
0FCAC0	1	data8
0FCAC1	188	data32
0FCB7D	1	data8
0FCB7E	192	data32
0FCC3E	1	data8
0FCC3F	176	data32
0FCCEF	1	data8
0FCCF0	176	data32
0FCDA0	1	data8
0FCDA1	176	data32
0FCE51	1	data8
0FCE52	156	data32
0FCEEE	1	data8
0FCEEF	176	data32
0FCF9F	1	data8
0FCFA0	180	data32
0FD054	1	data8
0FD055	152	data32
0FD0ED	1	data8
0FD0EE	152	data32
0FD186	1	data8
0FD187	152	data32
0FD21F	1	data8
0FD220	152	data32
0FD2B8	1	data8
0FD2B9	156	data32
0FD355	1	data8
0FD356	160	data32
0FD3F6	1	data8
0FD3F7	196	data32
0FD4BB	1	data8
0FD4BC	188	data32
0FD578	1	data8
0FD579	140	data32
0FD605	1	data8
0FD606	160	data32
0FD6A6	1	data8
0FD6A7	52	data32
0FD6DB	1	data8
0FD6DC	192	data32
0FD79C	1	data8
0FD79D	176	data32
0FD84D	1	data8
0FD84E	176	data32
0FD8FE	1	data8
0FD8FF	4	data32
0FD903	1	data8
0FD904	164	data32
0FD9A8	1	data8
0FD9A9	16	data32
0FD9B9	1	data8
0FD9BA	16	data32
0FD9CA	1	data8
0FD9CB	44	data32
0FD9F7	1	data8
0FD9F8	44	data32
0FDA24	1	data8
0FDA25	44	data32
0FDA51	1	data8
0FDA52	172	data32
0FDAFE	1	data8
0FDAFF	172	data32
0FDBAB	1	data8
0FDBAC	168	data32
0FDC54	1	data8
0FDC55	176	data32
0FDD05	1	data8
0FDD06	176	data32
0FDDB6	1	data8
0FDDB7	180	data32
0FDE6B	1	data8
0FDE6C	180	data32
0FDF20	1	data8
0FDF21	176	data32
0FDFD1	1	data8
0FDFD2	68	data32
0FE016	1	data8
0FE017	72	data32
0FE05F	1	data8
0FE060	68	data32
0FE0A4	1	data8
0FE0A5	72	data32
0FE0ED	1	data8
0FE0EE	56	data32
0FE126	1	data8
0FE127	60	data32
0FE163	1	data8
0FE164	60	data32
0FE1A0	1	data8
0FE1A1	64	data32
0FE1E1	1	data8
0FE1E2	80	data32
0FE232	1	data8
0FE233	84	data32
0FE287	1	data8
0FE288	84	data32
0FE2DC	1	data8
0FE2DD	64	data32
0FE31D	1	data8
0FE31E	100	data32
0FE382	1	data8
0FE383	100	data32
0FE3E7	1	data8
0FE3E8	100	data32
0FE44C	1	data8
0FE44D	100	data32
0FE4B1	1	data8
0FE4B2	24	data32
0FE4CA	1	data8
0FE4CB	20	data32
0FE4DF	1	data8
0FE4E0	44	data32
0FE50C	1	data8
0FE50D	36	data32
0FE531	1	data8
0FE532	40	data32
0FE55A	1	data8
0FE55B	56	data32
0FE593	1	data8
0FE594	20	data32
0FE5A8	1	data8
0FE5A9	20	data32
0FE5BD	1	data8
0FE5BE	52	data32
0FE5F2	1	data8
0FE5F3	52	data32
0FE627	1	data8
0FE628	60	data32
0FE664	1	data8
0FE665	60	data32
0FE6A1	1	data8
0FE6A2	20	data32
0FE6B6	1	data8
0FE6B7	24	data32
0FE6CF	1	data8
0FE6D0	24	data32
0FE6E8	1	data8
0FE6E9	20	data32
0FE6FD	1	data8
0FE6FE	28	data32
0FE71A	1	data8
0FE71B	32	data32
0FE73B	1	data8
0FE73C	32	data32
0FE75C	1	data8
0FE75D	24	data32
0FE775	1	data8
0FE776	16	data32
0FE786	1	data8
0FE787	32	data32
0FE7A7	1	data8
0FE7A8	88	data32
0FE800	1	data8
0FE801	80	data32
0FE851	1	data8
0FE852	56	data32
0FE88A	1	data8
0FE88B	24	data32
0FE8A3	1	data8
0FE8A4	12	data32
0FE8B0	1	data8
0FE8B1	12	data32
0FE8BD	1	data8
0FE8BE	12	data32
0FE8CA	1	data8
0FE8CB	8	data32
0FE8D3	1	data8
0FE8D4	12	data32
0FE8E0	1	data8
0FE8E1	12	data32
0FE8ED	1	data8
0FE8EE	12	data32
0FE8FA	1	data8
0FE8FB	12	data32
0FE907	1	data8
0FE908	8	data32
0FE910	1	data8
0FE911	8	data32
0FE919	1	data8
0FE91A	8	data32
0FE922	1	data8
0FE923	16	data32
0FE933	1	data8
0FE934	16	data32
0FE944	1	data8
0FE945	16	data32
0FE955	1	data8
0FE956	76	data32
0FE9A2	1	data8
0FE9A3	76	data32
0FE9EF	1	data8
0FE9F0	76	data32
0FEA3C	1	data8
0FEA3D	4	data32
0FEA41	1	data8
0FEA42	20	data32
0FEA56	1	data8
0FEA57	28	data32
0FEA73	1	data8
0FEA74	32	data32
0FEA94	1	data8
0FEA95	16	data32
0FEAA5	1	data8
0FEAA6	24	data32
0FEABE	1	data8
0FEABF	28	data32
0FEADB	1	data8
0FEADC	24	data32
0FEAF4	1	data8
0FEAF5	32	data32
0FEB15	1	data8
0FEB16	36	data32
0FEB3A	1	data8
0FEB3B	16	data32
0FEB4B	1	data8
0FEB4C	12	data32
0FEB58	1	data8
0FEB59	20	data32
0FEB6D	1	data8
0FEB6E	36	data32
0FEB92	1	data8
0FEB93	64	data32
0FEBD3	1	data8
0FEBD4	36	data32
0FEBF8	1	data8
0FEBF9	12	data32
0FEC05	1	data8
0FEC06	16	data32
0FEC16	1	data8
0FEC17	20	data32
0FEC2B	1	data8
0FEC2C	32	data32
0FEC4C	1	data8
0FEC4D	64	data32
0FEC8D	1	data8
0FEC8E	32	data32
0FECAE	1	data8
0FECAF	32	data32
0FECCF	1	data8
0FECD0	144	data32
0FED60	1	data8
0FED61	112	data32
0FEDD1	1	data8
0FEDD2	112	data32
0FEE42	1	data8
0FEE43	112	data32
0FEEB3	1	data8
0FEEB4	112	data32
0FEF24	1	data8
0FEF25	64	data32
0FEF65	1	data8
0FEF66	60	data32
0FEFA2	1	data8
0FEFA3	56	data32
0FEFDB	1	data8
0FEFDC	56	data32
0FF014	1	data8
0FF015	60	data32
0FF051	1	data8
0FF052	60	data32
0FF08E	1	data8
0FF08F	56	data32
0FF0C7	1	data8
0FF0C8	56	data32
0FF100	1	data8
0FF101	60	data32
0FF13D	1	data8
0FF13E	24	data32
0FF156	1	data8
0FF157	20	data32
0FF16B	1	data8
0FF16C	20	data32
0FF180	1	data8
0FF181	20	data32
0FF195	1	data8
0FF196	4	data32
0FF19A	1	data8
0FF19B	4	data32
0FF19F	1	data8
0FF1A0	4	data32
0FF1A4	1	data8
0FF1A5	16	data32
0FF1B5	1	data8
0FF1B6	12	data32
0FF1C2	1	data8
0FF1C3	8	data32
0FF1CB	1	data8
0FF1CC	40	data32
0FF1F4	1	data8
0FF1F5	44	data32
0FF221	1	data8
0FF222	40	data32
0FF24A	1	data8
0FF24B	40	data32
0FF273	1	data8
0FF274	44	data32
0FF2A0	1	data8
0FF2A1	48	data32
0FF2D1	1	data8
0FF2D2	44	data32
0FF2FE	1	data8
0FF2FF	44	data32
0FF32B	1	data8
0FF32C	20	data32
0FF340	1	data8
0FF341	32	data32
0FF361	1	data8
0FF362	48	data32
0FF392	1	data8
0FF393	56	data32
0FF3CB	1	data8
0FF3CC	24	data32
0FF3E4	1	data8
0FF3E5	32	data32
0FF405	1	data8
0FF406	48	data32
0FF436	1	data8
0FF437	52	data32
0FF46B	1	data8
0FF46C	32	data32
0FF48C	1	data8
0FF48D	24	data32
0FF4A5	1	data8
0FF4A6	48	data32
0FF4D6	1	data8
0FF4D7	40	data32
0FF4FF	1	data8
0FF500	40	data32
0FF528	1	data8
0FF529	40	data32
0FF551	1	data8
0FF552	20	data32
0FF566	1	data8
0FF567	24	data32
0FF57F	1	data8
0FF580	32	data32
0FF5A0	1	data8
0FF5A1	40	data32
0FF5C9	1	data8
0FF5CA	24	data32
0FF5E2	1	data8
0FF5E3	8	data32
0FF5EB	1	data8
0FF5EC	8	data32
0FF5F4	1	data8
0FF5F5	8	data32
0FF5FD	1	data8
0FF5FE	8	data32
0FF606	1	data8
0FF607	8	data32
0FF60F	1	data8
0FF610	8	data32
0FF618	1	data8
0FF619	8	data32
0FF621	1	data8
0FF622	8	data32
0FF62A	1	data8
0FF62B	8	data32
0FF633	1	data8
0FF634	8	data32
0FF63C	1	data8
0FF63D	8	data32
0FF645	1	data8
0FF646	8	data32
0FF64E	1	data8
0FF64F	12	data32
0FF65B	1	data8
0FF65C	12	data32
0FF668	1	data8
0FF669	8	data32
0FF671	1	data8
0FF672	8	data32
0FF67A	1	data8
0FF67B	12	data32
0FF687	1	data8
0FF688	12	data32
0FF694	1	data8
0FF695	12	data32
0FF6A1	1	data8
0FF6A2	12	data32
0FF6AE	1	data8
0FF6AF	12	data32
0FF6BB	1	data8
0FF6BC	12	data32
0FF6C8	1	data8
0FF6C9	16	data32
0FF6D9	1	data8
0FF6DA	8	data32
0FF6E2	1	data8
0FF6E3	12	data32
0FF6EF	1	data8
0FF6F0	8	data32
0FF6F8	1	data8
0FF6F9	12	data32
0FF705	1	data8
0FF706	8	data32
0FF70E	1	data8
0FF70F	8	data32
0FF717	1	data8
0FF718	8	data32
0FF720	1	data8
0FF721	8	data32
0FF729	1	data8
0FF72A	16	data32
0FF73A	1	data8
0FF73B	12	data32
0FF747	1	data8
0FF748	16	data32
0FF758	1	data8
0FF759	12	data32
0FF765	1	data8
0FF766	12	data32
0FF772	1	data8
0FF773	12	data32
0FF77F	1	data8
0FF780	12	data32
0FF78C	1	data8
0FF78D	16	data32
0FF79D	1	data8
0FF79E	16	data32
0FF7AE	1	data8
0FF7AF	12	data32
0FF7BB	1	data8
0FF7BC	12	data32
0FF7C8	1	data8
0FF7C9	12	data32
0FF7D5	1	data8
0FF7D6	16	data32
0FF7E6	1	data8
0FF7E7	16	data32
0FF7F7	1	data8
0FF7F8	16	data32
0FF808	1	data8
0FF809	12	data32
0FF815	1	data8
0FF816	16	data32
0FF826	1	data8
0FF827	12	data32
0FF833	1	data8
0FF834	12	data32
0FF840	1	data8
0FF841	8	data32
0FF849	1	data8
0FF84A	8	data32
0FF852	1	data8
0FF853	4	data32
0FF857	1	data8
0FF858	12	data32
0FF864	1	data8
0FF865	12	data32
0FF871	1	data8
0FF872	8	data32
0FF87A	1	data8
0FF87B	16	data32
0FF88B	1	data8
0FF88C	16	data32
0FF89C	1	data8
0FF89D	12	data32
0FF8A9	1	data8
0FF8AA	4	data32
0FF8AE	1	data8
0FF8AF	4	data32
0FF8B3	1	data8
0FF8B4	8	data32
0FF8BC	1	data8
0FF8BD	8	data32
0FF8C5	1	data8
0FF8C6	4	data32
0FF8CA	1	data8
0FF8CB	12	data32
0FF8D7	1	data8
0FF8D8	12	data32
0FF8E4	1	data8
0FF8E5	8	data32
0FF8ED	1	data8
0FF8EE	12	data32
0FF8FA	1	data8
0FF8FB	4	data32
0FF8FF	1	data8
0FF900	4	data32
0FF904	1	data8
0FF905	12	data32
0FF911	1	data8
0FF912	8	data32
0FF91A	1	data8
0FF91B	8	data32
0FF923	1	data8
0FF924	12	data32
0FF930	1	data8
0FF931	12	data32
0FF93D	1	data8
0FF93E	4	data32
0FF942	1	data8
0FF943	12	data32
0FF94F	1	data8
0FF950	8	data32
0FF958	1	data8
0FF959	4	data32
0FF95D	1	data8
0FF95E	4	data32
0FF962	1	data8
0FF963	12	data32
0FF96F	1	data8
0FF970	12	data32
0FF97C	1	data8
0FF97D	4	data32
0FF981	1	data8
0FF982	4	data32
0FF986	1	data8
0FF987	8	data32
0FF98F	1	data8
0FF990	8	data32
0FF998	1	data8
0FF999	8	data32
0FF9A1	1	data8
0FF9A2	8	data32
0FF9AA	1	data8
0FF9AB	4	data32
0FF9AF	1	data8
0FF9B0	8	data32
0FF9B8	1	data8
0FF9B9	12	data32
0FF9C5	1	data8
0FF9C6	8	data32
0FF9CE	1	data8
0FF9CF	4	data32
0FF9D3	1	data8
0FF9D4	4	data32
0FF9D8	1	data8
0FF9D9	8	data32
0FF9E1	1	data8
0FF9E2	8	data32
0FF9EA	1	data8
0FF9EB	4	data32
0FF9EF	1	data8
0FF9F0	8	data32
0FF9F8	1	data8
0FF9F9	4	data32
0FF9FD	1	data8
0FF9FE	4	data32
0FFA02	1	data8
0FFA03	8	data32
0FFA0B	1	data8
0FFA0C	8	data32
0FFA14	1	data8
0FFA15	4	data32
0FFA19	1	data8
0FFA1A	4	data32
0FFA1E	1	data8
0FFA1F	12	data32
0FFA2B	1	data8
0FFA2C	12	data32
0FFA38	1	data8
0FFA39	12	data32
0FFA45	1	data8
0FFA46	4	data32
0FFA4A	1	data8
0FFA4B	12	data32
0FFA57	1	data8
0FFA58	12	data32
0FFA64	1	data8
0FFA65	12	data32
0FFA71	1	data8
0FFA72	12	data32
0FFA7E	1	data8
0FFA7F	8	data32
0FFA87	1	data8
0FFA88	12	data32
0FFA94	1	data8
0FFA95	8	data32
0FFA9D	1	data8
0FFA9E	12	data32
0FFAAA	1	data8
0FFAAB	8	data32
0FFAB3	1	data8
0FFAB4	8	data32
0FFABC	1	data8
0FFABD	12	data32
0FFAC9	1	data8
0FFACA	12	data32
0FFAD6	1	data8
0FFAD7	4	data32
0FFADB	1	data8
0FFADC	8	data32
0FFAE4	1	data8
0FFAE5	8	data32
0FFAED	1	data8
0FFAEE	12	data32
0FFAFA	1	data8
0FFAFB	4	data32
0FFAFF	1	data8
0FFB00	4	data32
0FFB04	1	data8
0FFB05	12	data32
0FFB11	1	data8
0FFB12	12	data32
0FFB1E	1	data8
0FFB1F	8	data32
0FFB27	1	data8
0FFB28	16	data32
0FFB38	1	data8
0FFB39	4	data32
0FFB3D	1	data8
0FFB3E	4	data32
0FFB42	1	data8
0FFB43	16	data32
0FFB53	1	data8
0FFB54	12	data32
0FFB60	1	data8
0FFB61	8	data32
0FFB69	1	data8
0FFB6A	12	data32
0FFB76	1	data8
0FFB77	8	data32
0FFB7F	1	data8
0FFB80	8	data32
0FFB88	1	data8
0FFB89	4	data32
0FFB8D	1	data8
0FFB8E	4	data32
0FFB92	1	data8
0FFB93	4	data32
0FFB97	1	data8
0FFB98	12	data32
0FFBA4	1	data8
0FFBA5	12	data32
0FFBB1	1	data8
0FFBB2	4	data32
0FFBB6	1	data8
0FFBB7	4	data32
0FFBBB	1	data8
0FFBBC	24	data32
0FFBD4	1	data8
0FFBD5	24	data32
0FFBED	1	data8
0FFBEE	4	data32
0FFBF2	1	data8
0FFBF3	8	data32
0FFBFB	1	data8
0FFBFC	16	data32
0FFC0C	1	data8
0FFC0D	20	data32
0FFC21	1	data8
0FFC22	20	data32
0FFC36	1	data8
0FFC37	4	data32
0FFC3B	1	data8
0FFC3C	4	data32
0FFC40	1	data8
0FFC41	16	data32
0FFC51	1	data8
0FFC52	24	data32
0FFC6A	1	data8
0FFC6B	28	data32
0FFC87	1	data8
0FFC88	4	data32
0FFC8C	1	data8
0FFC8D	4	data32
0FFC91	1	data8
0FFC92	24	data32
0FFCAA	1	data8
0FFCAB	8	data32
0FFCB3	1	data8
0FFCB4	16	data32
0FFCC4	1	data8
0FFCC5	4	data32
0FFCC9	1	data8
0FFCCA	8	data32
0FFCD2	1	data8
0FFCD3	24	data32
0FFCEB	1	data8
0FFCEC	16	data32
0FFCFC	1	data8
0FFCFD	20	data32
0FFD11	1	data8
0FFD12	4	data32
0FFD16	1	data8
0FFD17	16	data32
0FFD27	1	data8
0FFD28	16	data32
0FFD38	1	data8
0FFD39	4	data32
0FFD3D	1	data8
0FFD3E	16	data32
0FFD4E	1	data8
0FFD4F	8	data32
0FFD57	1	data8
0FFD58	24	data32
0FFD70	1	data8
0FFD71	24	data32
0FFD89	1	data8
0FFD8A	24	data32
0FFDA2	1	data8
0FFDA3	8	data32
0FFDAB	1	data8
0FFDAC	4	data32
0FFDB0	1	data8
0FFDB1	12	data32
0FFDBD	1	data8
0FFDBE	16	data32
0FFDCE	1	data8
0FFDCF	4	data32
0FFDD3	1	data8
0FFDD4	28	data32
0FFDF0	1	data8
0FFDF1	28	data32
0FFE0D	1	data8
0FFE0E	16	data32
0FFE1E	1	data8
0FFE1F	8	data32
0FFE27	1	data8
0FFE28	4	data32
0FFE2C	1	data8
0FFE2D	12	data32
0FFE39	1	data8
0FFE3A	28	data32
0FFE56	1	data8
0FFE57	28	data32
0FFE73	1	data8
0FFE74	28	data32
0FFE90	1	data8
0FFE91	4	data32
0FFE95	1	data8
0FFE96	4	data32
0FFE9A	1	data8
0FFE9B	24	data32
0FFEB3	1	data8
0FFEB4	24	data32
0FFECC	1	data8
0FFECD	4	data32
0FFED1	1	data8
0FFED2	16	data32
0FFEE2	1	data8
0FFEE3	8	data32
0FFEEB	1	data8
0FFEEC	8	data32
0FFEF4	1	data8
0FFEF5	16	data32
0FFF05	1	data8
0FFF06	16	data32
0FFF16	1	data8
0FFF17	12	data32
0FFF23	1	data8
0FFF24	16	data32
0FFF34	1	data8
0FFF35	12	data32
0FFF41	1	data8
0FFF42	12	data32
0FFF4E	1	data8
0FFF4F	8	data32
0FFF57	1	data8
0FFF58	4	data32
0FFF5C	1	data8
0FFF5D	4	data32
0FFF61	1	data8
0FFF62	24	data32
0FFF7A	1	data8
0FFF7B	8	data32
0FFF83	1	data8
0FFF84	4	data32
0FFF88	1	data8
0FFF89	4	data32
0FFF8D	1	data8
0FFF8E	4	data32
0FFF92	1	data8
0FFF93	12	data32
0FFF9F	1	data8
0FFFA0	12	data32
0FFFAC	1	data8
0FFFAD	12	data32
0FFFB9	1	data8
0FFFBA	16	data32
0FFFCA	1	data8
0FFFCB	8	data32
0FFFD3	1	data8
0FFFD4	16	data32
0FFFE4	28	empty
108000	1	data8
108001	28	data32
10801D	1	data8
10801E	28	data32
10803A	1	data8
10803B	28	data32
108057	1	data8
108058	28	data32
108074	1	data8
108075	28	data32
108091	1	data8
108092	16	data32
1080A2	1	data8
1080A3	128	data32
108123	1	data8
108124	128	data32
1081A4	1	data8
1081A5	128	data32
108225	1	data8
108226	136	data32
1082AE	1	data8
1082AF	136	data32
108337	1	data8
108338	136	data32
1083C0	1	data8
1083C1	140	data32
10844D	1	data8
10844E	140	data32
1084DA	1	data8
1084DB	140	data32
108567	1	data8
108568	144	data32
1085F8	1	data8
1085F9	144	data32
108689	1	data8
10868A	140	data32
108716	1	data8
108717	168	data32
1087BF	1	data8
1087C0	152	data32
108858	1	data8
108859	160	data32
1088F9	1	data8
1088FA	184	data32
1089B2	1	data8
1089B3	188	data32
108A6F	1	data8
108A70	16	data32
108A80	1	data8
108A81	32	data32
108AA1	1	data8
108AA2	36	data32
108AC6	1	data8
108AC7	40	data32
108AEF	1	data8
108AF0	32	data32
108B10	1	data8
108B11	28	data32
108B2D	1	data8
108B2E	24	data32
108B46	1	data8
108B47	16	data32
108B57	1	data8
108B58	16	data32
108B68	1	data8
108B69	8	data32
108B71	1	data8
108B72	4	data32
108B76	1	data8
108B77	4	data32
108B7B	1	data8
108B7C	12	data32
108B88	1	data8
108B89	12	data32
108B95	1	data8
108B96	4	data32
108B9A	1	data8
108B9B	104	data32
108C03	1	data8
108C04	108	data32
108C70	1	data8
108C71	124	data32
108CED	1	data8
108CEE	80	data32
108D3E	1	data8
108D3F	76	data32
108D8B	1	data8
108D8C	120	data32
108E04	1	data8
108E05	92	data32
108E61	1	data8
108E62	80	data32
108EB2	1	data8
108EB3	124	data32
108F2F	1	data8
108F30	120	data32
108FA8	1	data8
108FA9	132	data32
10902D	1	data8
10902E	140	data32
1090BA	1	data8
1090BB	156	data32
109157	1	data8
109158	152	data32
1091F0	1	data8
1091F1	148	data32
109285	1	data8
109286	140	data32
109312	1	data8
109313	148	data32
1093A7	1	data8
1093A8	128	data32
109428	1	data8
109429	104	data32
109491	1	data8
109492	156	data32
10952E	1	data8
10952F	152	data32
1095C7	1	data8
1095C8	172	data32
109674	1	data8
109675	120	data32
1096ED	1	data8
1096EE	176	data32
10979E	1	data8
10979F	160	data32
10983F	1	data8
109840	156	data32
1098DC	1	data8
1098DD	32	data32
1098FD	1	data8
1098FE	20	data32
109912	1	data8
109913	4	data32
109917	1	data8
109918	8	data32
109920	1	data8
109921	140	data32
1099AD	1	data8
1099AE	196	data32
109A72	1	data8
109A73	16	data32
109A83	1	data8
109A84	16	data32
109A94	1	data8
109A95	16	data32
109AA5	1	data8
109AA6	16	data32
109AB6	1	data8
109AB7	16	data32
109AC7	1	data8
109AC8	24	data32
109AE0	1	data8
109AE1	24	data32
109AF9	1	data8
109AFA	16	data32
109B0A	1	data8
109B0B	24	data32
109B23	1	data8
109B24	24	data32
109B3C	1	data8
109B3D	16	data32
109B4D	1	data8
109B4E	16	data32
109B5E	1	data8
109B5F	16	data32
109B6F	1	data8
109B70	16	data32
109B80	1	data8
109B81	4	data32
109B85	1	data8
109B86	4	data32
109B8A	1	data8
109B8B	8	data32
109B93	1	data8
109B94	72	data32
109BDC	1	data8
109BDD	80	data32
109C2D	1	data8
109C2E	88	data32
109C86	1	data8
109C87	88	data32
109CDF	1	data8
109CE0	80	data32
109D30	1	data8
109D31	48	data32
109D61	1	data8
109D62	48	data32
109D92	1	data8
109D93	48	data32
109DC3	1	data8
109DC4	28	data32
109DE0	1	data8
109DE1	40	data32
109E09	1	data8
109E0A	40	data32
109E32	1	data8
109E33	36	data32
109E57	1	data8
109E58	20	data32
109E6C	1	data8
109E6D	40	data32
109E95	1	data8
109E96	40	data32
109EBE	1	data8
109EBF	40	data32
109EE7	1	data8
109EE8	16	data32
109EF8	1	data8
109EF9	40	data32
109F21	1	data8
109F22	40	data32
109F4A	1	data8
109F4B	36	data32
109F6F	1	data8
109F70	20	data32
109F84	1	data8
109F85	12	data32
109F91	1	data8
109F92	12	data32
109F9E	1	data8
109F9F	24	data32
109FB7	1	data8
109FB8	24	data32
109FD0	1	data8
109FD1	24	data32
109FE9	1	data8
109FEA	28	data32
10A006	1	data8
10A007	4	data32
10A00B	1	data8
10A00C	4	data32
10A010	1	data8
10A011	4	data32
10A015	1	data8
10A016	4	data32
10A01A	1	data8
10A01B	4	data32
10A01F	1	data8
10A020	4	data32
10A024	1	data8
10A025	4	data32
10A029	1	data8
10A02A	4	data32
10A02E	1	data8
10A02F	24	data32
10A047	1	data8
10A048	16	data32
10A058	1	data8
10A059	16	data32
10A069	1	data8
10A06A	16	data32
10A07A	1	data8
10A07B	24	data32
10A093	1	data8
10A094	24	data32
10A0AC	1	data8
10A0AD	20	data32
10A0C1	1	data8
10A0C2	16	data32
10A0D2	1	data8
10A0D3	24	data32
10A0EB	1	data8
10A0EC	24	data32
10A104	1	data8
10A105	12	data32
10A111	1	data8
10A112	28	data32
10A12E	1	data8
10A12F	88	data32
10A187	1	data8
10A188	20	data32
10A19C	1	data8
10A19D	24	data32
10A1B5	1	data8
10A1B6	24	data32
10A1CE	1	data8
10A1CF	24	data32
10A1E7	1	data8
10A1E8	24	data32
10A200	1	data8
10A201	76	data32
10A24D	1	data8
10A24E	76	data32
10A29A	1	data8
10A29B	80	data32
10A2EB	1	data8
10A2EC	80	data32
10A33C	1	data8
10A33D	64	data32
10A37D	1	data8
10A37E	76	data32
10A3CA	1	data8
10A3CB	72	data32
10A413	1	data8
10A414	68	data32
10A458	1	data8
10A459	76	data32
10A4A5	1	data8
10A4A6	72	data32
10A4EE	1	data8
10A4EF	84	data32
10A543	1	data8
10A544	36	data32
10A568	1	data8
10A569	60	data32
10A5A5	1	data8
10A5A6	84	data32
10A5FA	1	data8
10A5FB	84	data32
10A64F	1	data8
10A650	108	data32
10A6BC	1	data8
10A6BD	72	data32
10A705	1	data8
10A706	72	data32
10A74E	1	data8
10A74F	72	data32
10A797	1	data8
10A798	72	data32
10A7E0	1	data8
10A7E1	72	data32
10A829	1	data8
10A82A	12	data32
10A836	1	data8
10A837	56	data32
10A86F	1	data8
10A870	4	data32
10A874	1	data8
10A875	16	data32
10A885	1	data8
10A886	16	data32
10A896	1	data8
10A897	16	data32
10A8A7	1	data8
10A8A8	16	data32
10A8B8	1	data8
10A8B9	16	data32
10A8C9	1	data8
10A8CA	16	data32
10A8DA	1	data8
10A8DB	16	data32
10A8EB	1	data8
10A8EC	16	data32
10A8FC	1	data8
10A8FD	16	data32
10A90D	1	data8
10A90E	16	data32
10A91E	1	data8
10A91F	16	data32
10A92F	1	data8
10A930	16	data32
10A940	1	data8
10A941	16	data32
10A951	1	data8
10A952	16	data32
10A962	1	data8
10A963	16	data32
10A973	1	data8
10A974	68	data32
10A9B8	1	data8
10A9B9	4	data32
10A9BD	1	data8
10A9BE	20	data32
10A9D2	1	data8
10A9D3	20	data32
10A9E7	1	data8
10A9E8	28	data32
10AA04	1	data8
10AA05	40	data32
10AA2D	1	data8
10AA2E	16	data32
10AA3E	1	data8
10AA3F	20	data32
10AA53	1	data8
10AA54	44	data32
10AA80	1	data8
10AA81	20	data32
10AA95	1	data8
10AA96	20	data32
10AAAA	1	data8
10AAAB	20	data32
10AABF	1	data8
10AAC0	8	data32
10AAC8	1	data8
10AAC9	16	data32
10AAD9	1	data8
10AADA	20	data32
10AAEE	1	data8
10AAEF	40	data32
10AB17	1	data8
10AB18	16	data32
10AB28	1	data8
10AB29	16	data32
10AB39	1	data8
10AB3A	16	data32
10AB4A	1	data8
10AB4B	12	data32
10AB57	1	data8
10AB58	12	data32
10AB64	1	data8
10AB65	12	data32
10AB71	1	data8
10AB72	16	data32
10AB82	1	data8
10AB83	12	data32
10AB8F	1	data8
10AB90	12	data32
10AB9C	1	data8
10AB9D	12	data32
10ABA9	1	data8
10ABAA	16	data32
10ABBA	1	data8
10ABBB	16	data32
10ABCB	1	data8
10ABCC	16	data32
10ABDC	1	data8
10ABDD	12	data32
10ABE9	1	data8
10ABEA	12	data32
10ABF6	1	data8
10ABF7	12	data32
10AC03	1	data8
10AC04	16	data32
10AC14	1	data8
10AC15	16	data32
10AC25	1	data8
10AC26	16	data32
10AC36	1	data8
10AC37	16	data32
10AC47	1	data8
10AC48	16	data32
10AC58	1	data8
10AC59	16	data32
10AC69	1	data8
10AC6A	16	data32
10AC7A	1	data8
10AC7B	16	data32
10AC8B	1	data8
10AC8C	16	data32
10AC9C	1	data8
10AC9D	12	data32
10ACA9	1	data8
10ACAA	12	data32
10ACB6	1	data8
10ACB7	12	data32
10ACC3	1	data8
10ACC4	16	data32
10ACD4	1	data8
10ACD5	12	data32
10ACE1	1	data8
10ACE2	12	data32
10ACEE	1	data8
10ACEF	12	data32
10ACFB	1	data8
10ACFC	16	data32
10AD0C	1	data8
10AD0D	16	data32
10AD1D	1	data8
10AD1E	16	data32
10AD2E	1	data8
10AD2F	12	data32
10AD3B	1	data8
10AD3C	12	data32
10AD48	1	data8
10AD49	12	data32
10AD55	1	data8
10AD56	16	data32
10AD66	1	data8
10AD67	16	data32
10AD77	1	data8
10AD78	16	data32
10AD88	1	data8
10AD89	16	data32
10AD99	1	data8
10AD9A	16	data32
10ADAA	1	data8
10ADAB	16	data32
10ADBB	1	data8
10ADBC	8	data32
10ADC4	1	data8
10ADC5	8	data32
10ADCD	1	data8
10ADCE	8	data32
10ADD6	1	data8
10ADD7	8	data32
10ADDF	1	data8
10ADE0	4	data32
10ADE4	1	data8
10ADE5	4	data32
10ADE9	1	data8
10ADEA	8	data32
10ADF2	1	data8
10ADF3	8	data32
10ADFB	1	data8
10ADFC	4	data32
10AE00	1	data8
10AE01	4	data32
10AE05	1	data8
10AE06	8	data32
10AE0E	1	data8
10AE0F	8	data32
10AE17	1	data8
10AE18	8	data32
10AE20	1	data8
10AE21	8	data32
10AE29	1	data8
10AE2A	4	data32
10AE2E	1	data8
10AE2F	4	data32
10AE33	1	data8
10AE34	8	data32
10AE3C	1	data8
10AE3D	8	data32
10AE45	1	data8
10AE46	8	data32
10AE4E	1	data8
10AE4F	8	data32
10AE57	1	data8
10AE58	8	data32
10AE60	1	data8
10AE61	8	data32
10AE69	1	data8
10AE6A	8	data32
10AE72	1	data8
10AE73	8	data32
10AE7B	1	data8
10AE7C	8	data32
10AE84	1	data8
10AE85	4	data32
10AE89	1	data8
10AE8A	8	data32
10AE92	1	data8
10AE93	8	data32
10AE9B	1	data8
10AE9C	8	data32
10AEA4	1	data8
10AEA5	8	data32
10AEAD	1	data8
10AEAE	8	data32
10AEB6	1	data8
10AEB7	8	data32
10AEBF	1	data8
10AEC0	8	data32
10AEC8	1	data8
10AEC9	8	data32
10AED1	1	data8
10AED2	8	data32
10AEDA	1	data8
10AEDB	4	data32
10AEDF	1	data8
10AEE0	8	data32
10AEE8	1	data8
10AEE9	8	data32
10AEF1	1	data8
10AEF2	8	data32
10AEFA	1	data8
10AEFB	8	data32
10AF03	1	data8
10AF04	8	data32
10AF0C	1	data8
10AF0D	8	data32
10AF15	1	data8
10AF16	8	data32
10AF1E	1	data8
10AF1F	8	data32
10AF27	1	data8
10AF28	4	data32
10AF2C	1	data8
10AF2D	4	data32
10AF31	1	data8
10AF32	8	data32
10AF3A	1	data8
10AF3B	8	data32
10AF43	1	data8
10AF44	16	data32
10AF54	1	data8
10AF55	16	data32
10AF65	1	data8
10AF66	24	data32
10AF7E	1	data8
10AF7F	24	data32
10AF97	1	data8
10AF98	32	data32
10AFB8	1	data8
10AFB9	32	data32
10AFD9	1	data8
10AFDA	32	data32
10AFFA	1	data8
10AFFB	32	data32
10B01B	1	data8
10B01C	32	data32
10B03C	1	data8
10B03D	32	data32
10B05D	1	data8
10B05E	32	data32
10B07E	1	data8
10B07F	32	data32
10B09F	1	data8
10B0A0	32	data32
10B0C0	1	data8
10B0C1	32	data32
10B0E1	1	data8
10B0E2	24	data32
10B0FA	1	data8
10B0FB	24	data32
10B113	1	data8
10B114	16	data32
10B124	1	data8
10B125	16	data32
10B135	1	data8
10B136	8	data32
10B13E	1	data8
10B13F	8	data32
10B147	1	data8
10B148	8	data32
10B150	1	data8
10B151	8	data32
10B159	1	data8
10B15A	16	data32
10B16A	1	data8
10B16B	16	data32
10B17B	1	data8
10B17C	24	data32
10B194	1	data8
10B195	24	data32
10B1AD	1	data8
10B1AE	32	data32
10B1CE	1	data8
10B1CF	32	data32
10B1EF	1	data8
10B1F0	32	data32
10B210	1	data8
10B211	32	data32
10B231	1	data8
10B232	32	data32
10B252	1	data8
10B253	32	data32
10B273	1	data8
10B274	32	data32
10B294	1	data8
10B295	32	data32
10B2B5	1	data8
10B2B6	32	data32
10B2D6	1	data8
10B2D7	32	data32
10B2F7	1	data8
10B2F8	24	data32
10B310	1	data8
10B311	24	data32
10B329	1	data8
10B32A	16	data32
10B33A	1	data8
10B33B	16	data32
10B34B	1	data8
10B34C	8	data32
10B354	1	data8
10B355	8	data32
10B35D	1	data8
10B35E	32	data32
10B37E	1	data8
10B37F	8	data32
10B387	1	data8
10B388	8	data32
10B390	1	data8
10B391	16	data32
10B3A1	1	data8
10B3A2	16	data32
10B3B2	1	data8
10B3B3	24	data32
10B3CB	1	data8
10B3CC	24	data32
10B3E4	1	data8
10B3E5	32	data32
10B405	1	data8
10B406	32	data32
10B426	1	data8
10B427	32	data32
10B447	1	data8
10B448	32	data32
10B468	1	data8
10B469	32	data32
10B489	1	data8
10B48A	32	data32
10B4AA	1	data8
10B4AB	32	data32
10B4CB	1	data8
10B4CC	32	data32
10B4EC	1	data8
10B4ED	32	data32
10B50D	1	data8
10B50E	32	data32
10B52E	1	data8
10B52F	24	data32
10B547	1	data8
10B548	24	data32
10B560	1	data8
10B561	16	data32
10B571	1	data8
10B572	16	data32
10B582	1	data8
10B583	8	data32
10B58B	1	data8
10B58C	8	data32
10B594	1	data8
10B595	16	data32
10B5A5	1	data8
10B5A6	32	data32
10B5C6	1	data8
10B5C7	32	data32
10B5E7	1	data8
10B5E8	32	data32
10B608	1	data8
10B609	32	data32
10B629	1	data8
10B62A	40	data32
10B652	1	data8
10B653	32	data32
10B673	1	data8
10B674	32	data32
10B694	1	data8
10B695	16	data32
10B6A5	1	data8
10B6A6	32	data32
10B6C6	1	data8
10B6C7	32	data32
10B6E7	1	data8
10B6E8	20	data32
10B6FC	1	data8
10B6FD	4	data32
10B701	1	data8
10B702	20	data32
10B716	1	data8
10B717	24	data32
10B72F	1	data8
10B730	16	data32
10B740	1	data8
10B741	16	data32
10B751	1	data8
10B752	16	data32
10B762	1	data8
10B763	16	data32
10B773	1	data8
10B774	20	data32
10B788	1	data8
10B789	20	data32
10B79D	1	data8
10B79E	24	data32
10B7B6	1	data8
10B7B7	8	data32
10B7BF	1	data8
10B7C0	24	data32
10B7D8	1	data8
10B7D9	24	data32
10B7F1	1	data8
10B7F2	12	data32
10B7FE	1	data8
10B7FF	12	data32
10B80B	1	data8
10B80C	12	data32
10B818	1	data8
10B819	12	data32
10B825	1	data8
10B826	12	data32
10B832	1	data8
10B833	12	data32
10B83F	1	data8
10B840	12	data32
10B84C	1	data8
10B84D	12	data32
10B859	1	data8
10B85A	12	data32
10B866	1	data8
10B867	16	data32
10B877	1	data8
10B878	4	data32
10B87C	1	data8
10B87D	12	data32
10B889	1	data8
10B88A	12	data32
10B896	1	data8
10B897	8	data32
10B89F	1	data8
10B8A0	116	data32
10B914	1	data8
10B915	116	data32
10B989	1	data8
10B98A	116	data32
10B9FE	1	data8
10B9FF	116	data32
10BA73	1	data8
10BA74	120	data32
10BAEC	1	data8
10BAED	120	data32
10BB65	1	data8
10BB66	124	data32
10BBE2	1	data8
10BBE3	120	data32
10BC5B	1	data8
10BC5C	136	data32
10BCE4	1	data8
10BCE5	108	data32
10BD51	1	data8
10BD52	112	data32
10BDC2	1	data8
10BDC3	112	data32
10BE33	1	data8
10BE34	128	data32
10BEB4	1	data8
10BEB5	92	data32
10BF11	1	data8
10BF12	124	data32
10BF8E	1	data8
10BF8F	12	data32
10BF9B	1	data8
10BF9C	12	data32
10BFA8	1	data8
10BFA9	12	data32
10BFB5	1	data8
10BFB6	12	data32
10BFC2	1	data8
10BFC3	12	data32
10BFCF	1	data8
10BFD0	12	data32
10BFDC	1	data8
10BFDD	12	data32
10BFE9	1	data8
10BFEA	12	data32
10BFF6	1	data8
10BFF7	92	data32
10C053	1	data8
10C054	80	data32
10C0A4	1	data8
10C0A5	80	data32
10C0F5	1	data8
10C0F6	92	data32
10C152	1	data8
10C153	92	data32
10C1AF	1	data8
10C1B0	96	data32
10C210	1	data8
10C211	128	data32
10C291	1	data8
10C292	124	data32
10C30E	1	data8
10C30F	124	data32
10C38B	1	data8
10C38C	112	data32
10C3FC	1	data8
10C3FD	112	data32
10C46D	1	data8
10C46E	112	data32
10C4DE	1	data8
10C4DF	112	data32
10C54F	1	data8
10C550	120	data32
10C5C8	1	data8
10C5C9	128	data32
10C649	1	data8
10C64A	92	data32
10C6A6	1	data8
10C6A7	92	data32
10C703	1	data8
10C704	96	data32
10C764	1	data8
10C765	124	data32
10C7E1	1	data8
10C7E2	128	data32
10C862	1	data8
10C863	100	data32
10C8C7	1	data8
10C8C8	148	data32
10C95C	1	data8
10C95D	148	data32
10C9F1	1	data8
10C9F2	148	data32
10CA86	1	data8
10CA87	148	data32
10CB1B	1	data8
10CB1C	148	data32
10CBB0	1	data8
10CBB1	4	data32
10CBB5	1	data8
10CBB6	4	data32
10CBBA	1	data8
10CBBB	4	data32
10CBBF	1	data8
10CBC0	140	data32
10CC4C	1	data8
10CC4D	148	data32
10CCE1	1	data8
10CCE2	144	data32
10CD72	1	data8
10CD73	116	data32
10CDE7	1	data8
10CDE8	116	data32
10CE5C	1	data8
10CE5D	112	data32
10CECD	1	data8
10CECE	4	data32
10CED2	1	data8
10CED3	112	data32
10CF43	1	data8
10CF44	112	data32
10CFB4	1	data8
10CFB5	148	data32
10D049	1	data8
10D04A	148	data32
10D0DE	1	data8
10D0DF	136	data32
10D167	1	data8
10D168	160	data32
10D208	1	data8
10D209	160	data32
10D2A9	1	data8
10D2AA	168	data32
10D352	1	data8
10D353	160	data32
10D3F3	1	data8
10D3F4	100	data32
10D458	1	data8
10D459	100	data32
10D4BD	1	data8
10D4BE	108	data32
10D52A	1	data8
10D52B	108	data32
10D597	1	data8
10D598	104	data32
10D600	1	data8
10D601	164	data32
10D6A5	1	data8
10D6A6	152	data32
10D73E	1	data8
10D73F	160	data32
10D7DF	1	data8
10D7E0	156	data32
10D87C	1	data8
10D87D	160	data32
10D91D	1	data8
10D91E	84	data32
10D972	1	data8
10D973	148	data32
10DA07	1	data8
10DA08	156	data32
10DAA4	1	data8
10DAA5	148	data32
10DB39	1	data8
10DB3A	84	data32
10DB8E	1	data8
10DB8F	160	data32
10DC2F	1	data8
10DC30	160	data32
10DCD0	1	data8
10DCD1	152	data32
10DD69	1	data8
10DD6A	116	data32
10DDDE	1	data8
10DDDF	116	data32
10DE53	1	data8
10DE54	124	data32
10DED0	1	data8
10DED1	124	data32
10DF4D	1	data8
10DF4E	116	data32
10DFC2	1	data8
10DFC3	72	data32
10E00B	1	data8
10E00C	72	data32
10E054	1	data8
10E055	80	data32
10E0A5	1	data8
10E0A6	80	data32
10E0F6	1	data8
10E0F7	68	data32
10E13B	1	data8
10E13C	56	data32
10E174	1	data8
10E175	56	data32
10E1AD	1	data8
10E1AE	64	data32
10E1EE	1	data8
10E1EF	60	data32
10E22B	1	data8
10E22C	52	data32
10E260	1	data8
10E261	44	data32
10E28D	1	data8
10E28E	44	data32
10E2BA	1	data8
10E2BB	52	data32
10E2EF	1	data8
10E2F0	56	data32
10E328	1	data8
10E329	56	data32
10E361	1	data8
10E362	44	data32
10E38E	1	data8
10E38F	72	data32
10E3D7	1	data8
10E3D8	156	data32
10E474	1	data8
10E475	164	data32
10E519	1	data8
10E51A	164	data32
10E5BE	1	data8
10E5BF	164	data32
10E663	1	data8
10E664	164	data32
10E708	1	data8
10E709	156	data32
10E7A5	1	data8
10E7A6	164	data32
10E84A	1	data8
10E84B	72	data32
10E893	1	data8
10E894	72	data32
10E8DC	1	data8
10E8DD	8	data32
10E8E5	1	data8
10E8E6	32	data32
10E906	1	data8
10E907	32	data32
10E927	1	data8
10E928	28	data32
10E944	1	data8
10E945	20	data32
10E959	1	data8
10E95A	20	data32
10E96E	1	data8
10E96F	20	data32
10E983	1	data8
10E984	4	data32
10E988	1	data8
10E989	4	data32
10E98D	1	data8
10E98E	4	data32
10E992	1	data8
10E993	4	data32
10E997	1	data8
10E998	4	data32
10E99C	1	data8
10E99D	4	data32
10E9A1	1	data8
10E9A2	4	data32
10E9A6	1	data8
10E9A7	4	data32
10E9AB	1	data8
10E9AC	4	data32
10E9B0	1	data8
10E9B1	4	data32
10E9B5	1	data8
10E9B6	4	data32
10E9BA	1	data8
10E9BB	4	data32
10E9BF	1	data8
10E9C0	12	data32
10E9CC	1	data8
10E9CD	24	data32
10E9E5	1	data8
10E9E6	36	data32
10EA0A	1	data8
10EA0B	48	data32
10EA3B	1	data8
10EA3C	60	data32
10EA78	1	data8
10EA79	72	data32
10EAC1	1	data8
10EAC2	84	data32
10EB16	1	data8
10EB17	96	data32
10EB77	1	data8
10EB78	108	data32
10EBE4	1	data8
10EBE5	120	data32
10EC5D	1	data8
10EC5E	132	data32
10ECE2	1	data8
10ECE3	144	data32
10ED73	1	data8
10ED74	144	data32
10EE04	1	data8
10EE05	144	data32
10EE95	1	data8
10EE96	144	data32
10EF26	1	data8
10EF27	28	data32
10EF43	1	data8
10EF44	28	data32
10EF60	1	data8
10EF61	28	data32
10EF7D	1	data8
10EF7E	24	data32
10EF96	1	data8
10EF97	20	data32
10EFAB	1	data8
10EFAC	24	data32
10EFC4	1	data8
10EFC5	28	data32
10EFE1	1	data8
10EFE2	28	data32
10EFFE	1	data8
10EFFF	28	data32
10F01B	1	data8
10F01C	4	data32
10F020	1	data8
10F021	4	data32
10F025	1	data8
10F026	16	data32
10F036	1	data8
10F037	20	data32
10F04B	1	data8
10F04C	24	data32
10F064	1	data8
10F065	24	data32
10F07D	1	data8
10F07E	16	data32
10F08E	1	data8
10F08F	16	data32
10F09F	1	data8
10F0A0	24	data32
10F0B8	1	data8
10F0B9	24	data32
10F0D1	1	data8
10F0D2	20	data32
10F0E6	1	data8
10F0E7	20	data32
10F0FB	1	data8
10F0FC	24	data32
10F114	1	data8
10F115	80	data32
10F165	1	data8
10F166	24	data32
10F17E	1	data8
10F17F	16	data32
10F18F	1	data8
10F190	16	data32
10F1A0	1	data8
10F1A1	112	data32
10F211	1	data8
10F212	112	data32
10F282	1	data8
10F283	112	data32
10F2F3	1	data8
10F2F4	12	data32
10F300	1	data8
10F301	8	data32
10F309	1	data8
10F30A	4	data32
10F30E	1	data8
10F30F	4	data32
10F313	1	data8
10F314	4	data32
10F318	1	data8
10F319	4	data32
10F31D	1	data8
10F31E	4	data32
10F322	1	data8
10F323	16	data32
10F333	1	data8
10F334	16	data32
10F344	1	data8
10F345	16	data32
10F355	1	data8
10F356	60	data32
10F392	1	data8
10F393	60	data32
10F3CF	1	data8
10F3D0	108	data32
10F43C	1	data8
10F43D	92	data32
10F499	1	data8
10F49A	60	data32
10F4D6	1	data8
10F4D7	16	data32
10F4E7	1	data8
10F4E8	32	data32
10F508	1	data8
10F509	52	data32
10F53D	1	data8
10F53E	44	data32
10F56A	1	data8
10F56B	32	data32
10F58B	1	data8
10F58C	56	data32
10F5C4	1	data8
10F5C5	36	data32
10F5E9	1	data8
10F5EA	16	data32
10F5FA	1	data8
10F5FB	4	data32
10F5FF	1	data8
10F600	4	data32
10F604	1	data8
10F605	40	data32
10F62D	1	data8
10F62E	36	data32
10F652	1	data8
10F653	32	data32
10F673	1	data8
10F674	36	data32
10F698	1	data8
10F699	48	data32
10F6C9	1	data8
10F6CA	44	data32
10F6F6	1	data8
10F6F7	40	data32
10F71F	1	data8
10F720	44	data32
10F74C	1	data8
10F74D	48	data32
10F77D	1	data8
10F77E	44	data32
10F7AA	1	data8
10F7AB	40	data32
10F7D3	1	data8
10F7D4	44	data32
10F800	1	data8
10F801	4	data32
10F805	1	data8
10F806	4	data32
10F80A	1	data8
10F80B	8	data32
10F813	1	data8
10F814	12	data32
10F820	1	data8
10F821	12	data32
10F82D	1	data8
10F82E	12	data32
10F83A	1	data8
10F83B	12	data32
10F847	1	data8
10F848	16	data32
10F858	1	data8
10F859	28	data32
10F875	1	data8
10F876	28	data32
10F892	1	data8
10F893	24	data32
10F8AB	1	data8
10F8AC	24	data32
10F8C4	1	data8
10F8C5	24	data32
10F8DD	1	data8
10F8DE	24	data32
10F8F6	1	data8
10F8F7	24	data32
10F90F	1	data8
10F910	4	data32
10F914	1	data8
10F915	8	data32
10F91D	1	data8
10F91E	8	data32
10F926	1	data8
10F927	88	data32
10F97F	1	data8
10F980	100	data32
10F9E4	1	data8
10F9E5	96	data32
10FA45	1	data8
10FA46	4	data32
10FA4A	1	data8
10FA4B	4	data32
10FA4F	1	data8
10FA50	8	data32
10FA58	1	data8
10FA59	12	data32
10FA65	1	data8
10FA66	12	data32
10FA72	1	data8
10FA73	32	data32
10FA93	1	data8
10FA94	24	data32
10FAAC	1	data8
10FAAD	36	data32
10FAD1	1	data8
10FAD2	32	data32
10FAF2	1	data8
10FAF3	32	data32
10FB13	1	data8
10FB14	32	data32
10FB34	1	data8
10FB35	16	data32
10FB45	1	data8
10FB46	16	data32
10FB56	1	data8
10FB57	16	data32
10FB67	1	data8
10FB68	16	data32
10FB78	1	data8
10FB79	16	data32
10FB89	1	data8
10FB8A	16	data32
10FB9A	1	data8
10FB9B	56	data32
10FBD3	1	data8
10FBD4	56	data32
10FC0C	1	data8
10FC0D	68	data32
10FC51	1	data8
10FC52	104	data32
10FCBA	1	data8
10FCBB	16	data32
10FCCB	1	data8
10FCCC	32	data32
10FCEC	1	data8
10FCED	36	data32
10FD11	1	data8
10FD12	44	data32
10FD3E	1	data8
10FD3F	12	data32
10FD4B	1	data8
10FD4C	36	data32
10FD70	1	data8
10FD71	32	data32
10FD91	1	data8
10FD92	36	data32
10FDB6	1	data8
10FDB7	16	data32
10FDC7	1	data8
10FDC8	44	data32
10FDF4	1	data8
10FDF5	40	data32
10FE1D	1	data8
10FE1E	44	data32
10FE4A	1	data8
10FE4B	20	data32
10FE5F	1	data8
10FE60	52	data32
10FE94	1	data8
10FE95	48	data32
10FEC5	1	data8
10FEC6	52	data32
10FEFA	1	data8
10FEFB	24	data32
10FF13	1	data8
10FF14	60	data32
10FF50	1	data8
10FF51	56	data32
10FF89	1	data8
10FF8A	60	data32
10FFC6	1	data8
10FFC7	28	data32
10FFE3	29	empty
118000	1	data8
118001	68	data32
118045	1	data8
118046	64	data32
118086	1	data8
118087	68	data32
1180CB	1	data8
1180CC	32	data32
1180EC	1	data8
1180ED	76	data32
118139	1	data8
11813A	72	data32
118182	1	data8
118183	76	data32
1181CF	1	data8
1181D0	36	data32
1181F4	1	data8
1181F5	84	data32
118249	1	data8
11824A	80	data32
11829A	1	data8
11829B	84	data32
1182EF	1	data8
1182F0	40	data32
118318	1	data8
118319	40	data32
118341	1	data8
118342	44	data32
11836E	1	data8
11836F	52	data32
1183A3	1	data8
1183A4	60	data32
1183E0	1	data8
1183E1	48	data32
118411	1	data8
118412	56	data32
11844A	1	data8
11844B	56	data32
118483	1	data8
118484	40	data32
1184AC	1	data8
1184AD	40	data32
1184D5	1	data8
1184D6	4	data32
1184DA	1	data8
1184DB	96	data32
11853B	1	data8
11853C	136	data32
1185C4	1	data8
1185C5	136	data32
11864D	1	data8
11864E	140	data32
1186DA	1	data8
1186DB	156	data32
118777	1	data8
118778	144	data32
118808	1	data8
118809	104	data32
118871	1	data8
118872	104	data32
1188DA	1	data8
1188DB	116	data32
11894F	1	data8
118950	96	data32
1189B0	1	data8
1189B1	140	data32
118A3D	1	data8
118A3E	140	data32
118ACA	1	data8
118ACB	136	data32
118B53	1	data8
118B54	152	data32
118BEC	1	data8
118BED	152	data32
118C85	1	data8
118C86	136	data32
118D0E	1	data8
118D0F	148	data32
118DA3	1	data8
118DA4	140	data32
118E30	1	data8
118E31	144	data32
118EC1	1	data8
118EC2	4	data32
118EC6	1	data8
118EC7	4	data32
118ECB	1	data8
118ECC	12	data32
118ED8	1	data8
118ED9	8	data32
118EE1	1	data8
118EE2	8	data32
118EEA	1	data8
118EEB	148	data32
118F7F	1	data8
118F80	140	data32
11900C	1	data8
11900D	168	data32
1190B5	1	data8
1190B6	168	data32
11915E	1	data8
11915F	16	data32
11916F	1	data8
119170	32	data32
119190	1	data8
119191	36	data32
1191B5	1	data8
1191B6	44	data32
1191E2	1	data8
1191E3	12	data32
1191EF	1	data8
1191F0	36	data32
119214	1	data8
119215	32	data32
119235	1	data8
119236	48	data32
119266	1	data8
119267	16	data32
119277	1	data8
119278	44	data32
1192A4	1	data8
1192A5	40	data32
1192CD	1	data8
1192CE	56	data32
119306	1	data8
119307	20	data32
11931B	1	data8
11931C	52	data32
119350	1	data8
119351	48	data32
119381	1	data8
119382	64	data32
1193C2	1	data8
1193C3	24	data32
1193DB	1	data8
1193DC	60	data32
119418	1	data8
119419	56	data32
119451	1	data8
119452	72	data32
11949A	1	data8
11949B	28	data32
1194B7	1	data8
1194B8	68	data32
1194FC	1	data8
1194FD	64	data32
11953D	1	data8
11953E	80	data32
11958E	1	data8
11958F	32	data32
1195AF	1	data8
1195B0	76	data32
1195FC	1	data8
1195FD	72	data32
119645	1	data8
119646	88	data32
11969E	1	data8
11969F	36	data32
1196C3	1	data8
1196C4	84	data32
119718	1	data8
119719	80	data32
119769	1	data8
11976A	96	data32
1197CA	1	data8
1197CB	72	data32
119813	1	data8
119814	144	data32
1198A4	1	data8
1198A5	24	data32
1198BD	1	data8
1198BE	24	data32
1198D6	1	data8
1198D7	24	data32
1198EF	1	data8
1198F0	16	data32
119900	1	data8
119901	16	data32
119911	1	data8
119912	16	data32
119922	1	data8
119923	52	data32
119957	1	data8
119958	72	data32
1199A0	1	data8
1199A1	52	data32
1199D5	1	data8
1199D6	16	data32
1199E6	1	data8
1199E7	8	data32
1199EF	1	data8
1199F0	8	data32
1199F8	1	data8
1199F9	4	data32
1199FD	1	data8
1199FE	4	data32
119A02	1	data8
119A03	16	data32
119A13	1	data8
119A14	8	data32
119A1C	1	data8
119A1D	16	data32
119A2D	1	data8
119A2E	24	data32
119A46	1	data8
119A47	24	data32
119A5F	1	data8
119A60	24	data32
119A78	1	data8
119A79	48	data32
119AA9	1	data8
119AAA	48	data32
119ADA	1	data8
119ADB	56	data32
119B13	1	data8
119B14	48	data32
119B44	1	data8
119B45	40	data32
119B6D	1	data8
119B6E	40	data32
119B96	1	data8
119B97	32	data32
119BB7	1	data8
119BB8	32	data32
119BD8	1	data8
119BD9	32	data32
119BF9	1	data8
119BFA	24	data32
119C12	1	data8
119C13	20	data32
119C27	1	data8
119C28	12	data32
119C34	1	data8
119C35	8	data32
119C3D	1	data8
119C3E	16	data32
119C4E	1	data8
119C4F	32	data32
119C6F	1	data8
119C70	24	data32
119C88	1	data8
119C89	32	data32
119CA9	1	data8
119CAA	24	data32
119CC2	1	data8
119CC3	32	data32
119CE3	1	data8
119CE4	32	data32
119D04	1	data8
119D05	80	data32
119D55	1	data8
119D56	16	data32
119D66	1	data8
119D67	32	data32
119D87	1	data8
119D88	24	data32
119DA0	1	data8
119DA1	32	data32
119DC1	1	data8
119DC2	24	data32
119DDA	1	data8
119DDB	32	data32
119DFB	1	data8
119DFC	32	data32
119E1C	1	data8
119E1D	96	data32
119E7D	1	data8
119E7E	64	data32
119EBE	1	data8
119EBF	16	data32
119ECF	1	data8
119ED0	16	data32
119EE0	1	data8
119EE1	32	data32
119F01	1	data8
119F02	32	data32
119F22	1	data8
119F23	80	data32
119F73	1	data8
119F74	80	data32
119FC4	1	data8
119FC5	80	data32
11A015	1	data8
11A016	80	data32
11A066	1	data8
11A067	36	data32
11A08B	1	data8
11A08C	44	data32
11A0B8	1	data8
11A0B9	28	data32
11A0D5	1	data8
11A0D6	28	data32
11A0F2	1	data8
11A0F3	12	data32
11A0FF	1	data8
11A100	4	data32
11A104	1	data8
11A105	4	data32
11A109	1	data8
11A10A	8	data32
11A112	1	data8
11A113	8	data32
11A11B	1	data8
11A11C	8	data32
11A124	1	data8
11A125	8	data32
11A12D	1	data8
11A12E	8	data32
11A136	1	data8
11A137	8	data32
11A13F	1	data8
11A140	112	data32
11A1B0	1	data8
11A1B1	112	data32
11A221	1	data8
11A222	112	data32
11A292	1	data8
11A293	116	data32
11A307	1	data8
11A308	112	data32
11A378	1	data8
11A379	124	data32
11A3F5	1	data8
11A3F6	124	data32
11A472	1	data8
11A473	124	data32
11A4EF	1	data8
11A4F0	144	data32
11A580	1	data8
11A581	136	data32
11A609	1	data8
11A60A	132	data32
11A68E	1	data8
11A68F	112	data32
11A6FF	1	data8
11A700	132	data32
11A784	1	data8
11A785	128	data32
11A805	1	data8
11A806	60	data32
11A842	1	data8
11A843	4	data32
11A847	1	data8
11A848	136	data32
11A8D0	1	data8
11A8D1	140	data32
11A95D	1	data8
11A95E	140	data32
11A9EA	1	data8
11A9EB	152	data32
11AA83	1	data8
11AA84	140	data32
11AB10	1	data8
11AB11	132	data32
11AB95	1	data8
11AB96	132	data32
11AC1A	1	data8
11AC1B	132	data32
11AC9F	1	data8
11ACA0	128	data32
11AD20	1	data8
11AD21	16	data32
11AD31	1	data8
11AD32	16	data32
11AD42	1	data8
11AD43	8	data32
11AD4B	1	data8
11AD4C	4	data32
11AD50	1	data8
11AD51	4	data32
11AD55	1	data8
11AD56	12	data32
11AD62	1	data8
11AD63	12	data32
11AD6F	1	data8
11AD70	12	data32
11AD7C	1	data8
11AD7D	20	data32
11AD91	1	data8
11AD92	20	data32
11ADA6	1	data8
11ADA7	16	data32
11ADB7	1	data8
11ADB8	8	data32
11ADC0	1	data8
11ADC1	16	data32
11ADD1	1	data8
11ADD2	8	data32
11ADDA	1	data8
11ADDB	8	data32
11ADE3	1	data8
11ADE4	8	data32
11ADEC	1	data8
11ADED	4	data32
11ADF1	1	data8
11ADF2	4	data32
11ADF6	1	data8
11ADF7	4	data32
11ADFB	1	data8
11ADFC	4	data32
11AE00	1	data8
11AE01	4	data32
11AE05	1	data8
11AE06	4	data32
11AE0A	1	data8
11AE0B	4	data32
11AE0F	1	data8
11AE10	4	data32
11AE14	1	data8
11AE15	4	data32
11AE19	1	data8
11AE1A	4	data32
11AE1E	1	data8
11AE1F	4	data32
11AE23	1	data8
11AE24	4	data32
11AE28	1	data8
11AE29	20	data32
11AE3D	1	data8
11AE3E	20	data32
11AE52	1	data8
11AE53	4	data32
11AE57	1	data8
11AE58	4	data32
11AE5C	1	data8
11AE5D	8	data32
11AE65	1	data8
11AE66	4	data32
11AE6A	1	data8
11AE6B	12	data32
11AE77	1	data8
11AE78	4	data32
11AE7C	1	data8
11AE7D	12	data32
11AE89	1	data8
11AE8A	28	data32
11AEA6	1	data8
11AEA7	8	data32
11AEAF	1	data8
11AEB0	36	data32
11AED4	1	data8
11AED5	16	data32
11AEE5	1	data8
11AEE6	28	data32
11AF02	1	data8
11AF03	32	data32
11AF23	1	data8
11AF24	28	data32
11AF40	1	data8
11AF41	8	data32
11AF49	1	data8
11AF4A	4	data32
11AF4E	1	data8
11AF4F	20	data32
11AF63	1	data8
11AF64	20	data32
11AF78	1	data8
11AF79	16	data32
11AF89	1	data8
11AF8A	16	data32
11AF9A	1	data8
11AF9B	16	data32
11AFAB	1	data8
11AFAC	16	data32
11AFBC	1	data8
11AFBD	16	data32
11AFCD	1	data8
11AFCE	16	data32
11AFDE	1	data8
11AFDF	16	data32
11AFEF	1	data8
11AFF0	16	data32
11B000	1	data8
11B001	80	data32
11B051	1	data8
11B052	80	data32
11B0A2	1	data8
11B0A3	76	data32
11B0EF	1	data8
11B0F0	72	data32
11B138	1	data8
11B139	72	data32
11B181	1	data8
11B182	72	data32
11B1CA	1	data8
11B1CB	72	data32
11B213	1	data8
11B214	72	data32
11B25C	1	data8
11B25D	8	data32
11B265	1	data8
11B266	8	data32
11B26E	1	data8
11B26F	8	data32
11B277	1	data8
11B278	8	data32
11B280	1	data8
11B281	20	data32
11B295	1	data8
11B296	20	data32
11B2AA	1	data8
11B2AB	20	data32
11B2BF	1	data8
11B2C0	20	data32
11B2D4	1	data8
11B2D5	20	data32
11B2E9	1	data8
11B2EA	104	data32
11B352	1	data8
11B353	108	data32
11B3BF	1	data8
11B3C0	92	data32
11B41C	1	data8
11B41D	104	data32
11B485	1	data8
11B486	108	data32
11B4F2	1	data8
11B4F3	96	data32
11B553	1	data8
11B554	88	data32
11B5AC	1	data8
11B5AD	88	data32
11B605	1	data8
11B606	100	data32
11B66A	1	data8
11B66B	104	data32
11B6D3	1	data8
11B6D4	104	data32
11B73C	1	data8
11B73D	100	data32
11B7A1	1	data8
11B7A2	100	data32
11B806	1	data8
11B807	120	data32
11B87F	1	data8
11B880	68	data32
11B8C4	1	data8
11B8C5	4	data32
11B8C9	1	data8
11B8CA	4	data32
11B8CE	1	data8
11B8CF	4	data32
11B8D3	1	data8
11B8D4	76	data32
11B920	1	data8
11B921	108	data32
11B98D	1	data8
11B98E	96	data32
11B9EE	1	data8
11B9EF	32	data32
11BA0F	1	data8
11BA10	44	data32
11BA3C	1	data8
11BA3D	32	data32
11BA5D	1	data8
11BA5E	36	data32
11BA82	1	data8
11BA83	32	data32
11BAA3	1	data8
11BAA4	44	data32
11BAD0	1	data8
11BAD1	32	data32
11BAF1	1	data8
11BAF2	36	data32
11BB16	1	data8
11BB17	88	data32
11BB6F	1	data8
11BB70	8	data32
11BB78	1	data8
11BB79	20	data32
11BB8D	1	data8
11BB8E	4	data32
11BB92	1	data8
11BB93	8	data32
11BB9B	1	data8
11BB9C	8	data32
11BBA4	1	data8
11BBA5	16	data32
11BBB5	1	data8
11BBB6	16	data32
11BBC6	1	data8
11BBC7	16	data32
11BBD7	1	data8
11BBD8	16	data32
11BBE8	1	data8
11BBE9	32	data32
11BC09	1	data8
11BC0A	40	data32
11BC32	1	data8
11BC33	44	data32
11BC5F	1	data8
11BC60	40	data32
11BC88	1	data8
11BC89	40	data32
11BCB1	1	data8
11BCB2	28	data32
11BCCE	1	data8
11BCCF	16	data32
11BCDF	1	data8
11BCE0	36	data32
11BD04	1	data8
11BD05	36	data32
11BD29	1	data8
11BD2A	64	data32
11BD6A	1	data8
11BD6B	40	data32
11BD93	1	data8
11BD94	24	data32
11BDAC	1	data8
11BDAD	24	data32
11BDC5	1	data8
11BDC6	24	data32
11BDDE	1	data8
11BDDF	32	data32
11BDFF	1	data8
11BE00	32	data32
11BE20	1	data8
11BE21	32	data32
11BE41	1	data8
11BE42	20	data32
11BE56	1	data8
11BE57	16	data32
11BE67	1	data8
11BE68	4	data32
11BE6C	1	data8
11BE6D	12	data32
11BE79	1	data8
11BE7A	4	data32
11BE7E	1	data8
11BE7F	16	data32
11BE8F	1	data8
11BE90	4	data32
11BE94	1	data8
11BE95	12	data32
11BEA1	1	data8
11BEA2	4	data32
11BEA6	1	data8
11BEA7	16	data32
11BEB7	1	data8
11BEB8	4	data32
11BEBC	1	data8
11BEBD	12	data32
11BEC9	1	data8
11BECA	4	data32
11BECE	1	data8
11BECF	16	data32
11BEDF	1	data8
11BEE0	4	data32
11BEE4	1	data8
11BEE5	12	data32
11BEF1	1	data8
11BEF2	4	data32
11BEF6	1	data8
11BEF7	4	data32
11BEFB	1	data8
11BEFC	4	data32
11BF00	1	data8
11BF01	44	data32
11BF2D	1	data8
11BF2E	44	data32
11BF5A	1	data8
11BF5B	36	data32
11BF7F	1	data8
11BF80	28	data32
11BF9C	1	data8
11BF9D	36	data32
11BFC1	1	data8
11BFC2	84	data32
11C016	1	data8
11C017	20	data32
11C02B	1	data8
11C02C	20	data32
11C040	1	data8
11C041	20	data32
11C055	1	data8
11C056	20	data32
11C06A	1	data8
11C06B	20	data32
11C07F	1	data8
11C080	20	data32
11C094	1	data8
11C095	20	data32
11C0A9	1	data8
11C0AA	20	data32
11C0BE	1	data8
11C0BF	20	data32
11C0D3	1	data8
11C0D4	20	data32
11C0E8	1	data8
11C0E9	20	data32
11C0FD	1	data8
11C0FE	20	data32
11C112	1	data8
11C113	20	data32
11C127	1	data8
11C128	20	data32
11C13C	1	data8
11C13D	20	data32
11C151	1	data8
11C152	24	data32
11C16A	1	data8
11C16B	20	data32
11C17F	1	data8
11C180	24	data32
11C198	1	data8
11C199	24	data32
11C1B1	1	data8
11C1B2	16	data32
11C1C2	1	data8
11C1C3	16	data32
11C1D3	1	data8
11C1D4	24	data32
11C1EC	1	data8
11C1ED	24	data32
11C205	1	data8
11C206	24	data32
11C21E	1	data8
11C21F	16	data32
11C22F	1	data8
11C230	16	data32
11C240	1	data8
11C241	152	data32
11C2D9	1	data8
11C2DA	140	data32
11C366	1	data8
11C367	152	data32
11C3FF	1	data8
11C400	140	data32
11C48C	1	data8
11C48D	12	data32
11C499	1	data8
11C49A	12	data32
11C4A6	1	data8
11C4A7	20	data32
11C4BB	1	data8
11C4BC	20	data32
11C4D0	1	data8
11C4D1	12	data32
11C4DD	1	data8
11C4DE	12	data32
11C4EA	1	data8
11C4EB	12	data32
11C4F7	1	data8
11C4F8	4	data32
11C4FC	1	data8
11C4FD	24	data32
11C515	1	data8
11C516	24	data32
11C52E	1	data8
11C52F	24	data32
11C547	1	data8
11C548	24	data32
11C560	1	data8
11C561	144	data32
11C5F1	1	data8
11C5F2	140	data32
11C67E	1	data8
11C67F	144	data32
11C70F	1	data8
11C710	140	data32
11C79C	1	data8
11C79D	152	data32
11C835	1	data8
11C836	116	data32
11C8AA	1	data8
11C8AB	120	data32
11C923	1	data8
11C924	120	data32
11C99C	1	data8
11C99D	132	data32
11CA21	1	data8
11CA22	136	data32
11CAAA	1	data8
11CAAB	136	data32
11CB33	1	data8
11CB34	136	data32
11CBBC	1	data8
11CBBD	64	data32
11CBFD	1	data8
11CBFE	32	data32
11CC1E	1	data8
11CC1F	64	data32
11CC5F	1	data8
11CC60	32	data32
11CC80	1	data8
11CC81	64	data32
11CCC1	1	data8
11CCC2	32	data32
11CCE2	1	data8
11CCE3	64	data32
11CD23	1	data8
11CD24	32	data32
11CD44	1	data8
11CD45	4	data32
11CD49	1	data8
11CD4A	4	data32
11CD4E	1	data8
11CD4F	16	data32
11CD5F	1	data8
11CD60	16	data32
11CD70	1	data8
11CD71	48	data32
11CDA1	1	data8
11CDA2	48	data32
11CDD2	1	data8
11CDD3	48	data32
11CE03	1	data8
11CE04	96	data32
11CE64	1	data8
11CE65	96	data32
11CEC5	1	data8
11CEC6	120	data32
11CF3E	1	data8
11CF3F	44	data32
11CF6B	1	data8
11CF6C	104	data32
11CFD4	1	data8
11CFD5	108	data32
11D041	1	data8
11D042	108	data32
11D0AE	1	data8
11D0AF	88	data32
11D107	1	data8
11D108	120	data32
11D180	1	data8
11D181	112	data32
11D1F1	1	data8
11D1F2	120	data32
11D26A	1	data8
11D26B	136	data32
11D2F3	1	data8
11D2F4	152	data32
11D38C	1	data8
11D38D	140	data32
11D419	1	data8
11D41A	152	data32
11D4B2	1	data8
11D4B3	104	data32
11D51B	1	data8
11D51C	88	data32
11D574	1	data8
11D575	108	data32
11D5E1	1	data8
11D5E2	72	data32
11D62A	1	data8
11D62B	72	data32
11D673	1	data8
11D674	100	data32
11D6D8	1	data8
11D6D9	100	data32
11D73D	1	data8
11D73E	116	data32
11D7B2	1	data8
11D7B3	112	data32
11D823	1	data8
11D824	4	data32
11D828	1	data8
11D829	16	data32
11D839	1	data8
11D83A	16	data32
11D84A	1	data8
11D84B	136	data32
11D8D3	1	data8
11D8D4	68	data32
11D918	1	data8
11D919	56	data32
11D951	1	data8
11D952	20	data32
11D966	1	data8
11D967	32	data32
11D987	1	data8
11D988	52	data32
11D9BC	1	data8
11D9BD	52	data32
11D9F1	1	data8
11D9F2	20	data32
11DA06	1	data8
11DA07	24	data32
11DA1F	1	data8
11DA20	24	data32
11DA38	1	data8
11DA39	24	data32
11DA51	1	data8
11DA52	24	data32
11DA6A	1	data8
11DA6B	8	data32
11DA73	1	data8
11DA74	8	data32
11DA7C	1	data8
11DA7D	4	data32
11DA81	1	data8
11DA82	8	data32
11DA8A	1	data8
11DA8B	8	data32
11DA93	1	data8
11DA94	8	data32
11DA9C	1	data8
11DA9D	8	data32
11DAA5	1	data8
11DAA6	8	data32
11DAAE	1	data8
11DAAF	4	data32
11DAB3	1	data8
11DAB4	40	data32
11DADC	1	data8
11DADD	52	data32
11DB11	1	data8
11DB12	76	data32
11DB5E	1	data8
11DB5F	52	data32
11DB93	1	data8
11DB94	60	data32
11DBD0	1	data8
11DBD1	60	data32
11DC0D	1	data8
11DC0E	68	data32
11DC52	1	data8
11DC53	92	data32
11DCAF	1	data8
11DCB0	36	data32
11DCD4	1	data8
11DCD5	60	data32
11DD11	1	data8
11DD12	84	data32
11DD66	1	data8
11DD67	60	data32
11DDA3	1	data8
11DDA4	84	data32
11DDF8	1	data8
11DDF9	68	data32
11DE3D	1	data8
11DE3E	92	data32
11DE9A	1	data8
11DE9B	72	data32
11DEE3	1	data8
11DEE4	76	data32
11DF30	1	data8
11DF31	100	data32
11DF95	1	data8
11DF96	76	data32
11DFE2	1	data8
11DFE3	4	data32
11DFE7	1	data8
11DFE8	108	data32
11E054	1	data8
11E055	108	data32
11E0C1	1	data8
11E0C2	104	data32
11E12A	1	data8
11E12B	24	data32
11E143	1	data8
11E144	28	data32
11E160	1	data8
11E161	32	data32
11E181	1	data8
11E182	32	data32
11E1A2	1	data8
11E1A3	16	data32
11E1B3	1	data8
11E1B4	16	data32
11E1C4	1	data8
11E1C5	16	data32
11E1D5	1	data8
11E1D6	16	data32
11E1E6	1	data8
11E1E7	60	data32
11E223	1	data8
11E224	32	data32
11E244	1	data8
11E245	64	data32
11E285	1	data8
11E286	96	data32
11E2E6	1	data8
11E2E7	64	data32
11E327	1	data8
11E328	32	data32
11E348	1	data8
11E349	16	data32
11E359	1	data8
11E35A	16	data32
11E36A	1	data8
11E36B	16	data32
11E37B	1	data8
11E37C	16	data32
11E38C	1	data8
11E38D	32	data32
11E3AD	1	data8
11E3AE	16	data32
11E3BE	1	data8
11E3BF	40	data32
11E3E7	1	data8
11E3E8	40	data32
11E410	1	data8
11E411	40	data32
11E439	1	data8
11E43A	40	data32
11E462	1	data8
11E463	40	data32
11E48B	1	data8
11E48C	40	data32
11E4B4	1	data8
11E4B5	12	data32
11E4C1	1	data8
11E4C2	20	data32
11E4D6	1	data8
11E4D7	16	data32
11E4E7	1	data8
11E4E8	12	data32
11E4F4	1	data8
11E4F5	12	data32
11E501	1	data8
11E502	36	data32
11E526	1	data8
11E527	44	data32
11E553	1	data8
11E554	52	data32
11E588	1	data8
11E589	40	data32
11E5B1	1	data8
11E5B2	40	data32
11E5DA	1	data8
11E5DB	28	data32
11E5F7	1	data8
11E5F8	40	data32
11E620	1	data8
11E621	40	data32
11E649	1	data8
11E64A	44	data32
11E676	1	data8
11E677	16	data32
11E687	1	data8
11E688	16	data32
11E698	1	data8
11E699	16	data32
11E6A9	1	data8
11E6AA	32	data32
11E6CA	1	data8
11E6CB	32	data32
11E6EB	1	data8
11E6EC	32	data32
11E70C	1	data8
11E70D	48	data32
11E73D	1	data8
11E73E	48	data32
11E76E	1	data8
11E76F	48	data32
11E79F	1	data8
11E7A0	64	data32
11E7E0	1	data8
11E7E1	64	data32
11E821	1	data8
11E822	64	data32
11E862	1	data8
11E863	64	data32
11E8A3	1	data8
11E8A4	72	data32
11E8EC	1	data8
11E8ED	136	data32
11E975	1	data8
11E976	104	data32
11E9DE	1	data8
11E9DF	112	data32
11EA4F	1	data8
11EA50	104	data32
11EAB8	1	data8
11EAB9	96	data32
11EB19	1	data8
11EB1A	4	data32
11EB1E	1	data8
11EB1F	8	data32
11EB27	1	data8
11EB28	4	data32
11EB2C	1	data8
11EB2D	8	data32
11EB35	1	data8
11EB36	4	data32
11EB3A	1	data8
11EB3B	4	data32
11EB3F	1	data8
11EB40	112	data32
11EBB0	1	data8
11EBB1	32	data32
11EBD1	1	data8
11EBD2	44	data32
11EBFE	1	data8
11EBFF	104	data32
11EC67	1	data8
11EC68	40	data32
11EC90	1	data8
11EC91	96	data32
11ECF1	1	data8
11ECF2	40	data32
11ED1A	1	data8
11ED1B	120	data32
11ED93	1	data8
11ED94	48	data32
11EDC4	1	data8
11EDC5	52	data32
11EDF9	1	data8
11EDFA	76	data32
11EE46	1	data8
11EE47	112	data32
11EEB7	1	data8
11EEB8	96	data32
11EF18	1	data8
11EF19	64	data32
11EF59	4263	empty
128000	32768	data16
138000	32768	data16
148000	32768	data16
158000	32768	data16
168000	32768	data16
178000	32768	data16
188000	32768	data16
198000	32576	data16
19FF40	192	empty
1A8000	32768	graphics
1B8000	32768	graphics
1C8000	32768	graphics
1D8000	32768	graphics
1E8000	32768	graphics
1F8000	32768	graphics
208000	32768	graphics
218000	32768	graphics
228000	32768	graphics
238000	32768	graphics
248000	32768	graphics
258000	32768	graphics
268000	32768	graphics
278000	32768	graphics
288000	32768	graphics
298000	32768	graphics
2A8000	30985	graphics
2AF909	1783	empty
2B8000	10944	unknown
2BAAC0	21824	graphics
2C8000	19361	graphics
2CCBA1	255	unknown
2CCCA0	3968	data8
2CDC20	4088	unknown
2CEC18	4096	graphics
2CFC18	1000	empty
2D8000	32448	graphics
2DFEC0	320	empty
2E8000	32768	graphics
2F8000	576	graphics
2F8240	448	empty
2F8400	7168	graphics
2FA000	528	pointer24
2FA210	130	data16
2FA292	268	data8
2FA39E	32	data16
2FA3BE	294	data24
2FA4E4	3737	data8
2FB37D	16	data16
2FB38D	9	data24
2FB396	2	data16
2FB398	12	data24
2FB3A4	2	data16
2FB3A6	30	data24
2FB3C4	2	data16
2FB3C6	27	data24
2FB3E1	2	data16
2FB3E3	9	data24
2FB3EC	2	data16
2FB3EE	27	data24
2FB409	2	data16
2FB40B	30	data24
2FB429	2	data16
2FB42B	30	data24
2FB449	2	data16
2FB44B	13638	data8
2FE991	5743	empty
