address	kind	name	project_name
7E0040	ram	b_job_flag_40	-
7E0041	ram	b_job_addr_41	-
7E0042	ram	b_job_addr_42	-
7E0043	ram	b_job_addr_43	-
7E0044	ram	b_job_addr_44	-
7E0045	ram	b_job_addr_45	-
7E0046	ram	b_job_addr_46	-
7E0047	ram	b_job_addr_47	-
7E0048	ram	b_job_addr_48	-
7E0049	ram	b_job_addr_49	-
7E004A	ram	b_job_addr_4a	-
7E004B	ram	b_job_addr_4b	-
7E004C	ram	b_job_addr_4c	-
7E004D	ram	b_job_addr_4d	-
7E004E	ram	b_job_addr_4e	-
7E004F	ram	b_job_addr_4f	-
7E0050	ram	b_job_flag_50	-
7E0060	ram	b_job_flag_60	-
7E0070	ram	b_job_flag_70	-
7E0080	ram	b_job_flag_80	-
7E0090	ram	b_job_flag_90	-
7E00A0	ram	b_job_flag_a0	-
7E00A7	ram	b_joy1_heldOldHi	-
7E00A8	ram	b_joy1_heldOldLo	-
7E00A9	ram	b_joy1_heldHi	-
7E00AA	ram	b_joy1_heldLo	-
7E00AB	ram	b_joy1_curHi	-
7E00AC	ram	b_joy1_curLo	-
7E00AD	ram	b_joy2_heldOldHi	-
7E00AE	ram	b_joy2_heldOldLo	-
7E00AF	ram	b_joy2_heldHi	-
7E00B0	ram	b_joy2_heldLo	-
7E00B1	ram	b_joy2_curHi	-
7E00B2	ram	b_joy2_curLo	-
7E00B4	ram	b_job_BG1_X_addr	-
7E00B6	ram	b_job_BG1_Y_addr	-
7E00B8	ram	b_job_BG2_X_addr	-
7E00BA	ram	b_job_BG2_Y_addr	-
7E00BC	ram	b_job_BG3_X_addr	-
7E00BE	ram	b_job_BG3_Y_addr	-
7E00C0	ram	b_BG_enableMask	-
7E00C1	ram	b_00c1	-
7E00C2	ram	b_00c2	-
7E00C3	ram	b_00c3	-
7E00C4	ram	b_00c4	-
7E00C5	ram	b_00c5	-
7E00C6	ram	b_00c6	-
7E00C7	ram	b_00c7	-
7E00C8	ram	b_00c8	-
7E00C9	ram	b_colorV_c9	-
7E00CA	ram	b_colorV_ca	-
7E00CB	ram	b_colorV_cb	-
7E00CC	ram	b_colorV_cc	-
7E00CD	ram	b_colorV_cd	-
7E00CE	ram	b_00ce	-
7E00CF	ram	b_00cf	-
7E00D0	ram	b_load_idx_d0	-
7E00D1	ram	b_initload_idx_d1	-
7E00D2	ram	b_gameLoop_idx_d2	-
7E00D3	ram	b_gameSubLoop_idx_d3	-
7E00D4	ram	b_00d4	-
7E00D5	ram	b_00d5	-
7E00D6	ram	b_00d6	-
7E00D7	ram	b_00d7	-
7E00D8	ram	b_00d8	-
7E00D9	ram	b_00d9	-
7E00DA	ram	b_00da	-
7E00DB	ram	b_00db	-
7E00DC	ram	b_00dc	-
7E00DD	ram	b_00dd	-
7E00DE	ram	b_00de	-
7E00DF	ram	b_00df	-
7E00E0	ram	b_00e0	-
7E00E1	ram	b_00e1	-
7E00E2	ram	b_00e2	-
7E00E3	ram	b_00e3	-
7E00E4	ram	b_00e4	-
7E00E5	ram	b_00e5	-
7E00E6	ram	b_00e6	-
7E00E7	ram	b_00e7	-
7E00E8	ram	b_00e8	-
7E00E9	ram	b_00e9	-
7E00EA	ram	b_00ea	-
7E00EB	ram	b_00eb	-
7E00EC	ram	b_00ec	-
7E00ED	ram	b_00ed	-
7E00EE	ram	b_00ee	-
7E00EF	ram	b_00ef	-
7E00F0	ram	b_00f0	-
7E00F1	ram	b_00f1	-
7E00F2	ram	b_00f2	-
7E00F3	ram	b_00f3	-
7E00F4	ram	b_00f4	-
7E00F5	ram	b_00f5	-
7E00F6	ram	b_00f6	-
7E00F7	ram	b_00f7	-
7E00F8	ram	b_00f8	-
7E00F9	ram	b_00f9	-
7E00FA	ram	b_00fa	-
7E00FB	ram	b_00fb	-
7E00FC	ram	b_00fc	-
7E00FD	ram	b_00fd	-
7E00FE	ram	b_00fe	-
7E00FF	ram	b_00ff	-
7E0100	ram	w_0100	-
7E0101	ram	w_0101	-
7E0102	ram	w_0102	-
7E0103	ram	w_0103	-
7E0104	ram	w_0104	-
7E0105	ram	w_0105	-
7E0106	ram	w_0106	-
7E0107	ram	w_0107	-
7E0108	ram	w_0108	-
7E0109	ram	w_0109	-
7E010A	ram	w_010a	-
7E010B	ram	w_010b	-
7E010C	ram	w_010c	-
7E010D	ram	w_010d	-
7E010E	ram	w_010e	-
7E010F	ram	w_010f	-
7E0110	ram	w_0110	-
7E0111	ram	w_0111	-
7E0112	ram	w_0112	-
7E0113	ram	w_0113	-
7E0114	ram	w_0114	-
7E0115	ram	w_0115	-
7E0116	ram	w_0116	-
7E0117	ram	w_0117	-
7E0118	ram	w_0118	-
7E0119	ram	w_0119	-
7E011A	ram	w_011a	-
7E011B	ram	w_011b	-
7E011C	ram	w_011c	-
7E011D	ram	w_011d	-
7E011E	ram	w_addressSlot_11e	-
7E02AC	ram	w_pal_jobSlot_2ac	-
7E02EC	ram	w_pal_jobSlot_2ec	-
7E02ED	ram	w_02ed	-
7E02EE	ram	w_02ee	-
7E02EF	ram	w_02ef	-
7E02F0	ram	w_02f0	-
7E02F1	ram	w_02f1	-
7E02F2	ram	w_02f2	-
7E02F3	ram	w_02f3	-
7E02F4	ram	w_02f4	-
7E02F5	ram	w_02f5	-
7E02F6	ram	w_02f6	-
7E02F7	ram	w_02f7	-
7E02F8	ram	w_02f8	-
7E02F9	ram	w_02f9	-
7E02FA	ram	w_02fa	-
7E02FB	ram	w_02fb	-
7E02FC	ram	w_02fc	-
7E02FD	ram	w_02fd	-
7E02FE	ram	w_02fe	-
7E02FF	ram	w_02ff	-
7E0300	ram	w_pal_updateData_BG	-
7E0400	ram	w_pal_updateData_SP	-
7E0500	ram	w_0500	-
7E0501	ram	w_0501	-
7E0502	ram	w_0502	-
7E0503	ram	w_0503	-
7E0504	ram	w_0504	-
7E0505	ram	w_0505	-
7E0506	ram	w_0506	-
7E0507	ram	w_0507	-
7E0508	ram	w_0508	-
7E0509	ram	w_0509	-
7E050A	ram	w_050a	-
7E050B	ram	w_050b	-
7E050C	ram	w_050c	-
7E050D	ram	w_050d	-
7E050E	ram	w_050e	-
7E050F	ram	w_050f	-
7E0510	ram	w_0510	-
7E0511	ram	w_0511	-
7E0512	ram	w_0512	-
7E0513	ram	w_0513	-
7E0514	ram	w_0514	-
7E0515	ram	w_0515	-
7E0516	ram	w_0516	-
7E0517	ram	w_0517	-
7E0518	ram	w_0518	-
7E0519	ram	w_0519	-
7E051A	ram	w_051a	-
7E051B	ram	w_051b	-
7E051C	ram	w_051c	-
7E051D	ram	w_051d	-
7E051E	ram	w_051e	-
7E051F	ram	w_051f	-
7E0520	ram	w_0520	-
7E0521	ram	w_0521	-
7E0522	ram	w_0522	-
7E0523	ram	w_0523	-
7E0524	ram	w_0524	-
7E0525	ram	w_0525	-
7E0526	ram	w_0526	-
7E0527	ram	w_0527	-
7E0528	ram	w_0528	-
7E0529	ram	w_0529	-
7E052A	ram	w_052a	-
7E052B	ram	w_052b	-
7E052C	ram	w_052c	-
7E052D	ram	w_052d	-
7E052E	ram	w_052e	-
7E052F	ram	w_052f	-
7E0530	ram	w_0530	-
7E0531	ram	w_0531	-
7E0532	ram	w_0532	-
7E0533	ram	w_0533	-
7E0534	ram	w_0534	-
7E0535	ram	w_0535	-
7E0536	ram	w_0536	-
7E0537	ram	w_0537	-
7E0538	ram	w_0538	-
7E0539	ram	w_0539	-
7E053A	ram	w_053a	-
7E053B	ram	w_053b	-
7E053C	ram	w_053c	-
7E053D	ram	w_053d	-
7E053E	ram	w_053e	-
7E053F	ram	w_053f	-
7E0540	ram	w_0540	-
7E0541	ram	w_0541	-
7E0542	ram	w_0542	-
7E0543	ram	w_0543	-
7E0544	ram	w_0544	-
7E0545	ram	w_0545	-
7E0546	ram	w_0546	-
7E0547	ram	w_0547	-
7E0548	ram	w_0548	-
7E0549	ram	w_0549	-
7E054A	ram	w_054a	-
7E054B	ram	w_054b	-
7E054C	ram	w_054c	-
7E054D	ram	w_054d	-
7E054E	ram	w_054e	-
7E054F	ram	w_054f	-
7E0550	ram	w_0550	-
7E0551	ram	w_0551	-
7E0552	ram	w_0552	-
7E0553	ram	w_0553	-
7E0554	ram	w_0554	-
7E0555	ram	w_0555	-
7E0556	ram	w_0556	-
7E0557	ram	w_0557	-
7E0558	ram	w_0558	-
7E0559	ram	w_0559	-
7E055A	ram	w_055a	-
7E055B	ram	w_055b	-
7E055C	ram	w_055c	-
7E055D	ram	w_055d	-
7E055E	ram	w_055e	-
7E055F	ram	w_055f	-
7E0560	ram	w_0560	-
7E0561	ram	w_0561	-
7E0562	ram	w_0562	-
7E0563	ram	w_0563	-
7E0564	ram	w_0564	-
7E0565	ram	w_0565	-
7E0566	ram	w_0566	-
7E0567	ram	w_0567	-
7E0568	ram	w_0568	-
7E0569	ram	w_0569	-
7E056A	ram	w_056a	-
7E056B	ram	w_056b	-
7E056C	ram	w_056c	-
7E056D	ram	w_056d	-
7E056E	ram	w_056e	-
7E056F	ram	w_056f	-
7E0570	ram	w_0570	-
7E0571	ram	w_0571	-
7E0572	ram	w_0572	-
7E0573	ram	w_0573	-
7E0574	ram	w_0574	-
7E0575	ram	w_0575	-
7E0576	ram	w_0576	-
7E0577	ram	w_0577	-
7E0578	ram	w_0578	-
7E0579	ram	w_0579	-
7E057A	ram	w_057a	-
7E057B	ram	w_057b	-
7E057C	ram	w_057c	-
7E057D	ram	w_057d	-
7E057E	ram	w_057e	-
7E057F	ram	w_057f	-
7E0580	ram	w_0580	-
7E0581	ram	w_0581	-
7E0582	ram	w_0582	-
7E0583	ram	w_0583	-
7E0584	ram	w_0584	-
7E0585	ram	w_0585	-
7E0586	ram	w_0586	-
7E0587	ram	w_0587	-
7E0588	ram	w_0588	-
7E0589	ram	w_0589	-
7E058A	ram	w_058a	-
7E058B	ram	w_058b	-
7E058C	ram	w_058c	-
7E058D	ram	w_058d	-
7E058E	ram	w_058e	-
7E058F	ram	w_058f	-
7E0590	ram	w_0590	-
7E0591	ram	w_0591	-
7E0592	ram	w_0592	-
7E0593	ram	w_0593	-
7E0594	ram	w_0594	-
7E0595	ram	w_0595	-
7E0596	ram	w_0596	-
7E0597	ram	w_0597	-
7E0598	ram	w_0598	-
7E0599	ram	w_0599	-
7E059A	ram	w_059a	-
7E059B	ram	w_059b	-
7E059C	ram	w_059c	-
7E059D	ram	w_059d	-
7E059E	ram	w_059e	-
7E059F	ram	w_059f	-
7E05A0	ram	w_05a0	-
7E05A1	ram	w_05a1	-
7E05A2	ram	w_05a2	-
7E05A3	ram	w_05a3	-
7E05A4	ram	w_05a4	-
7E05A5	ram	w_05a5	-
7E05A6	ram	w_05a6	-
7E05A7	ram	w_05a7	-
7E05A8	ram	w_05a8	-
7E05A9	ram	w_05a9	-
7E05AA	ram	w_05aa	-
7E05AB	ram	w_05ab	-
7E05AC	ram	w_05ac	-
7E05AD	ram	w_05ad	-
7E05AE	ram	w_05ae	-
7E05AF	ram	w_05af	-
7E05B0	ram	w_05b0	-
7E05B1	ram	w_05b1	-
7E05B2	ram	w_05b2	-
7E05B3	ram	w_05b3	-
7E05B4	ram	w_05b4	-
7E05B5	ram	w_05b5	-
7E05B6	ram	w_05b6	-
7E05B7	ram	w_05b7	-
7E05B8	ram	w_05b8	-
7E05B9	ram	w_05b9	-
7E05BA	ram	w_05ba	-
7E05BB	ram	w_05bb	-
7E05BC	ram	w_05bc	-
7E05BD	ram	w_05bd	-
7E05BE	ram	w_05be	-
7E05BF	ram	w_05bf	-
7E05C0	ram	w_05c0	-
7E05C1	ram	w_05c1	-
7E05C2	ram	w_05c2	-
7E05C3	ram	w_05c3	-
7E05C4	ram	w_05c4	-
7E05C5	ram	w_05c5	-
7E05C6	ram	w_05c6	-
7E05C7	ram	w_05c7	-
7E05C8	ram	w_05c8	-
7E05C9	ram	w_05c9	-
7E05CA	ram	w_05ca	-
7E05CB	ram	w_05cb	-
7E05CC	ram	w_05cc	-
7E05CD	ram	w_05cd	-
7E05CE	ram	w_05ce	-
7E05CF	ram	w_05cf	-
7E05D0	ram	w_05d0	-
7E05D1	ram	w_05d1	-
7E05D2	ram	w_05d2	-
7E05D3	ram	w_05d3	-
7E05D4	ram	w_05d4	-
7E05D5	ram	w_05d5	-
7E05D6	ram	w_05d6	-
7E05D7	ram	w_05d7	-
7E05D8	ram	w_05d8	-
7E05D9	ram	w_05d9	-
7E05DA	ram	w_05da	-
7E05DB	ram	w_05db	-
7E05DC	ram	w_05dc	-
7E05DD	ram	w_05dd	-
7E05DE	ram	w_05de	-
7E05DF	ram	w_05df	-
7E05E0	ram	w_05e0	-
7E05E1	ram	w_05e1	-
7E05E2	ram	w_05e2	-
7E05E3	ram	w_05e3	-
7E05E4	ram	w_05e4	-
7E05E5	ram	w_05e5	-
7E05E6	ram	w_05e6	-
7E05E7	ram	w_05e7	-
7E05E8	ram	w_05e8	-
7E05E9	ram	w_05e9	-
7E05EA	ram	w_05ea	-
7E05EB	ram	w_05eb	-
7E05EC	ram	w_05ec	-
7E05ED	ram	w_05ed	-
7E05EE	ram	w_05ee	-
7E05EF	ram	w_05ef	-
7E05F0	ram	w_05f0	-
7E05F1	ram	w_05f1	-
7E05F2	ram	w_05f2	-
7E05F3	ram	w_05f3	-
7E05F4	ram	w_05f4	-
7E05F5	ram	w_05f5	-
7E05F6	ram	w_05f6	-
7E05F7	ram	w_05f7	-
7E05F8	ram	w_05f8	-
7E05F9	ram	w_05f9	-
7E05FA	ram	w_05fa	-
7E05FB	ram	w_05fb	-
7E05FC	ram	w_05fc	-
7E05FD	ram	w_05fd	-
7E05FE	ram	w_05fe	-
7E05FF	ram	w_05ff	-
7E0600	ram	w_0600	-
7E0601	ram	w_0601	-
7E0602	ram	w_0602	-
7E0603	ram	w_0603	-
7E0604	ram	w_0604	-
7E0605	ram	w_0605	-
7E0606	ram	w_0606	-
7E0607	ram	w_0607	-
7E0608	ram	w_0608	-
7E0609	ram	w_0609	-
7E060A	ram	w_060a	-
7E060B	ram	w_060b	-
7E060C	ram	w_060c	-
7E060D	ram	w_060d	-
7E060E	ram	w_060e	-
7E060F	ram	w_060f	-
7E0610	ram	w_0610	-
7E0611	ram	w_0611	-
7E0612	ram	w_0612	-
7E0613	ram	w_0613	-
7E0614	ram	w_0614	-
7E0615	ram	w_0615	-
7E0616	ram	w_0616	-
7E0617	ram	w_0617	-
7E0618	ram	w_0618	-
7E0619	ram	w_0619	-
7E061A	ram	w_061a	-
7E061B	ram	w_061b	-
7E061C	ram	w_061c	-
7E061D	ram	w_061d	-
7E061E	ram	w_061e	-
7E061F	ram	w_061f	-
7E0620	ram	w_0620	-
7E0621	ram	w_0621	-
7E0622	ram	w_0622	-
7E0623	ram	w_0623	-
7E0624	ram	w_0624	-
7E0625	ram	w_0625	-
7E0626	ram	w_0626	-
7E0627	ram	w_0627	-
7E0628	ram	w_0628	-
7E0629	ram	w_0629	-
7E062A	ram	w_062a	-
7E062B	ram	w_062b	-
7E062C	ram	w_062c	-
7E062D	ram	w_062d	-
7E062E	ram	w_062e	-
7E062F	ram	w_062f	-
7E0630	ram	w_0630	-
7E0631	ram	w_0631	-
7E0632	ram	w_0632	-
7E0633	ram	w_0633	-
7E0634	ram	w_0634	-
7E0635	ram	w_0635	-
7E0636	ram	w_0636	-
7E0637	ram	w_0637	-
7E0638	ram	w_0638	-
7E0639	ram	w_0639	-
7E063A	ram	w_063a	-
7E063B	ram	w_063b	-
7E063C	ram	w_063c	-
7E063D	ram	w_063d	-
7E063E	ram	w_063e	-
7E063F	ram	w_063f	-
7E0640	ram	w_0640	-
7E0641	ram	w_0641	-
7E0642	ram	w_0642	-
7E0643	ram	w_0643	-
7E0644	ram	w_0644	-
7E0645	ram	w_0645	-
7E0646	ram	w_0646	-
7E0647	ram	w_0647	-
7E0648	ram	w_0648	-
7E0649	ram	w_0649	-
7E064A	ram	w_064a	-
7E064B	ram	w_064b	-
7E064C	ram	w_064c	-
7E064D	ram	w_064d	-
7E064E	ram	w_064e	-
7E064F	ram	w_064f	-
7E0650	ram	w_0650	-
7E0651	ram	w_0651	-
7E0652	ram	w_0652	-
7E0653	ram	w_0653	-
7E0654	ram	w_0654	-
7E0655	ram	w_0655	-
7E0656	ram	w_0656	-
7E0657	ram	w_0657	-
7E0658	ram	w_0658	-
7E0659	ram	w_0659	-
7E065A	ram	w_065a	-
7E065B	ram	w_065b	-
7E065C	ram	w_065c	-
7E065D	ram	w_065d	-
7E065E	ram	w_065e	-
7E065F	ram	w_065f	-
7E0660	ram	w_0660	-
7E0661	ram	w_0661	-
7E0662	ram	w_0662	-
7E0663	ram	w_0663	-
7E0664	ram	w_0664	-
7E0665	ram	w_0665	-
7E0666	ram	w_0666	-
7E0667	ram	w_0667	-
7E0668	ram	w_0668	-
7E0669	ram	w_0669	-
7E066A	ram	w_066a	-
7E066B	ram	w_066b	-
7E066C	ram	w_066c	-
7E066D	ram	w_066d	-
7E066E	ram	w_066e	-
7E066F	ram	w_066f	-
7E0670	ram	w_0670	-
7E0671	ram	w_0671	-
7E0672	ram	w_0672	-
7E0673	ram	w_0673	-
7E0674	ram	w_0674	-
7E0675	ram	w_0675	-
7E0676	ram	w_0676	-
7E0677	ram	w_0677	-
7E0678	ram	w_0678	-
7E0679	ram	w_0679	-
7E067A	ram	w_067a	-
7E067B	ram	w_067b	-
7E067C	ram	w_067c	-
7E067D	ram	w_067d	-
7E067E	ram	w_067e	-
7E067F	ram	w_067f	-
7E0680	ram	w_0680	-
7E0681	ram	w_0681	-
7E0682	ram	w_0682	-
7E0683	ram	w_0683	-
7E0684	ram	w_0684	-
7E0685	ram	w_0685	-
7E0686	ram	w_0686	-
7E0687	ram	w_0687	-
7E0688	ram	w_0688	-
7E0689	ram	w_0689	-
7E068A	ram	w_068a	-
7E068B	ram	w_068b	-
7E068C	ram	w_068c	-
7E068D	ram	w_068d	-
7E068E	ram	w_068e	-
7E068F	ram	w_068f	-
7E0690	ram	w_0690	-
7E0691	ram	w_0691	-
7E0692	ram	w_0692	-
7E0693	ram	w_0693	-
7E0694	ram	w_0694	-
7E0695	ram	w_0695	-
7E0696	ram	w_0696	-
7E0697	ram	w_0697	-
7E0698	ram	w_0698	-
7E0699	ram	w_0699	-
7E069A	ram	w_069a	-
7E069B	ram	w_069b	-
7E069C	ram	w_069c	-
7E069D	ram	w_069d	-
7E069E	ram	w_069e	-
7E069F	ram	w_069f	-
7E06A0	ram	w_06a0	-
7E06A1	ram	w_06a1	-
7E06A2	ram	w_06a2	-
7E06A3	ram	w_06a3	-
7E06A4	ram	w_06a4	-
7E06A5	ram	w_06a5	-
7E06A6	ram	w_06a6	-
7E06A7	ram	w_06a7	-
7E06A8	ram	w_06a8	-
7E06A9	ram	w_06a9	-
7E06AA	ram	w_06aa	-
7E06AB	ram	w_06ab	-
7E06AC	ram	w_06ac	-
7E06AD	ram	w_06ad	-
7E06AE	ram	w_06ae	-
7E06AF	ram	w_06af	-
7E06B0	ram	w_06b0	-
7E06B1	ram	w_06b1	-
7E06B2	ram	w_06b2	-
7E06B3	ram	w_06b3	-
7E06B4	ram	w_06b4	-
7E06B5	ram	w_06b5	-
7E06B6	ram	w_06b6	-
7E06B7	ram	w_06b7	-
7E06B8	ram	w_06b8	-
7E06B9	ram	w_06b9	-
7E06BA	ram	w_06ba	-
7E06BB	ram	w_06bb	-
7E06BC	ram	w_06bc	-
7E06BD	ram	w_06bd	-
7E06BE	ram	w_06be	-
7E06BF	ram	w_06bf	-
7E06C0	ram	w_06c0	-
7E06C1	ram	w_06c1	-
7E06C2	ram	w_06c2	-
7E06C3	ram	w_06c3	-
7E06C4	ram	w_06c4	-
7E06C5	ram	w_06c5	-
7E06C6	ram	w_06c6	-
7E06C7	ram	w_06c7	-
7E06C8	ram	w_06c8	-
7E06C9	ram	w_06c9	-
7E06CA	ram	w_06ca	-
7E06CB	ram	w_06cb	-
7E06CC	ram	w_06cc	-
7E06CD	ram	w_06cd	-
7E06CE	ram	w_06ce	-
7E06CF	ram	w_06cf	-
7E06D0	ram	w_06d0	-
7E06D1	ram	w_06d1	-
7E06D2	ram	w_06d2	-
7E06D3	ram	w_06d3	-
7E06D4	ram	w_06d4	-
7E06D5	ram	w_06d5	-
7E06D6	ram	w_06d6	-
7E06D7	ram	w_06d7	-
7E06D8	ram	w_06d8	-
7E06D9	ram	w_06d9	-
7E06DA	ram	w_06da	-
7E06DB	ram	w_06db	-
7E06DC	ram	w_06dc	-
7E06DD	ram	w_06dd	-
7E06DE	ram	w_06de	-
7E06DF	ram	w_06df	-
7E06E0	ram	w_06e0	-
7E06E1	ram	w_06e1	-
7E06E2	ram	w_06e2	-
7E06E3	ram	w_06e3	-
7E06E4	ram	w_06e4	-
7E06E5	ram	w_06e5	-
7E06E6	ram	w_06e6	-
7E06E7	ram	w_06e7	-
7E06E8	ram	w_06e8	-
7E06E9	ram	w_06e9	-
7E06EA	ram	w_06ea	-
7E06EB	ram	w_06eb	-
7E06EC	ram	w_06ec	-
7E06ED	ram	w_06ed	-
7E06EE	ram	w_06ee	-
7E06EF	ram	w_06ef	-
7E06F0	ram	w_06f0	-
7E06F1	ram	w_06f1	-
7E06F2	ram	w_06f2	-
7E06F3	ram	w_06f3	-
7E06F4	ram	w_06f4	-
7E06F5	ram	w_06f5	-
7E06F6	ram	w_06f6	-
7E06F7	ram	w_06f7	-
7E06F8	ram	w_06f8	-
7E06F9	ram	w_06f9	-
7E06FA	ram	w_06fa	-
7E06FB	ram	w_06fb	-
7E06FC	ram	w_06fc	-
7E06FD	ram	w_06fd	-
7E06FE	ram	w_06fe	-
7E06FF	ram	w_06ff	-
7E0700	ram	w_OAM_slot	-
7E0900	ram	w_OAM_slotAtri	-
7E0920	ram	w_0920	-
7E0921	ram	w_0921	-
7E0922	ram	w_0922	-
7E0923	ram	w_0923	-
7E0924	ram	w_0924	-
7E0925	ram	w_0925	-
7E0926	ram	w_0926	-
7E0927	ram	w_0927	-
7E0928	ram	w_0928	-
7E0929	ram	w_0929	-
7E092A	ram	w_092a	-
7E092B	ram	w_092b	-
7E092C	ram	w_092c	-
7E092D	ram	w_092d	-
7E092E	ram	w_092e	-
7E092F	ram	w_092f	-
7E0930	ram	w_0930	-
7E0931	ram	w_0931	-
7E0932	ram	w_0932	-
7E0933	ram	w_0933	-
7E0934	ram	w_0934	-
7E0935	ram	w_0935	-
7E0936	ram	w_0936	-
7E0937	ram	w_0937	-
7E0938	ram	w_0938	-
7E0939	ram	w_0939	-
7E093A	ram	w_093a	-
7E093B	ram	w_093b	-
7E093C	ram	w_093c	-
7E093D	ram	w_093d	-
7E093E	ram	w_093e	-
7E093F	ram	w_093f	-
7E0940	ram	w_0940	-
7E0941	ram	w_0941	-
7E0942	ram	w_0942	-
7E0943	ram	w_0943	-
7E0944	ram	w_0944	-
7E0945	ram	w_0945	-
7E0946	ram	w_0946	-
7E0947	ram	w_0947	-
7E0948	ram	w_0948	-
7E0949	ram	w_0949	-
7E094A	ram	w_094a	-
7E094B	ram	w_094b	-
7E094C	ram	w_094c	-
7E094D	ram	w_094d	-
7E094E	ram	w_094e	-
7E094F	ram	w_094f	-
7E0950	ram	w_0950	-
7E0951	ram	w_0951	-
7E0952	ram	w_0952	-
7E0953	ram	w_0953	-
7E0954	ram	w_0954	-
7E0955	ram	w_0955	-
7E0956	ram	w_0956	-
7E0957	ram	w_0957	-
7E0958	ram	w_0958	-
7E0959	ram	w_0959	-
7E095A	ram	w_095a	-
7E095B	ram	w_095b	-
7E095C	ram	w_095c	-
7E095D	ram	w_095d	-
7E095E	ram	w_095e	-
7E095F	ram	w_095f	-
7E0960	ram	w_0960	-
7E0961	ram	w_0961	-
7E0962	ram	w_0962	-
7E0963	ram	w_0963	-
7E0964	ram	w_0964	-
7E0965	ram	w_0965	-
7E0966	ram	w_0966	-
7E0967	ram	w_0967	-
7E0968	ram	w_0968	-
7E0969	ram	w_0969	-
7E096A	ram	w_096a	-
7E096B	ram	w_096b	-
7E096C	ram	w_096c	-
7E096D	ram	w_096d	-
7E096E	ram	w_096e	-
7E096F	ram	w_096f	-
7E0970	ram	w_0970	-
7E0971	ram	w_0971	-
7E0972	ram	w_0972	-
7E0973	ram	w_0973	-
7E0974	ram	w_0974	-
7E0975	ram	w_0975	-
7E0976	ram	w_0976	-
7E0977	ram	w_0977	-
7E0978	ram	w_0978	-
7E0979	ram	w_0979	-
7E097A	ram	w_097a	-
7E097B	ram	w_097b	-
7E097C	ram	w_097c	-
7E097D	ram	w_097d	-
7E097E	ram	w_097e	-
7E097F	ram	w_097f	-
7E0980	ram	w_0980	-
7E0981	ram	w_0981	-
7E0982	ram	w_0982	-
7E0983	ram	w_0983	-
7E0984	ram	w_0984	-
7E0985	ram	w_0985	-
7E0986	ram	w_0986	-
7E0987	ram	w_0987	-
7E0988	ram	w_0988	-
7E0989	ram	w_0989	-
7E098A	ram	w_098a	-
7E098B	ram	w_098b	-
7E098C	ram	w_098c	-
7E098D	ram	w_098d	-
7E098E	ram	w_098e	-
7E098F	ram	w_098f	-
7E0990	ram	w_0990	-
7E0991	ram	w_0991	-
7E0992	ram	w_0992	-
7E0993	ram	w_0993	-
7E0994	ram	w_0994	-
7E0995	ram	w_0995	-
7E0996	ram	w_0996	-
7E0997	ram	w_0997	-
7E0998	ram	w_0998	-
7E0999	ram	w_0999	-
7E099A	ram	w_099a	-
7E099B	ram	w_099b	-
7E099C	ram	w_099c	-
7E099D	ram	w_099d	-
7E099E	ram	w_099e	-
7E099F	ram	w_099f	-
7E09A0	ram	w_09a0	-
7E09A1	ram	w_09a1	-
7E09A2	ram	w_09a2	-
7E09A3	ram	w_09a3	-
7E09A4	ram	w_09a4	-
7E09A5	ram	w_09a5	-
7E09A6	ram	w_09a6	-
7E09A7	ram	w_09a7	-
7E09A8	ram	w_09a8	-
7E09A9	ram	w_09a9	-
7E09AA	ram	w_09aa	-
7E09AB	ram	w_09ab	-
7E09AC	ram	w_09ac	-
7E09AD	ram	w_09ad	-
7E09AE	ram	w_09ae	-
7E09AF	ram	w_09af	-
7E09B0	ram	w_09b0	-
7E09B1	ram	w_09b1	-
7E09B2	ram	w_09b2	-
7E09B3	ram	w_09b3	-
7E09B4	ram	w_09b4	-
7E09B5	ram	w_09b5	-
7E09B6	ram	w_09b6	-
7E09B7	ram	w_09b7	-
7E09B8	ram	w_09b8	-
7E09B9	ram	w_09b9	-
7E09BA	ram	w_09ba	-
7E09BB	ram	w_09bb	-
7E09BC	ram	w_09bc	-
7E09BD	ram	w_09bd	-
7E09BE	ram	w_09be	-
7E09BF	ram	w_09bf	-
7E09C0	ram	w_09c0	-
7E09C1	ram	w_09c1	-
7E09C2	ram	w_09c2	-
7E09C3	ram	w_09c3	-
7E09C4	ram	w_09c4	-
7E09C5	ram	w_09c5	-
7E09C6	ram	w_09c6	-
7E09C7	ram	w_09c7	-
7E09C8	ram	w_09c8	-
7E09C9	ram	w_09c9	-
7E09CA	ram	w_09ca	-
7E09CB	ram	w_09cb	-
7E09CC	ram	w_09cc	-
7E09CD	ram	w_09cd	-
7E09CE	ram	w_09ce	-
7E09CF	ram	w_09cf	-
7E09D0	ram	w_09d0	-
7E09D1	ram	w_09d1	-
7E09D2	ram	w_09d2	-
7E09D3	ram	w_09d3	-
7E09D4	ram	w_09d4	-
7E09D5	ram	w_09d5	-
7E09D6	ram	w_09d6	-
7E09D7	ram	w_09d7	-
7E09D8	ram	w_09d8	-
7E09D9	ram	w_09d9	-
7E09DA	ram	w_09da	-
7E09DB	ram	w_09db	-
7E09DC	ram	w_09dc	-
7E09DD	ram	w_09dd	-
7E09DE	ram	w_09de	-
7E09DF	ram	w_09df	-
7E09E0	ram	w_09e0	-
7E09E1	ram	w_09e1	-
7E09E2	ram	w_09e2	-
7E09E3	ram	w_09e3	-
7E09E4	ram	w_09e4	-
7E09E5	ram	w_09e5	-
7E09E6	ram	w_09e6	-
7E09E7	ram	w_09e7	-
7E09E8	ram	w_09e8	-
7E09E9	ram	w_09e9	-
7E09EA	ram	w_09ea	-
7E09EB	ram	w_09eb	-
7E09EC	ram	w_09ec	-
7E09ED	ram	w_09ed	-
7E09EE	ram	w_09ee	-
7E09EF	ram	w_09ef	-
7E09F0	ram	w_09f0	-
7E09F1	ram	w_09f1	-
7E09F2	ram	w_09f2	-
7E09F3	ram	w_09f3	-
7E09F4	ram	w_09f4	-
7E09F5	ram	w_09f5	-
7E09F6	ram	w_09f6	-
7E09F7	ram	w_09f7	-
7E09F8	ram	w_09f8	-
7E09F9	ram	w_09f9	-
7E09FA	ram	w_09fa	-
7E09FB	ram	w_09fb	-
7E09FC	ram	w_09fc	-
7E09FD	ram	w_09fd	-
7E09FE	ram	w_09fe	-
7E09FF	ram	w_09ff	-
7E0A00	ram	w_0a00	-
7E0A01	ram	w_0a01	-
7E0A02	ram	w_0a02	-
7E0A03	ram	w_0a03	-
7E0A04	ram	w_0a04	-
7E0A05	ram	w_0a05	-
7E0A06	ram	w_0a06	-
7E0A07	ram	w_0a07	-
7E0A08	ram	w_0a08	-
7E0A09	ram	w_0a09	-
7E0A0A	ram	w_0a0a	-
7E0A0B	ram	w_0a0b	-
7E0A0C	ram	w_0a0c	-
7E0A0D	ram	w_0a0d	-
7E0A0E	ram	w_0a0e	-
7E0A0F	ram	w_0a0f	-
7E0A10	ram	w_0a10	-
7E0A11	ram	w_0a11	-
7E0A12	ram	w_0a12	-
7E0A13	ram	w_0a13	-
7E0A14	ram	w_0a14	-
7E0A15	ram	w_0a15	-
7E0A16	ram	w_0a16	-
7E0A17	ram	w_0a17	-
7E0A18	ram	w_0a18	-
7E0A19	ram	w_0a19	-
7E0A1A	ram	w_0a1a	-
7E0A1B	ram	w_0a1b	-
7E0A1C	ram	w_0a1c	-
7E0A1D	ram	w_0a1d	-
7E0A1E	ram	w_0a1e	-
7E0A1F	ram	w_0a1f	-
7E0A20	ram	w_0a20	-
7E0A21	ram	w_0a21	-
7E0A22	ram	w_0a22	-
7E0A23	ram	w_0a23	-
7E0A24	ram	w_0a24	-
7E0A25	ram	w_0a25	-
7E0A26	ram	w_0a26	-
7E0A27	ram	w_0a27	-
7E0A28	ram	w_0a28	-
7E0A29	ram	w_0a29	-
7E0A2A	ram	w_0a2a	-
7E0A2B	ram	w_0a2b	-
7E0A2C	ram	w_0a2c	-
7E0A2D	ram	w_0a2d	-
7E0A2E	ram	w_0a2e	-
7E0A2F	ram	w_0a2f	-
7E0A30	ram	w_0a30	-
7E0A31	ram	w_0a31	-
7E0A32	ram	w_0a32	-
7E0A33	ram	w_0a33	-
7E0A34	ram	w_0a34	-
7E0A35	ram	w_0a35	-
7E0A36	ram	w_0a36	-
7E0A37	ram	w_0a37	-
7E0A38	ram	w_0a38	-
7E0A39	ram	w_0a39	-
7E0A3A	ram	w_0a3a	-
7E0A3B	ram	w_0a3b	-
7E0A3C	ram	w_0a3c	-
7E0A3D	ram	w_0a3d	-
7E0A3E	ram	w_0a3e	-
7E0A3F	ram	w_0a3f	-
7E0A40	ram	w_0a40	-
7E0A41	ram	w_0a41	-
7E0A42	ram	w_0a42	-
7E0A43	ram	w_0a43	-
7E0A44	ram	w_0a44	-
7E0A45	ram	w_0a45	-
7E0A46	ram	w_0a46	-
7E0A47	ram	w_0a47	-
7E0A48	ram	w_0a48	-
7E0A49	ram	w_0a49	-
7E0A4A	ram	w_0a4a	-
7E0A4B	ram	w_0a4b	-
7E0A4C	ram	w_0a4c	-
7E0A4D	ram	w_0a4d	-
7E0A4E	ram	w_0a4e	-
7E0A4F	ram	w_0a4f	-
7E0A50	ram	w_0a50	-
7E0A51	ram	w_0a51	-
7E0A52	ram	w_0a52	-
7E0A53	ram	w_0a53	-
7E0A54	ram	w_0a54	-
7E0A55	ram	w_0a55	-
7E0A56	ram	w_0a56	-
7E0A57	ram	w_0a57	-
7E0A58	ram	w_0a58	-
7E0A59	ram	w_0a59	-
7E0A5A	ram	w_0a5a	-
7E0A5B	ram	w_0a5b	-
7E0A5C	ram	w_0a5c	-
7E0A5D	ram	w_0a5d	-
7E0A5E	ram	w_0a5e	-
7E0A5F	ram	w_0a5f	-
7E0A60	ram	w_0a60	-
7E0A61	ram	w_0a61	-
7E0A62	ram	w_0a62	-
7E0A63	ram	w_0a63	-
7E0A64	ram	w_0a64	-
7E0A65	ram	w_0a65	-
7E0A66	ram	w_0a66	-
7E0A67	ram	w_0a67	-
7E0A68	ram	w_0a68	-
7E0A69	ram	w_0a69	-
7E0A6A	ram	w_0a6a	-
7E0A6B	ram	w_0a6b	-
7E0A6C	ram	w_0a6c	-
7E0A6D	ram	w_0a6d	-
7E0A6E	ram	w_0a6e	-
7E0A6F	ram	w_0a6f	-
7E0A70	ram	w_0a70	-
7E0A71	ram	w_0a71	-
7E0A72	ram	w_0a72	-
7E0A73	ram	w_0a73	-
7E0A74	ram	w_0a74	-
7E0A75	ram	w_0a75	-
7E0A76	ram	w_0a76	-
7E0A77	ram	w_0a77	-
7E0A78	ram	w_0a78	-
7E0A79	ram	w_0a79	-
7E0A7A	ram	w_0a7a	-
7E0A7B	ram	w_0a7b	-
7E0A7C	ram	w_0a7c	-
7E0A7D	ram	w_0a7d	-
7E0A7E	ram	w_0a7e	-
7E0A7F	ram	w_0a7f	-
7E0A80	ram	w_0a80	-
7E0A81	ram	w_0a81	-
7E0A82	ram	w_0a82	-
7E0A83	ram	w_0a83	-
7E0A84	ram	w_0a84	-
7E0A85	ram	w_0a85	-
7E0A86	ram	w_0a86	-
7E0A87	ram	w_0a87	-
7E0A88	ram	w_0a88	-
7E0A89	ram	w_0a89	-
7E0A8A	ram	w_0a8a	-
7E0A8B	ram	w_0a8b	-
7E0A8C	ram	w_0a8c	-
7E0A8D	ram	w_0a8d	-
7E0A8E	ram	w_0a8e	-
7E0A8F	ram	w_0a8f	-
7E0A90	ram	w_0a90	-
7E0A91	ram	w_0a91	-
7E0A92	ram	w_0a92	-
7E0A93	ram	w_0a93	-
7E0A94	ram	w_0a94	-
7E0A95	ram	w_0a95	-
7E0A96	ram	w_0a96	-
7E0A97	ram	w_0a97	-
7E0A98	ram	w_0a98	-
7E0A99	ram	w_0a99	-
7E0A9A	ram	w_0a9a	-
7E0A9B	ram	w_0a9b	-
7E0A9C	ram	w_0a9c	-
7E0A9D	ram	w_0a9d	-
7E0A9E	ram	w_0a9e	-
7E0A9F	ram	w_0a9f	-
7E0AA0	ram	w_0aa0	-
7E0AA1	ram	w_0aa1	-
7E0AA2	ram	w_0aa2	-
7E0AA3	ram	w_0aa3	-
7E0AA4	ram	w_0aa4	-
7E0AA5	ram	w_0aa5	-
7E0AA6	ram	w_0aa6	-
7E0AA7	ram	w_0aa7	-
7E0AA8	ram	w_0aa8	-
7E0AA9	ram	w_0aa9	-
7E0AAA	ram	w_0aaa	-
7E0AAB	ram	w_0aab	-
7E0AAC	ram	w_0aac	-
7E0AAD	ram	w_0aad	-
7E0AAE	ram	w_0aae	-
7E0AAF	ram	w_0aaf	-
7E0AB0	ram	w_0ab0	-
7E0AB1	ram	w_0ab1	-
7E0AB2	ram	w_0ab2	-
7E0AB3	ram	w_0ab3	-
7E0AB4	ram	w_0ab4	-
7E0AB5	ram	w_0ab5	-
7E0AB6	ram	w_0ab6	-
7E0AB7	ram	w_0ab7	-
7E0AB8	ram	w_0ab8	-
7E0AB9	ram	w_0ab9	-
7E0ABA	ram	w_0aba	-
7E0ABB	ram	w_0abb	-
7E0ABC	ram	w_0abc	-
7E0ABD	ram	w_0abd	-
7E0ABE	ram	w_0abe	-
7E0ABF	ram	w_0abf	-
7E0AC0	ram	w_0ac0	-
7E0AC1	ram	w_0ac1	-
7E0AC2	ram	w_menuSlot_donno	-
7E0B22	ram	w_menuSlot_donno_bkp	-
7E0B72	ram	w_SFX_queue	-
7E0B92	ram	w_0b92	-
7E0B93	ram	w_0b93	-
7E0B94	ram	w_0b94	-
7E0B95	ram	w_0b95	-
7E0B96	ram	w_0b96	-
7E0B97	ram	w_0b97	-
7E0B98	ram	w_0b98	-
7E0B99	ram	w_0b99	-
7E0B9A	ram	w_0b9a	-
7E0B9B	ram	w_frameCounter0	-
7E0B9C	ram	w_frameCounter1	-
7E0B9D	ram	w_frameTrue	-
7E0B9E	ram	w_0b9e	-
7E0B9F	ram	w_0b9f	-
7E0BA0	ram	w_0ba0	-
7E0BA1	ram	w_0ba1	-
7E0BA2	ram	w_0ba2	-
7E0BA6	ram	w_RNG_00	-
7E0BA7	ram	w_RNG_01	-
7E0BA8	ram	w_d_player_Exist	-
7E0BA9	ram	w_player_BA9	-
7E0BAA	ram	w_player_action	-
7E0BAB	ram	w_player_do	-
7E0BAC	ram	w_player_xSubPos	-
7E0BAD	ram	w_player_xPos	-
7E0BAF	ram	w_player_ySubPos	-
7E0BB0	ram	w_player_yPos	-
7E0BB2	ram	w_player_subID	-
7E0BB3	ram	w_player_parent	-
7E0BB4	ram	w_player_bb4	-
7E0BB5	ram	w_player_bb5	-
7E0BB6	ram	w_player_activSpr	-
7E0BB7	ram	w_player_sprFrame	-
7E0BB8	ram	w_player_bb8	-
7E0BB9	ram	w_player_sprPal	-
7E0BBA	ram	w_player_bba	-
7E0BBB	ram	w_player_animTimer	-
7E0BBC	ram	w_player_sprAddr	-
7E0BBE	ram	w_player_sprID	-
7E0BBF	ram	w_player_sprIdx	-
7E0BC0	ram	w_player_gfxSlot	-
7E0BC1	ram	w_player_bc1	-
7E0BC2	ram	w_player_xSubSpd	-
7E0BC3	ram	w_player_xSpd	-
7E0BC4	ram	w_player_ySubSpd	-
7E0BC5	ram	w_player_ySpd	-
7E0BC6	ram	w_player_waight	-
7E0BC7	ram	w_player_bc7	-
7E0BC8	ram	w_player_hitBoxAddr	-
7E0BCA	ram	w_player_xPosOld	-
7E0BCC	ram	w_player_yPosOld	-
7E0BCE	ram	w_player_bce	-
7E0BCF	ram	w_player_health	-
7E0BD0	ram	w_player_bd0	-
7E0BD1	ram	w_player_bd1	-
7E0BD2	ram	w_player_bd2	-
7E0BD3	ram	w_player_bd3	-
7E0BD4	ram	w_player_bd4	-
7E0BD5	ram	w_player_bd5	-
7E0BD6	ram	w_player_BG_colusionMask	-
7E0BD7	ram	w_player_jumpFlag	-
7E0BD8	ram	w_player_invinsCounter	-
7E0BD9	ram	w_player_bd9	-
7E0BDA	ram	w_player_bda	-
7E0BDB	ram	w_player_curWeapon	-
7E0BDC	ram	w_player_bdc	-
7E0BDD	ram	w_player_bulletCount	-
7E0BDE	ram	w_joy1_mirror_buttonHoldLo_0	-
7E0BDF	ram	w_joy1_mirror_buttonHoldHi_0	-
7E0BE0	ram	w_joy1_mirror_buttonHoldLo_1	-
7E0BE1	ram	w_joy1_mirror_buttonHoldHi_1	-
7E0BE2	ram	w_joy1_mirror_buttonPressedLo	-
7E0BE3	ram	w_joy1_mirror_buttonPressedHi	-
7E0BF8	ram	w_plaster_spriteFreezTimer	-
7E0BFF	ram	w_blaster_chargeTimer	-
7E0C01	ram	w_blaster_forceShot	-
7E0C02	ram	w_blaster_chargeValue	-
7E0C03	ram	w_blaster_chargeState	-
7E0C06	ram	w_stateFlag	-
7E0C11	ram	w_blaster_direction	-
7E0C13	ram	w_flickerFrameTimer	-
7E0C16	ram	w_getItem	-
7E0C18	ram	w_powerUp_00	-
7E0C1B	ram	w_fixPlayerSprite	-
7E0C30	ram	w_powerUp_rollingShildInv	-
7E0C31	ram	w_powerUp_stingInv	-
7E0C32	ram	w_powerUp_actionInv	-
7E0C33	ram	w_stageEndRunDir	-
7E0C38	ram	w_powerUpArm_01	-
7E0C58	ram	w_powerUpSholder_02	-
7E0C78	ram	w_powerUpFoot_03	-
7E0D38	ram	w_blasterShot_09	-
7E0D58	ram	w_blasterShot_0a	-
7E0D78	ram	w_blasterShot_0b	-
7E0D98	ram	w_blasterShot_0c	-
7E0DB8	ram	w_blasterShot_0d	-
7E0DD8	ram	w_blasterShot_0e	-
7E0DF8	ram	w_blasterShot_0f	-
7E0E18	ram	w_ride__00	-
7E0E1A	ram	w_ride_state_01	-
7E0E1C	ram	w_ride_xSubPos_02	-
7E0E1D	ram	w_ride_xPos_03	-
7E0E1F	ram	w_ride_ySubPos_04	-
7E0E20	ram	w_ride_yPos_05	-
7E0E32	ram	w_ride_xSpd_06	-
7E0E34	ram	w_ride_ySpd_07	-
7E0E36	ram	w_ride_waight_08	-
7E0E4B	ram	w_ride_dir_09	-
7E0E4E	ram	w_ride_controller_0a	-
7E0E68	ram	w_ev_active_00	-
7E0E69	ram	w_ev_01_state	-
7E0E6A	ram	w_ev_02_action	-
7E0E6B	ram	w_ev_03_do	-
7E0E6C	ram	w_ev_04_xSubPos	-
7E0E6D	ram	w_ev_05_xPos	-
7E0E6F	ram	w_ev_07_ySubPos	-
7E0E70	ram	w_ev_08_yPos	-
7E0E72	ram	w_ev_0a_ID	-
7E0E73	ram	w_ev_0b_subID	-
7E0E74	ram	w_ev_0c_parent	-
7E0E75	ram	w_ev_0d	-
7E0E76	ram	w_ev_0e	-
7E0E77	ram	w_ev_0f_waitCount	-
7E0E78	ram	w_ev_10	-
7E0E79	ram	w_ev_11_sprAtri	-
7E0E7A	ram	w_ev_12	-
7E0E7B	ram	w_ev_13_animTimer	-
7E0E7C	ram	w_ev_14_sprAddr	-
7E0E7E	ram	w_ev_16_sprID	-
7E0E7F	ram	w_ev_17_sprIdx	-
7E0E80	ram	w_ev_18_gfxSlot	-
7E0E81	ram	w_ev_19	-
7E0E82	ram	w_ev_1a_xSpdSub	-
7E0E83	ram	w_ev_1b_xSpd	-
7E0E84	ram	w_ev_1c_ySpdSub	-
7E0E85	ram	w_ev_1d_ySpd	-
7E0E86	ram	w_ev_1e_weight	-
7E0E87	ram	w_ev_1f	-
7E0E88	ram	w_ev_20_hitBoxAddr	-
7E0E89	ram	w_ev_21	-
7E0E8A	ram	w_ev_22_xPosOld	-
7E0E8C	ram	w_ev_24_yPosOld	-
7E0E8E	ram	w_ev_26	-
7E0E8F	ram	w_ev_27_health	-
7E0E90	ram	w_ev_28	-
7E0E91	ram	w_ev_29	-
7E0E92	ram	w_ev_2a	-
7E0E93	ram	w_ev_2b	-
7E0E94	ram	w_ev_2c	-
7E0E95	ram	w_ev_2d	-
7E0E96	ram	w_ev_2e_BG_colusionMask	-
7E0E97	ram	w_ev_2f	-
7E0E98	ram	w_ev_30	-
7E0E99	ram	w_ev_31	-
7E0E9A	ram	w_ev_32	-
7E0E9B	ram	w_ev_33	-
7E0E9C	ram	w_ev_34	-
7E0E9D	ram	w_ev_35	-
7E0E9E	ram	w_ev_36	-
7E0E9F	ram	w_ev_37	-
7E0EA0	ram	w_ev_38	-
7E0EA1	ram	w_ev_39	-
7E0EA2	ram	w_ev_3a	-
7E0EA3	ram	w_ev_3b	-
7E0EA4	ram	w_ev_3c	-
7E0EA5	ram	w_ev_3d	-
7E0EA6	ram	w_ev_3e	-
7E0EA7	ram	w_ev_3f	-
7E1288	ram	w_ev_projectile_00	-
7E1428	ram	w_ev_enemyProjectile_00	-
7E1628	ram	w_1628	-
7E1629	ram	w_1629	-
7E162A	ram	w_162a	-
7E162B	ram	w_162b	-
7E162C	ram	w_162c	-
7E162D	ram	w_162d	-
7E162E	ram	w_162e	-
7E162F	ram	w_162f	-
7E1630	ram	w_1630	-
7E1631	ram	w_1631	-
7E1632	ram	w_1632	-
7E1633	ram	w_1633	-
7E1634	ram	w_1634	-
7E1635	ram	w_1635	-
7E1636	ram	w_1636	-
7E1637	ram	w_1637	-
7E1638	ram	w_1638	-
7E1639	ram	w_1639	-
7E163A	ram	w_163a	-
7E163B	ram	w_163b	-
7E163C	ram	w_163c	-
7E163D	ram	w_163d	-
7E163E	ram	w_163e	-
7E163F	ram	w_163f	-
7E1640	ram	w_1640	-
7E1641	ram	w_1641	-
7E1642	ram	w_1642	-
7E1643	ram	w_1643	-
7E1644	ram	w_1644	-
7E1645	ram	w_1645	-
7E1646	ram	w_1646	-
7E1647	ram	w_1647	-
7E1648	ram	w_1648	-
7E1649	ram	w_1649	-
7E164A	ram	w_164a	-
7E164B	ram	w_164b	-
7E164C	ram	w_164c	-
7E164D	ram	w_164d	-
7E164E	ram	w_164e	-
7E164F	ram	w_164f	-
7E1650	ram	w_1650	-
7E1651	ram	w_1651	-
7E1652	ram	w_1652	-
7E1653	ram	w_1653	-
7E1654	ram	w_1654	-
7E1655	ram	w_1655	-
7E1656	ram	w_1656	-
7E1657	ram	w_1657	-
7E1658	ram	w_1658	-
7E1659	ram	w_1659	-
7E165A	ram	w_165a	-
7E165B	ram	w_165b	-
7E165C	ram	w_165c	-
7E165D	ram	w_165d	-
7E165E	ram	w_165e	-
7E165F	ram	w_165f	-
7E1660	ram	w_1660	-
7E1661	ram	w_1661	-
7E1662	ram	w_1662	-
7E1663	ram	w_1663	-
7E1664	ram	w_1664	-
7E1665	ram	w_1665	-
7E1666	ram	w_1666	-
7E1667	ram	w_1667	-
7E1668	ram	w_1668	-
7E1669	ram	w_1669	-
7E166A	ram	w_166a	-
7E166B	ram	w_166b	-
7E166C	ram	w_166c	-
7E166D	ram	w_166d	-
7E166E	ram	w_166e	-
7E166F	ram	w_166f	-
7E1670	ram	w_1670	-
7E1671	ram	w_1671	-
7E1672	ram	w_1672	-
7E1673	ram	w_1673	-
7E1674	ram	w_1674	-
7E1675	ram	w_1675	-
7E1676	ram	w_1676	-
7E1677	ram	w_1677	-
7E1678	ram	w_1678	-
7E1679	ram	w_1679	-
7E167A	ram	w_167a	-
7E167B	ram	w_167b	-
7E167C	ram	w_167c	-
7E167D	ram	w_167d	-
7E167E	ram	w_167e	-
7E167F	ram	w_167f	-
7E1680	ram	w_1680	-
7E1681	ram	w_1681	-
7E1682	ram	w_1682	-
7E1683	ram	w_1683	-
7E1684	ram	w_1684	-
7E1685	ram	w_1685	-
7E1686	ram	w_1686	-
7E1687	ram	w_1687	-
7E1688	ram	w_1688	-
7E1689	ram	w_1689	-
7E168A	ram	w_168a	-
7E168B	ram	w_168b	-
7E168C	ram	w_168c	-
7E168D	ram	w_168d	-
7E168E	ram	w_168e	-
7E168F	ram	w_168f	-
7E1690	ram	w_1690	-
7E1691	ram	w_1691	-
7E1692	ram	w_1692	-
7E1693	ram	w_1693	-
7E1694	ram	w_1694	-
7E1695	ram	w_1695	-
7E1696	ram	w_1696	-
7E1697	ram	w_1697	-
7E1698	ram	w_1698	-
7E1699	ram	w_1699	-
7E169A	ram	w_169a	-
7E169B	ram	w_169b	-
7E169C	ram	w_169c	-
7E169D	ram	w_169d	-
7E169E	ram	w_169e	-
7E169F	ram	w_169f	-
7E16A0	ram	w_16a0	-
7E16A1	ram	w_16a1	-
7E16A2	ram	w_16a2	-
7E16A3	ram	w_16a3	-
7E16A4	ram	w_16a4	-
7E16A5	ram	w_16a5	-
7E16A6	ram	w_16a6	-
7E16A7	ram	w_16a7	-
7E16A8	ram	w_16a8	-
7E16A9	ram	w_16a9	-
7E16AA	ram	w_16aa	-
7E16AB	ram	w_16ab	-
7E16AC	ram	w_16ac	-
7E16AD	ram	w_16ad	-
7E16AE	ram	w_16ae	-
7E16AF	ram	w_16af	-
7E16B0	ram	w_16b0	-
7E16B1	ram	w_16b1	-
7E16B2	ram	w_16b2	-
7E16B3	ram	w_16b3	-
7E16B4	ram	w_16b4	-
7E16B5	ram	w_16b5	-
7E16B6	ram	w_16b6	-
7E16B7	ram	w_16b7	-
7E16B8	ram	w_16b8	-
7E16B9	ram	w_16b9	-
7E16BA	ram	w_16ba	-
7E16BB	ram	w_16bb	-
7E16BC	ram	w_16bc	-
7E16BD	ram	w_16bd	-
7E16BE	ram	w_16be	-
7E16BF	ram	w_16bf	-
7E16C0	ram	w_16c0	-
7E16C1	ram	w_16c1	-
7E16C2	ram	w_16c2	-
7E16C3	ram	w_16c3	-
7E16C4	ram	w_16c4	-
7E16C5	ram	w_16c5	-
7E16C6	ram	w_16c6	-
7E16C7	ram	w_16c7	-
7E16C8	ram	w_16c8	-
7E16C9	ram	w_16c9	-
7E16CA	ram	w_16ca	-
7E16CB	ram	w_16cb	-
7E16CC	ram	w_16cc	-
7E16CD	ram	w_16cd	-
7E16CE	ram	w_16ce	-
7E16CF	ram	w_16cf	-
7E16D0	ram	w_16d0	-
7E16D1	ram	w_16d1	-
7E16D2	ram	w_16d2	-
7E16D3	ram	w_16d3	-
7E16D4	ram	w_16d4	-
7E16D5	ram	w_16d5	-
7E16D6	ram	w_16d6	-
7E16D7	ram	w_16d7	-
7E16D8	ram	w_16d8	-
7E16D9	ram	w_16d9	-
7E16DA	ram	w_16da	-
7E16DB	ram	w_16db	-
7E16DC	ram	w_16dc	-
7E16DD	ram	w_16dd	-
7E16DE	ram	w_16de	-
7E16DF	ram	w_16df	-
7E16E0	ram	w_16e0	-
7E16E1	ram	w_16e1	-
7E16E2	ram	w_16e2	-
7E16E3	ram	w_16e3	-
7E16E4	ram	w_16e4	-
7E16E5	ram	w_16e5	-
7E16E6	ram	w_16e6	-
7E16E7	ram	w_16e7	-
7E16E8	ram	w_16e8	-
7E16E9	ram	w_16e9	-
7E16EA	ram	w_16ea	-
7E16EB	ram	w_16eb	-
7E16EC	ram	w_16ec	-
7E16ED	ram	w_16ed	-
7E16EE	ram	w_16ee	-
7E16EF	ram	w_16ef	-
7E16F0	ram	w_16f0	-
7E16F1	ram	w_16f1	-
7E16F2	ram	w_16f2	-
7E16F3	ram	w_16f3	-
7E16F4	ram	w_16f4	-
7E16F5	ram	w_16f5	-
7E16F6	ram	w_16f6	-
7E16F7	ram	w_16f7	-
7E16F8	ram	w_16f8	-
7E16F9	ram	w_16f9	-
7E16FA	ram	w_16fa	-
7E16FB	ram	w_16fb	-
7E16FC	ram	w_16fc	-
7E16FD	ram	w_16fd	-
7E16FE	ram	w_16fe	-
7E16FF	ram	w_16ff	-
7E1700	ram	w_1700	-
7E1701	ram	w_1701	-
7E1702	ram	w_1702	-
7E1703	ram	w_1703	-
7E1704	ram	w_1704	-
7E1705	ram	w_1705	-
7E1706	ram	w_1706	-
7E1707	ram	w_1707	-
7E1708	ram	w_1708	-
7E1709	ram	w_1709	-
7E170A	ram	w_170a	-
7E170B	ram	w_170b	-
7E170C	ram	w_170c	-
7E170D	ram	w_170d	-
7E170E	ram	w_170e	-
7E170F	ram	w_170f	-
7E1710	ram	w_1710	-
7E1711	ram	w_1711	-
7E1712	ram	w_1712	-
7E1713	ram	w_1713	-
7E1714	ram	w_1714	-
7E1715	ram	w_1715	-
7E1716	ram	w_1716	-
7E1717	ram	w_1717	-
7E1718	ram	w_1718	-
7E1719	ram	w_1719	-
7E171A	ram	w_171a	-
7E171B	ram	w_171b	-
7E171C	ram	w_171c	-
7E171D	ram	w_171d	-
7E171E	ram	w_171e	-
7E171F	ram	w_171f	-
7E1720	ram	w_1720	-
7E1721	ram	w_1721	-
7E1722	ram	w_1722	-
7E1723	ram	w_1723	-
7E1724	ram	w_1724	-
7E1725	ram	w_1725	-
7E1726	ram	w_1726	-
7E1727	ram	w_1727	-
7E1728	ram	w_1728	-
7E1729	ram	w_1729	-
7E172A	ram	w_172a	-
7E172B	ram	w_172b	-
7E172C	ram	w_172c	-
7E172D	ram	w_172d	-
7E172E	ram	w_172e	-
7E172F	ram	w_172f	-
7E1730	ram	w_1730	-
7E1731	ram	w_1731	-
7E1732	ram	w_1732	-
7E1733	ram	w_1733	-
7E1734	ram	w_1734	-
7E1735	ram	w_1735	-
7E1736	ram	w_1736	-
7E1737	ram	w_1737	-
7E1738	ram	w_1738	-
7E1739	ram	w_1739	-
7E173A	ram	w_173a	-
7E173B	ram	w_173b	-
7E173C	ram	w_173c	-
7E173D	ram	w_173d	-
7E173E	ram	w_173e	-
7E173F	ram	w_173f	-
7E1740	ram	w_1740	-
7E1741	ram	w_1741	-
7E1742	ram	w_1742	-
7E1743	ram	w_1743	-
7E1744	ram	w_1744	-
7E1745	ram	w_1745	-
7E1746	ram	w_1746	-
7E1747	ram	w_1747	-
7E1748	ram	w_1748	-
7E1749	ram	w_1749	-
7E174A	ram	w_174a	-
7E174B	ram	w_174b	-
7E174C	ram	w_174c	-
7E174D	ram	w_174d	-
7E174E	ram	w_174e	-
7E174F	ram	w_174f	-
7E1750	ram	w_1750	-
7E1751	ram	w_1751	-
7E1752	ram	w_1752	-
7E1753	ram	w_1753	-
7E1754	ram	w_1754	-
7E1755	ram	w_1755	-
7E1756	ram	w_1756	-
7E1757	ram	w_1757	-
7E1758	ram	w_1758	-
7E1759	ram	w_1759	-
7E175A	ram	w_175a	-
7E175B	ram	w_175b	-
7E175C	ram	w_175c	-
7E175D	ram	w_175d	-
7E175E	ram	w_175e	-
7E175F	ram	w_175f	-
7E1760	ram	w_1760	-
7E1761	ram	w_1761	-
7E1762	ram	w_1762	-
7E1763	ram	w_1763	-
7E1764	ram	w_1764	-
7E1765	ram	w_1765	-
7E1766	ram	w_1766	-
7E1767	ram	w_1767	-
7E1768	ram	w_1768	-
7E1769	ram	w_1769	-
7E176A	ram	w_176a	-
7E176B	ram	w_176b	-
7E176C	ram	w_176c	-
7E176D	ram	w_176d	-
7E176E	ram	w_176e	-
7E176F	ram	w_176f	-
7E1770	ram	w_1770	-
7E1771	ram	w_1771	-
7E1772	ram	w_1772	-
7E1773	ram	w_1773	-
7E1774	ram	w_1774	-
7E1775	ram	w_1775	-
7E1776	ram	w_1776	-
7E1777	ram	w_1777	-
7E1778	ram	w_1778	-
7E1779	ram	w_1779	-
7E177A	ram	w_177a	-
7E177B	ram	w_177b	-
7E177C	ram	w_177c	-
7E177D	ram	w_177d	-
7E177E	ram	w_177e	-
7E177F	ram	w_177f	-
7E1780	ram	w_1780	-
7E1781	ram	w_1781	-
7E1782	ram	w_1782	-
7E1783	ram	w_1783	-
7E1784	ram	w_1784	-
7E1785	ram	w_1785	-
7E1786	ram	w_1786	-
7E1787	ram	w_1787	-
7E1788	ram	w_1788	-
7E1789	ram	w_1789	-
7E178A	ram	w_178a	-
7E178B	ram	w_178b	-
7E178C	ram	w_178c	-
7E178D	ram	w_178d	-
7E178E	ram	w_178e	-
7E178F	ram	w_178f	-
7E1790	ram	w_1790	-
7E1791	ram	w_1791	-
7E1792	ram	w_1792	-
7E1793	ram	w_1793	-
7E1794	ram	w_1794	-
7E1795	ram	w_1795	-
7E1796	ram	w_1796	-
7E1797	ram	w_1797	-
7E1798	ram	w_1798	-
7E1799	ram	w_1799	-
7E179A	ram	w_179a	-
7E179B	ram	w_179b	-
7E179C	ram	w_179c	-
7E179D	ram	w_179d	-
7E179E	ram	w_179e	-
7E179F	ram	w_179f	-
7E17A0	ram	w_17a0	-
7E17A1	ram	w_17a1	-
7E17A2	ram	w_17a2	-
7E17A3	ram	w_17a3	-
7E17A4	ram	w_17a4	-
7E17A5	ram	w_17a5	-
7E17A6	ram	w_17a6	-
7E17A7	ram	w_17a7	-
7E17A8	ram	w_17a8	-
7E17A9	ram	w_17a9	-
7E17AA	ram	w_17aa	-
7E17AB	ram	w_17ab	-
7E17AC	ram	w_17ac	-
7E17AD	ram	w_17ad	-
7E17AE	ram	w_17ae	-
7E17AF	ram	w_17af	-
7E17B0	ram	w_17b0	-
7E17B1	ram	w_17b1	-
7E17B2	ram	w_17b2	-
7E17B3	ram	w_17b3	-
7E17B4	ram	w_17b4	-
7E17B5	ram	w_17b5	-
7E17B6	ram	w_17b6	-
7E17B7	ram	w_17b7	-
7E17B8	ram	w_17b8	-
7E17B9	ram	w_17b9	-
7E17BA	ram	w_17ba	-
7E17BB	ram	w_17bb	-
7E17BC	ram	w_17bc	-
7E17BD	ram	w_17bd	-
7E17BE	ram	w_17be	-
7E17BF	ram	w_17bf	-
7E17C0	ram	w_17c0	-
7E17C1	ram	w_17c1	-
7E17C2	ram	w_17c2	-
7E17C3	ram	w_17c3	-
7E17C4	ram	w_17c4	-
7E17C5	ram	w_17c5	-
7E17C6	ram	w_17c6	-
7E17C7	ram	w_17c7	-
7E17C8	ram	w_17c8	-
7E17C9	ram	w_17c9	-
7E17CA	ram	w_17ca	-
7E17CB	ram	w_17cb	-
7E17CC	ram	w_17cc	-
7E17CD	ram	w_17cd	-
7E17CE	ram	w_17ce	-
7E17CF	ram	w_17cf	-
7E17D0	ram	w_17d0	-
7E17D1	ram	w_17d1	-
7E17D2	ram	w_17d2	-
7E17D3	ram	w_17d3	-
7E17D4	ram	w_17d4	-
7E17D5	ram	w_17d5	-
7E17D6	ram	w_17d6	-
7E17D7	ram	w_17d7	-
7E17D8	ram	w_17d8	-
7E17D9	ram	w_17d9	-
7E17DA	ram	w_17da	-
7E17DB	ram	w_17db	-
7E17DC	ram	w_17dc	-
7E17DD	ram	w_17dd	-
7E17DE	ram	w_17de	-
7E17DF	ram	w_17df	-
7E17E0	ram	w_17e0	-
7E17E1	ram	w_17e1	-
7E17E2	ram	w_17e2	-
7E17E3	ram	w_17e3	-
7E17E4	ram	w_17e4	-
7E17E5	ram	w_17e5	-
7E17E6	ram	w_17e6	-
7E17E7	ram	w_17e7	-
7E17E8	ram	w_17e8	-
7E17E9	ram	w_17e9	-
7E17EA	ram	w_17ea	-
7E17EB	ram	w_17eb	-
7E17EC	ram	w_17ec	-
7E17ED	ram	w_17ed	-
7E17EE	ram	w_17ee	-
7E17EF	ram	w_17ef	-
7E17F0	ram	w_17f0	-
7E17F1	ram	w_17f1	-
7E17F2	ram	w_17f2	-
7E17F3	ram	w_17f3	-
7E17F4	ram	w_17f4	-
7E17F5	ram	w_17f5	-
7E17F6	ram	w_17f6	-
7E17F7	ram	w_17f7	-
7E17F8	ram	w_17f8	-
7E17F9	ram	w_17f9	-
7E17FA	ram	w_17fa	-
7E17FB	ram	w_17fb	-
7E17FC	ram	w_17fc	-
7E17FD	ram	w_17fd	-
7E17FE	ram	w_17fe	-
7E17FF	ram	w_17ff	-
7E1800	ram	w_1800	-
7E1801	ram	w_1801	-
7E1802	ram	w_1802	-
7E1803	ram	w_1803	-
7E1804	ram	w_1804	-
7E1805	ram	w_1805	-
7E1806	ram	w_1806	-
7E1807	ram	w_1807	-
7E1808	ram	w_1808	-
7E1809	ram	w_1809	-
7E180A	ram	w_180a	-
7E180B	ram	w_180b	-
7E180C	ram	w_180c	-
7E180D	ram	w_180d	-
7E180E	ram	w_180e	-
7E180F	ram	w_180f	-
7E1810	ram	w_1810	-
7E1811	ram	w_1811	-
7E1812	ram	w_1812	-
7E1813	ram	w_1813	-
7E1814	ram	w_1814	-
7E1815	ram	w_1815	-
7E1816	ram	w_1816	-
7E1817	ram	w_1817	-
7E1818	ram	w_1818	-
7E1819	ram	w_1819	-
7E181A	ram	w_181a	-
7E181B	ram	w_181b	-
7E181C	ram	w_181c	-
7E181D	ram	w_181d	-
7E181E	ram	w_181e	-
7E181F	ram	w_181f	-
7E1820	ram	w_1820	-
7E1821	ram	w_1821	-
7E1822	ram	w_1822	-
7E1823	ram	w_1823	-
7E1824	ram	w_1824	-
7E1825	ram	w_1825	-
7E1826	ram	w_1826	-
7E1827	ram	w_1827	-
7E1828	ram	w_1828	-
7E1829	ram	w_1829	-
7E182A	ram	w_182a	-
7E182B	ram	w_182b	-
7E182C	ram	w_182c	-
7E182D	ram	w_182d	-
7E182E	ram	w_182e	-
7E182F	ram	w_182f	-
7E1830	ram	w_1830	-
7E1831	ram	w_1831	-
7E1832	ram	w_1832	-
7E1833	ram	w_1833	-
7E1834	ram	w_1834	-
7E1835	ram	w_1835	-
7E1836	ram	w_1836	-
7E1837	ram	w_1837	-
7E1838	ram	w_1838	-
7E1839	ram	w_1839	-
7E183A	ram	w_183a	-
7E183B	ram	w_183b	-
7E183C	ram	w_183c	-
7E183D	ram	w_183d	-
7E183E	ram	w_183e	-
7E183F	ram	w_183f	-
7E1840	ram	w_1840	-
7E1841	ram	w_1841	-
7E1842	ram	w_1842	-
7E1843	ram	w_1843	-
7E1844	ram	w_1844	-
7E1845	ram	w_1845	-
7E1846	ram	w_1846	-
7E1847	ram	w_1847	-
7E1848	ram	w_1848	-
7E1849	ram	w_1849	-
7E184A	ram	w_184a	-
7E184B	ram	w_184b	-
7E184C	ram	w_184c	-
7E184D	ram	w_184d	-
7E184E	ram	w_184e	-
7E184F	ram	w_184f	-
7E1850	ram	w_1850	-
7E1851	ram	w_1851	-
7E1852	ram	w_1852	-
7E1853	ram	w_1853	-
7E1854	ram	w_1854	-
7E1855	ram	w_1855	-
7E1856	ram	w_1856	-
7E1857	ram	w_1857	-
7E1858	ram	w_1858	-
7E1859	ram	w_1859	-
7E185A	ram	w_185a	-
7E185B	ram	w_185b	-
7E185C	ram	w_185c	-
7E185D	ram	w_185d	-
7E185E	ram	w_185e	-
7E185F	ram	w_185f	-
7E1860	ram	w_1860	-
7E1861	ram	w_1861	-
7E1862	ram	w_1862	-
7E1863	ram	w_1863	-
7E1864	ram	w_1864	-
7E1865	ram	w_1865	-
7E1866	ram	w_1866	-
7E1867	ram	w_1867	-
7E1868	ram	w_1868	-
7E1869	ram	w_1869	-
7E186A	ram	w_186a	-
7E186B	ram	w_186b	-
7E186C	ram	w_186c	-
7E186D	ram	w_186d	-
7E186E	ram	w_186e	-
7E186F	ram	w_186f	-
7E1870	ram	w_1870	-
7E1871	ram	w_1871	-
7E1872	ram	w_1872	-
7E1873	ram	w_1873	-
7E1874	ram	w_1874	-
7E1875	ram	w_1875	-
7E1876	ram	w_1876	-
7E1877	ram	w_1877	-
7E1878	ram	w_1878	-
7E1879	ram	w_1879	-
7E187A	ram	w_187a	-
7E187B	ram	w_187b	-
7E187C	ram	w_187c	-
7E187D	ram	w_187d	-
7E187E	ram	w_187e	-
7E187F	ram	w_187f	-
7E1880	ram	w_1880	-
7E1881	ram	w_1881	-
7E1882	ram	w_1882	-
7E1883	ram	w_1883	-
7E1884	ram	w_1884	-
7E1885	ram	w_1885	-
7E1886	ram	w_1886	-
7E1887	ram	w_1887	-
7E1888	ram	w_1888	-
7E1889	ram	w_1889	-
7E188A	ram	w_188a	-
7E188B	ram	w_188b	-
7E188C	ram	w_188c	-
7E188D	ram	w_188d	-
7E188E	ram	w_188e	-
7E188F	ram	w_188f	-
7E1890	ram	w_1890	-
7E1891	ram	w_1891	-
7E1892	ram	w_1892	-
7E1893	ram	w_1893	-
7E1894	ram	w_1894	-
7E1895	ram	w_1895	-
7E1896	ram	w_1896	-
7E1897	ram	w_1897	-
7E1898	ram	w_1898	-
7E1899	ram	w_1899	-
7E189A	ram	w_189a	-
7E189B	ram	w_189b	-
7E189C	ram	w_189c	-
7E189D	ram	w_189d	-
7E189E	ram	w_189e	-
7E189F	ram	w_189f	-
7E18A0	ram	w_18a0	-
7E18A1	ram	w_18a1	-
7E18A2	ram	w_18a2	-
7E18A3	ram	w_18a3	-
7E18A4	ram	w_18a4	-
7E18A5	ram	w_18a5	-
7E18A6	ram	w_18a6	-
7E18A7	ram	w_18a7	-
7E18A8	ram	w_18a8	-
7E18A9	ram	w_18a9	-
7E18AA	ram	w_18aa	-
7E18AB	ram	w_18ab	-
7E18AC	ram	w_18ac	-
7E18AD	ram	w_18ad	-
7E18AE	ram	w_18ae	-
7E18AF	ram	w_18af	-
7E18B0	ram	w_18b0	-
7E18B1	ram	w_18b1	-
7E18B2	ram	w_18b2	-
7E18B3	ram	w_18b3	-
7E18B4	ram	w_18b4	-
7E18B5	ram	w_18b5	-
7E18B6	ram	w_18b6	-
7E18B7	ram	w_18b7	-
7E18B8	ram	w_18b8	-
7E18B9	ram	w_18b9	-
7E18BA	ram	w_18ba	-
7E18BB	ram	w_18bb	-
7E18BC	ram	w_18bc	-
7E18BD	ram	w_18bd	-
7E18BE	ram	w_18be	-
7E18BF	ram	w_18bf	-
7E18C0	ram	w_18c0	-
7E18C1	ram	w_18c1	-
7E18C2	ram	w_18c2	-
7E18C3	ram	w_18c3	-
7E18C4	ram	w_18c4	-
7E18C5	ram	w_18c5	-
7E18C6	ram	w_18c6	-
7E18C7	ram	w_18c7	-
7E18C8	ram	w_18c8	-
7E18C9	ram	w_18c9	-
7E18CA	ram	w_18ca	-
7E18CB	ram	w_18cb	-
7E18CC	ram	w_18cc	-
7E18CD	ram	w_18cd	-
7E18CE	ram	w_18ce	-
7E18CF	ram	w_18cf	-
7E18D0	ram	w_18d0	-
7E18D1	ram	w_18d1	-
7E18D2	ram	w_18d2	-
7E18D3	ram	w_18d3	-
7E18D4	ram	w_18d4	-
7E18D5	ram	w_18d5	-
7E18D6	ram	w_18d6	-
7E18D7	ram	w_18d7	-
7E18D8	ram	w_18d8	-
7E18D9	ram	w_18d9	-
7E18DA	ram	w_18da	-
7E18DB	ram	w_18db	-
7E18DC	ram	w_18dc	-
7E18DD	ram	w_18dd	-
7E18DE	ram	w_18de	-
7E18DF	ram	w_18df	-
7E18E0	ram	w_18e0	-
7E18E1	ram	w_18e1	-
7E18E2	ram	w_18e2	-
7E18E3	ram	w_18e3	-
7E18E4	ram	w_18e4	-
7E18E5	ram	w_18e5	-
7E18E6	ram	w_18e6	-
7E18E7	ram	w_18e7	-
7E18E8	ram	w_18e8	-
7E18E9	ram	w_18e9	-
7E18EA	ram	w_18ea	-
7E18EB	ram	w_18eb	-
7E18EC	ram	w_18ec	-
7E18ED	ram	w_18ed	-
7E18EE	ram	w_18ee	-
7E18EF	ram	w_18ef	-
7E18F0	ram	w_18f0	-
7E18F1	ram	w_18f1	-
7E18F2	ram	w_18f2	-
7E18F3	ram	w_18f3	-
7E18F4	ram	w_18f4	-
7E18F5	ram	w_18f5	-
7E18F6	ram	w_18f6	-
7E18F7	ram	w_18f7	-
7E18F8	ram	w_18f8	-
7E18F9	ram	w_18f9	-
7E18FA	ram	w_18fa	-
7E18FB	ram	w_18fb	-
7E18FC	ram	w_18fc	-
7E18FD	ram	w_18fd	-
7E18FE	ram	w_18fe	-
7E18FF	ram	w_18ff	-
7E1900	ram	w_1900	-
7E1901	ram	w_1901	-
7E1902	ram	w_1902	-
7E1903	ram	w_1903	-
7E1904	ram	w_1904	-
7E1905	ram	w_1905	-
7E1906	ram	w_1906	-
7E1907	ram	w_1907	-
7E1908	ram	w_1908	-
7E1909	ram	w_1909	-
7E190A	ram	w_190a	-
7E190B	ram	w_190b	-
7E190C	ram	w_190c	-
7E190D	ram	w_190d	-
7E190E	ram	w_190e	-
7E190F	ram	w_190f	-
7E1910	ram	w_1910	-
7E1911	ram	w_1911	-
7E1912	ram	w_1912	-
7E1913	ram	w_1913	-
7E1914	ram	w_1914	-
7E1915	ram	w_1915	-
7E1916	ram	w_1916	-
7E1917	ram	w_1917	-
7E1918	ram	w_1918	-
7E1919	ram	w_1919	-
7E191A	ram	w_191a	-
7E191B	ram	w_191b	-
7E191C	ram	w_191c	-
7E191D	ram	w_191d	-
7E191E	ram	w_191e	-
7E191F	ram	w_191f	-
7E1920	ram	w_1920	-
7E1921	ram	w_1921	-
7E1922	ram	w_1922	-
7E1923	ram	w_1923	-
7E1924	ram	w_1924	-
7E1925	ram	w_1925	-
7E1926	ram	w_1926	-
7E1927	ram	w_1927	-
7E1928	ram	w_1928	-
7E1929	ram	w_1929	-
7E192A	ram	w_192a	-
7E192B	ram	w_192b	-
7E192C	ram	w_192c	-
7E192D	ram	w_192d	-
7E192E	ram	w_192e	-
7E192F	ram	w_192f	-
7E1930	ram	w_1930	-
7E1931	ram	w_1931	-
7E1932	ram	w_1932	-
7E1933	ram	w_1933	-
7E1934	ram	w_1934	-
7E1935	ram	w_1935	-
7E1936	ram	w_1936	-
7E1937	ram	w_1937	-
7E1938	ram	w_1938	-
7E1939	ram	w_1939	-
7E193A	ram	w_193a	-
7E193B	ram	w_193b	-
7E193C	ram	w_193c	-
7E193D	ram	w_193d	-
7E193E	ram	w_193e	-
7E193F	ram	w_193f	-
7E1940	ram	w_1940	-
7E1941	ram	w_1941	-
7E1942	ram	w_1942	-
7E1943	ram	w_1943	-
7E1944	ram	w_1944	-
7E1945	ram	w_1945	-
7E1946	ram	w_1946	-
7E1947	ram	w_1947	-
7E1948	ram	w_1948	-
7E1949	ram	w_1949	-
7E194A	ram	w_194a	-
7E194B	ram	w_194b	-
7E194C	ram	w_194c	-
7E194D	ram	w_194d	-
7E194E	ram	w_194e	-
7E194F	ram	w_194f	-
7E1950	ram	w_1950	-
7E1951	ram	w_1951	-
7E1952	ram	w_1952	-
7E1953	ram	w_1953	-
7E1954	ram	w_1954	-
7E1955	ram	w_1955	-
7E1956	ram	w_1956	-
7E1957	ram	w_1957	-
7E1958	ram	w_1958	-
7E1959	ram	w_1959	-
7E195A	ram	w_195a	-
7E195B	ram	w_195b	-
7E195C	ram	w_195c	-
7E195D	ram	w_195d	-
7E195E	ram	w_195e	-
7E195F	ram	w_195f	-
7E1960	ram	w_1960	-
7E1961	ram	w_1961	-
7E1962	ram	w_1962	-
7E1963	ram	w_1963	-
7E1964	ram	w_1964	-
7E1965	ram	w_1965	-
7E1966	ram	w_1966	-
7E1967	ram	w_1967	-
7E1968	ram	w_1968	-
7E1969	ram	w_1969	-
7E196A	ram	w_196a	-
7E196B	ram	w_196b	-
7E196C	ram	w_196c	-
7E196D	ram	w_196d	-
7E196E	ram	w_196e	-
7E196F	ram	w_196f	-
7E1970	ram	w_1970	-
7E1971	ram	w_1971	-
7E1972	ram	w_1972	-
7E1973	ram	w_1973	-
7E1974	ram	w_1974	-
7E1975	ram	w_1975	-
7E1976	ram	w_1976	-
7E1977	ram	w_1977	-
7E1978	ram	w_1978	-
7E1979	ram	w_1979	-
7E197A	ram	w_197a	-
7E197B	ram	w_197b	-
7E197C	ram	w_197c	-
7E197D	ram	w_197d	-
7E197E	ram	w_197e	-
7E197F	ram	w_197f	-
7E1980	ram	w_1980	-
7E1981	ram	w_1981	-
7E1982	ram	w_1982	-
7E1983	ram	w_1983	-
7E1984	ram	w_1984	-
7E1985	ram	w_1985	-
7E1986	ram	w_1986	-
7E1987	ram	w_1987	-
7E1988	ram	w_1988	-
7E1989	ram	w_1989	-
7E198A	ram	w_198a	-
7E198B	ram	w_198b	-
7E198C	ram	w_198c	-
7E198D	ram	w_198d	-
7E198E	ram	w_198e	-
7E198F	ram	w_198f	-
7E1990	ram	w_1990	-
7E1991	ram	w_1991	-
7E1992	ram	w_1992	-
7E1993	ram	w_1993	-
7E1994	ram	w_1994	-
7E1995	ram	w_1995	-
7E1996	ram	w_1996	-
7E1997	ram	w_1997	-
7E1998	ram	w_1998	-
7E1999	ram	w_1999	-
7E199A	ram	w_199a	-
7E199B	ram	w_199b	-
7E199C	ram	w_199c	-
7E199D	ram	w_199d	-
7E199E	ram	w_199e	-
7E199F	ram	w_199f	-
7E19A0	ram	w_19a0	-
7E19A1	ram	w_19a1	-
7E19A2	ram	w_19a2	-
7E19A3	ram	w_19a3	-
7E19A4	ram	w_19a4	-
7E19A5	ram	w_19a5	-
7E19A6	ram	w_19a6	-
7E19A7	ram	w_19a7	-
7E19A8	ram	w_19a8	-
7E19A9	ram	w_19a9	-
7E19AA	ram	w_19aa	-
7E19AB	ram	w_19ab	-
7E19AC	ram	w_19ac	-
7E19AD	ram	w_19ad	-
7E19AE	ram	w_19ae	-
7E19AF	ram	w_19af	-
7E19B0	ram	w_19b0	-
7E19B1	ram	w_19b1	-
7E19B2	ram	w_19b2	-
7E19B3	ram	w_19b3	-
7E19B4	ram	w_19b4	-
7E19B5	ram	w_19b5	-
7E19B6	ram	w_19b6	-
7E19B7	ram	w_19b7	-
7E19B8	ram	w_19b8	-
7E19B9	ram	w_19b9	-
7E19BA	ram	w_19ba	-
7E19BB	ram	w_19bb	-
7E19BC	ram	w_19bc	-
7E19BD	ram	w_19bd	-
7E19BE	ram	w_19be	-
7E19BF	ram	w_19bf	-
7E19C0	ram	w_19c0	-
7E19C1	ram	w_19c1	-
7E19C2	ram	w_19c2	-
7E19C3	ram	w_19c3	-
7E19C4	ram	w_19c4	-
7E19C5	ram	w_19c5	-
7E19C6	ram	w_19c6	-
7E19C7	ram	w_19c7	-
7E19C8	ram	w_19c8	-
7E19C9	ram	w_19c9	-
7E19CA	ram	w_19ca	-
7E19CB	ram	w_19cb	-
7E19CC	ram	w_19cc	-
7E19CD	ram	w_19cd	-
7E19CE	ram	w_19ce	-
7E19CF	ram	w_19cf	-
7E19D0	ram	w_19d0	-
7E19D1	ram	w_19d1	-
7E19D2	ram	w_19d2	-
7E19D3	ram	w_19d3	-
7E19D4	ram	w_19d4	-
7E19D5	ram	w_19d5	-
7E19D6	ram	w_19d6	-
7E19D7	ram	w_19d7	-
7E19D8	ram	w_19d8	-
7E19D9	ram	w_19d9	-
7E19DA	ram	w_19da	-
7E19DB	ram	w_19db	-
7E19DC	ram	w_19dc	-
7E19DD	ram	w_19dd	-
7E19DE	ram	w_19de	-
7E19DF	ram	w_19df	-
7E19E0	ram	w_19e0	-
7E19E1	ram	w_19e1	-
7E19E2	ram	w_19e2	-
7E19E3	ram	w_19e3	-
7E19E4	ram	w_19e4	-
7E19E5	ram	w_19e5	-
7E19E6	ram	w_19e6	-
7E19E7	ram	w_19e7	-
7E19E8	ram	w_19e8	-
7E19E9	ram	w_19e9	-
7E19EA	ram	w_19ea	-
7E19EB	ram	w_19eb	-
7E19EC	ram	w_19ec	-
7E19ED	ram	w_19ed	-
7E19EE	ram	w_19ee	-
7E19EF	ram	w_19ef	-
7E19F0	ram	w_19f0	-
7E19F1	ram	w_19f1	-
7E19F2	ram	w_19f2	-
7E19F3	ram	w_19f3	-
7E19F4	ram	w_19f4	-
7E19F5	ram	w_19f5	-
7E19F6	ram	w_19f6	-
7E19F7	ram	w_19f7	-
7E19F8	ram	w_19f8	-
7E19F9	ram	w_19f9	-
7E19FA	ram	w_19fa	-
7E19FB	ram	w_19fb	-
7E19FC	ram	w_19fc	-
7E19FD	ram	w_19fd	-
7E19FE	ram	w_19fe	-
7E19FF	ram	w_19ff	-
7E1A00	ram	w_1a00	-
7E1A01	ram	w_1a01	-
7E1A02	ram	w_1a02	-
7E1A03	ram	w_1a03	-
7E1A04	ram	w_1a04	-
7E1A05	ram	w_1a05	-
7E1A06	ram	w_1a06	-
7E1A07	ram	w_1a07	-
7E1A08	ram	w_1a08	-
7E1A09	ram	w_1a09	-
7E1A0A	ram	w_1a0a	-
7E1A0B	ram	w_1a0b	-
7E1A0C	ram	w_1a0c	-
7E1A0D	ram	w_1a0d	-
7E1A0E	ram	w_1a0e	-
7E1A0F	ram	w_1a0f	-
7E1A10	ram	w_1a10	-
7E1A11	ram	w_1a11	-
7E1A12	ram	w_1a12	-
7E1A13	ram	w_1a13	-
7E1A14	ram	w_1a14	-
7E1A15	ram	w_1a15	-
7E1A16	ram	w_1a16	-
7E1A17	ram	w_1a17	-
7E1A18	ram	w_1a18	-
7E1A19	ram	w_1a19	-
7E1A1A	ram	w_1a1a	-
7E1A1B	ram	w_1a1b	-
7E1A1C	ram	w_1a1c	-
7E1A1D	ram	w_1a1d	-
7E1A1E	ram	w_1a1e	-
7E1A1F	ram	w_1a1f	-
7E1A20	ram	w_1a20	-
7E1A21	ram	w_1a21	-
7E1A22	ram	w_1a22	-
7E1A23	ram	w_1a23	-
7E1A24	ram	w_1a24	-
7E1A25	ram	w_1a25	-
7E1A26	ram	w_1a26	-
7E1A27	ram	w_1a27	-
7E1A28	ram	w_1a28	-
7E1A29	ram	w_1a29	-
7E1A2A	ram	w_1a2a	-
7E1A2B	ram	w_1a2b	-
7E1A2C	ram	w_1a2c	-
7E1A2D	ram	w_1a2d	-
7E1A2E	ram	w_1a2e	-
7E1A2F	ram	w_1a2f	-
7E1A30	ram	w_1a30	-
7E1A31	ram	w_1a31	-
7E1A32	ram	w_1a32	-
7E1A33	ram	w_1a33	-
7E1A34	ram	w_1a34	-
7E1A35	ram	w_1a35	-
7E1A36	ram	w_1a36	-
7E1A37	ram	w_1a37	-
7E1A38	ram	w_1a38	-
7E1A39	ram	w_1a39	-
7E1A3A	ram	w_1a3a	-
7E1A3B	ram	w_1a3b	-
7E1A3C	ram	w_1a3c	-
7E1A3D	ram	w_1a3d	-
7E1A3E	ram	w_1a3e	-
7E1A3F	ram	w_1a3f	-
7E1A40	ram	w_1a40	-
7E1A41	ram	w_1a41	-
7E1A42	ram	w_1a42	-
7E1A43	ram	w_1a43	-
7E1A44	ram	w_1a44	-
7E1A45	ram	w_1a45	-
7E1A46	ram	w_1a46	-
7E1A47	ram	w_1a47	-
7E1A48	ram	w_1a48	-
7E1A49	ram	w_1a49	-
7E1A4A	ram	w_1a4a	-
7E1A4B	ram	w_1a4b	-
7E1A4C	ram	w_1a4c	-
7E1A4D	ram	w_1a4d	-
7E1A4E	ram	w_1a4e	-
7E1A4F	ram	w_1a4f	-
7E1A50	ram	w_1a50	-
7E1A51	ram	w_1a51	-
7E1A52	ram	w_1a52	-
7E1A53	ram	w_1a53	-
7E1A54	ram	w_1a54	-
7E1A55	ram	w_1a55	-
7E1A56	ram	w_1a56	-
7E1A57	ram	w_1a57	-
7E1A58	ram	w_1a58	-
7E1A59	ram	w_1a59	-
7E1A5A	ram	w_1a5a	-
7E1A5B	ram	w_1a5b	-
7E1A5C	ram	w_1a5c	-
7E1A5D	ram	w_1a5d	-
7E1A5E	ram	w_1a5e	-
7E1A5F	ram	w_1a5f	-
7E1A60	ram	w_1a60	-
7E1A61	ram	w_1a61	-
7E1A62	ram	w_1a62	-
7E1A63	ram	w_1a63	-
7E1A64	ram	w_1a64	-
7E1A65	ram	w_1a65	-
7E1A66	ram	w_1a66	-
7E1A67	ram	w_1a67	-
7E1A68	ram	w_1a68	-
7E1A69	ram	w_1a69	-
7E1A6A	ram	w_1a6a	-
7E1A6B	ram	w_1a6b	-
7E1A6C	ram	w_1a6c	-
7E1A6D	ram	w_1a6d	-
7E1A6E	ram	w_1a6e	-
7E1A6F	ram	w_1a6f	-
7E1A70	ram	w_1a70	-
7E1A71	ram	w_1a71	-
7E1A72	ram	w_1a72	-
7E1A73	ram	w_1a73	-
7E1A74	ram	w_1a74	-
7E1A75	ram	w_1a75	-
7E1A76	ram	w_1a76	-
7E1A77	ram	w_1a77	-
7E1A78	ram	w_1a78	-
7E1A79	ram	w_1a79	-
7E1A7A	ram	w_1a7a	-
7E1A7B	ram	w_1a7b	-
7E1A7C	ram	w_1a7c	-
7E1A7D	ram	w_1a7d	-
7E1A7E	ram	w_1a7e	-
7E1A7F	ram	w_1a7f	-
7E1A80	ram	w_1a80	-
7E1A81	ram	w_1a81	-
7E1A82	ram	w_1a82	-
7E1A83	ram	w_1a83	-
7E1A84	ram	w_1a84	-
7E1A85	ram	w_1a85	-
7E1A86	ram	w_1a86	-
7E1A87	ram	w_1a87	-
7E1A88	ram	w_1a88	-
7E1A89	ram	w_1a89	-
7E1A8A	ram	w_1a8a	-
7E1A8B	ram	w_1a8b	-
7E1A8C	ram	w_1a8c	-
7E1A8D	ram	w_1a8d	-
7E1A8E	ram	w_1a8e	-
7E1A8F	ram	w_1a8f	-
7E1A90	ram	w_1a90	-
7E1A91	ram	w_1a91	-
7E1A92	ram	w_1a92	-
7E1A93	ram	w_1a93	-
7E1A94	ram	w_1a94	-
7E1A95	ram	w_1a95	-
7E1A96	ram	w_1a96	-
7E1A97	ram	w_1a97	-
7E1A98	ram	w_1a98	-
7E1A99	ram	w_1a99	-
7E1A9A	ram	w_1a9a	-
7E1A9B	ram	w_1a9b	-
7E1A9C	ram	w_1a9c	-
7E1A9D	ram	w_1a9d	-
7E1A9E	ram	w_1a9e	-
7E1A9F	ram	w_1a9f	-
7E1AA0	ram	w_1aa0	-
7E1AA1	ram	w_1aa1	-
7E1AA2	ram	w_1aa2	-
7E1AA3	ram	w_1aa3	-
7E1AA4	ram	w_1aa4	-
7E1AA5	ram	w_1aa5	-
7E1AA6	ram	w_1aa6	-
7E1AA7	ram	w_1aa7	-
7E1AA8	ram	w_1aa8	-
7E1AA9	ram	w_1aa9	-
7E1AAA	ram	w_1aaa	-
7E1AAB	ram	w_1aab	-
7E1AAC	ram	w_1aac	-
7E1AAD	ram	w_1aad	-
7E1AAE	ram	w_1aae	-
7E1AAF	ram	w_1aaf	-
7E1AB0	ram	w_1ab0	-
7E1AB1	ram	w_1ab1	-
7E1AB2	ram	w_1ab2	-
7E1AB3	ram	w_1ab3	-
7E1AB4	ram	w_1ab4	-
7E1AB5	ram	w_1ab5	-
7E1AB6	ram	w_1ab6	-
7E1AB7	ram	w_1ab7	-
7E1AB8	ram	w_1ab8	-
7E1AB9	ram	w_1ab9	-
7E1ABA	ram	w_1aba	-
7E1ABB	ram	w_1abb	-
7E1ABC	ram	w_1abc	-
7E1ABD	ram	w_1abd	-
7E1ABE	ram	w_1abe	-
7E1ABF	ram	w_1abf	-
7E1AC0	ram	w_1ac0	-
7E1AC1	ram	w_1ac1	-
7E1AC2	ram	w_1ac2	-
7E1AC3	ram	w_1ac3	-
7E1AC4	ram	w_1ac4	-
7E1AC5	ram	w_1ac5	-
7E1AC6	ram	w_1ac6	-
7E1AC7	ram	w_1ac7	-
7E1AC8	ram	w_1ac8	-
7E1AC9	ram	w_1ac9	-
7E1ACA	ram	w_1aca	-
7E1ACB	ram	w_1acb	-
7E1ACC	ram	w_1acc	-
7E1ACD	ram	w_1acd	-
7E1ACE	ram	w_1ace	-
7E1ACF	ram	w_1acf	-
7E1AD0	ram	w_1ad0	-
7E1AD1	ram	w_1ad1	-
7E1AD2	ram	w_1ad2	-
7E1AD3	ram	w_1ad3	-
7E1AD4	ram	w_1ad4	-
7E1AD5	ram	w_1ad5	-
7E1AD6	ram	w_1ad6	-
7E1AD7	ram	w_1ad7	-
7E1AD8	ram	w_1ad8	-
7E1AD9	ram	w_1ad9	-
7E1ADA	ram	w_1ada	-
7E1ADB	ram	w_1adb	-
7E1ADC	ram	w_1adc	-
7E1ADD	ram	w_1add	-
7E1ADE	ram	w_1ade	-
7E1ADF	ram	w_1adf	-
7E1AE0	ram	w_1ae0	-
7E1AE1	ram	w_1ae1	-
7E1AE2	ram	w_1ae2	-
7E1AE3	ram	w_1ae3	-
7E1AE4	ram	w_1ae4	-
7E1AE5	ram	w_1ae5	-
7E1AE6	ram	w_1ae6	-
7E1AE7	ram	w_1ae7	-
7E1AE8	ram	w_1ae8	-
7E1AE9	ram	w_1ae9	-
7E1AEA	ram	w_1aea	-
7E1AEB	ram	w_1aeb	-
7E1AEC	ram	w_1aec	-
7E1AED	ram	w_1aed	-
7E1AEE	ram	w_1aee	-
7E1AEF	ram	w_1aef	-
7E1AF0	ram	w_1af0	-
7E1AF1	ram	w_1af1	-
7E1AF2	ram	w_1af2	-
7E1AF3	ram	w_1af3	-
7E1AF4	ram	w_1af4	-
7E1AF5	ram	w_1af5	-
7E1AF6	ram	w_1af6	-
7E1AF7	ram	w_1af7	-
7E1AF8	ram	w_1af8	-
7E1AF9	ram	w_1af9	-
7E1AFA	ram	w_1afa	-
7E1AFB	ram	w_1afb	-
7E1AFC	ram	w_1afc	-
7E1AFD	ram	w_1afd	-
7E1AFE	ram	w_1afe	-
7E1AFF	ram	w_1aff	-
7E1B00	ram	w_1b00	-
7E1B01	ram	w_1b01	-
7E1B02	ram	w_1b02	-
7E1B03	ram	w_1b03	-
7E1B04	ram	w_1b04	-
7E1B05	ram	w_1b05	-
7E1B06	ram	w_1b06	-
7E1B07	ram	w_1b07	-
7E1B08	ram	w_1b08	-
7E1B09	ram	w_1b09	-
7E1B0A	ram	w_1b0a	-
7E1B0B	ram	w_1b0b	-
7E1B0C	ram	w_1b0c	-
7E1B0D	ram	w_1b0d	-
7E1B0E	ram	w_1b0e	-
7E1B0F	ram	w_1b0f	-
7E1B10	ram	w_1b10	-
7E1B11	ram	w_1b11	-
7E1B12	ram	w_1b12	-
7E1B13	ram	w_1b13	-
7E1B14	ram	w_1b14	-
7E1B15	ram	w_1b15	-
7E1B16	ram	w_1b16	-
7E1B17	ram	w_1b17	-
7E1B18	ram	w_1b18	-
7E1B19	ram	w_1b19	-
7E1B1A	ram	w_1b1a	-
7E1B1B	ram	w_1b1b	-
7E1B1C	ram	w_1b1c	-
7E1B1D	ram	w_1b1d	-
7E1B1E	ram	w_1b1e	-
7E1B1F	ram	w_1b1f	-
7E1B20	ram	w_1b20	-
7E1B21	ram	w_1b21	-
7E1B22	ram	w_1b22	-
7E1B23	ram	w_1b23	-
7E1B24	ram	w_1b24	-
7E1B25	ram	w_1b25	-
7E1B26	ram	w_1b26	-
7E1B27	ram	w_1b27	-
7E1B28	ram	w_1b28	-
7E1B29	ram	w_1b29	-
7E1B2A	ram	w_1b2a	-
7E1B2B	ram	w_1b2b	-
7E1B2C	ram	w_1b2c	-
7E1B2D	ram	w_1b2d	-
7E1B2E	ram	w_1b2e	-
7E1B2F	ram	w_1b2f	-
7E1B30	ram	w_1b30	-
7E1B31	ram	w_1b31	-
7E1B32	ram	w_1b32	-
7E1B33	ram	w_1b33	-
7E1B34	ram	w_1b34	-
7E1B35	ram	w_1b35	-
7E1B36	ram	w_1b36	-
7E1B37	ram	w_1b37	-
7E1B38	ram	w_1b38	-
7E1B39	ram	w_1b39	-
7E1B3A	ram	w_1b3a	-
7E1B3B	ram	w_1b3b	-
7E1B3C	ram	w_1b3c	-
7E1B3D	ram	w_1b3d	-
7E1B3E	ram	w_1b3e	-
7E1B3F	ram	w_1b3f	-
7E1B40	ram	w_1b40	-
7E1B41	ram	w_1b41	-
7E1B42	ram	w_1b42	-
7E1B43	ram	w_1b43	-
7E1B44	ram	w_1b44	-
7E1B45	ram	w_1b45	-
7E1B46	ram	w_1b46	-
7E1B47	ram	w_1b47	-
7E1B48	ram	w_1b48	-
7E1B49	ram	w_1b49	-
7E1B4A	ram	w_1b4a	-
7E1B4B	ram	w_1b4b	-
7E1B4C	ram	w_1b4c	-
7E1B4D	ram	w_1b4d	-
7E1B4E	ram	w_1b4e	-
7E1B4F	ram	w_1b4f	-
7E1B50	ram	w_1b50	-
7E1B51	ram	w_1b51	-
7E1B52	ram	w_1b52	-
7E1B53	ram	w_1b53	-
7E1B54	ram	w_1b54	-
7E1B55	ram	w_1b55	-
7E1B56	ram	w_1b56	-
7E1B57	ram	w_1b57	-
7E1B58	ram	w_1b58	-
7E1B59	ram	w_1b59	-
7E1B5A	ram	w_1b5a	-
7E1B5B	ram	w_1b5b	-
7E1B5C	ram	w_1b5c	-
7E1B5D	ram	w_1b5d	-
7E1B5E	ram	w_1b5e	-
7E1B5F	ram	w_1b5f	-
7E1B60	ram	w_1b60	-
7E1B61	ram	w_1b61	-
7E1B62	ram	w_1b62	-
7E1B63	ram	w_1b63	-
7E1B64	ram	w_1b64	-
7E1B65	ram	w_1b65	-
7E1B66	ram	w_1b66	-
7E1B67	ram	w_1b67	-
7E1B68	ram	w_1b68	-
7E1B69	ram	w_1b69	-
7E1B6A	ram	w_1b6a	-
7E1B6B	ram	w_1b6b	-
7E1B6C	ram	w_1b6c	-
7E1B6D	ram	w_1b6d	-
7E1B6E	ram	w_1b6e	-
7E1B6F	ram	w_1b6f	-
7E1B70	ram	w_1b70	-
7E1B71	ram	w_1b71	-
7E1B72	ram	w_1b72	-
7E1B73	ram	w_1b73	-
7E1B74	ram	w_1b74	-
7E1B75	ram	w_1b75	-
7E1B76	ram	w_1b76	-
7E1B77	ram	w_1b77	-
7E1B78	ram	w_1b78	-
7E1B79	ram	w_1b79	-
7E1B7A	ram	w_1b7a	-
7E1B7B	ram	w_1b7b	-
7E1B7C	ram	w_1b7c	-
7E1B7D	ram	w_1b7d	-
7E1B7E	ram	w_1b7e	-
7E1B7F	ram	w_1b7f	-
7E1B80	ram	w_1b80	-
7E1B81	ram	w_1b81	-
7E1B82	ram	w_1b82	-
7E1B83	ram	w_1b83	-
7E1B84	ram	w_1b84	-
7E1B85	ram	w_1b85	-
7E1B86	ram	w_1b86	-
7E1B87	ram	w_1b87	-
7E1B88	ram	w_1b88	-
7E1B89	ram	w_1b89	-
7E1B8A	ram	w_1b8a	-
7E1B8B	ram	w_1b8b	-
7E1B8C	ram	w_1b8c	-
7E1B8D	ram	w_1b8d	-
7E1B8E	ram	w_1b8e	-
7E1B8F	ram	w_1b8f	-
7E1B90	ram	w_1b90	-
7E1B91	ram	w_1b91	-
7E1B92	ram	w_1b92	-
7E1B93	ram	w_1b93	-
7E1B94	ram	w_1b94	-
7E1B95	ram	w_1b95	-
7E1B96	ram	w_1b96	-
7E1B97	ram	w_1b97	-
7E1B98	ram	w_1b98	-
7E1B99	ram	w_1b99	-
7E1B9A	ram	w_1b9a	-
7E1B9B	ram	w_1b9b	-
7E1B9C	ram	w_1b9c	-
7E1B9D	ram	w_1b9d	-
7E1B9E	ram	w_1b9e	-
7E1B9F	ram	w_1b9f	-
7E1BA0	ram	w_1ba0	-
7E1BA1	ram	w_1ba1	-
7E1BA2	ram	w_1ba2	-
7E1BA3	ram	w_1ba3	-
7E1BA4	ram	w_1ba4	-
7E1BA5	ram	w_1ba5	-
7E1BA6	ram	w_1ba6	-
7E1BA7	ram	w_1ba7	-
7E1BA8	ram	w_1ba8	-
7E1BA9	ram	w_1ba9	-
7E1BAA	ram	w_1baa	-
7E1BAB	ram	w_1bab	-
7E1BAC	ram	w_1bac	-
7E1BAD	ram	w_1bad	-
7E1BAE	ram	w_1bae	-
7E1BAF	ram	w_1baf	-
7E1BB0	ram	w_1bb0	-
7E1BB1	ram	w_1bb1	-
7E1BB2	ram	w_1bb2	-
7E1BB3	ram	w_1bb3	-
7E1BB4	ram	w_1bb4	-
7E1BB5	ram	w_1bb5	-
7E1BB6	ram	w_1bb6	-
7E1BB7	ram	w_1bb7	-
7E1BB8	ram	w_1bb8	-
7E1BB9	ram	w_1bb9	-
7E1BBA	ram	w_1bba	-
7E1BBB	ram	w_1bbb	-
7E1BBC	ram	w_1bbc	-
7E1BBD	ram	w_1bbd	-
7E1BBE	ram	w_1bbe	-
7E1BBF	ram	w_1bbf	-
7E1BC0	ram	w_1bc0	-
7E1BC1	ram	w_1bc1	-
7E1BC2	ram	w_1bc2	-
7E1BC3	ram	w_1bc3	-
7E1BC4	ram	w_1bc4	-
7E1BC5	ram	w_1bc5	-
7E1BC6	ram	w_1bc6	-
7E1BC7	ram	w_1bc7	-
7E1BC8	ram	w_1bc8	-
7E1BC9	ram	w_1bc9	-
7E1BCA	ram	w_1bca	-
7E1BCB	ram	w_1bcb	-
7E1BCC	ram	w_1bcc	-
7E1BCD	ram	w_1bcd	-
7E1BCE	ram	w_1bce	-
7E1BCF	ram	w_1bcf	-
7E1BD0	ram	w_1bd0	-
7E1BD1	ram	w_1bd1	-
7E1BD2	ram	w_1bd2	-
7E1BD3	ram	w_1bd3	-
7E1BD4	ram	w_1bd4	-
7E1BD5	ram	w_1bd5	-
7E1BD6	ram	w_1bd6	-
7E1BD7	ram	w_1bd7	-
7E1BD8	ram	w_1bd8	-
7E1BD9	ram	w_1bd9	-
7E1BDA	ram	w_1bda	-
7E1BDB	ram	w_1bdb	-
7E1BDC	ram	w_1bdc	-
7E1BDD	ram	w_1bdd	-
7E1BDE	ram	w_1bde	-
7E1BDF	ram	w_1bdf	-
7E1BE0	ram	w_1be0	-
7E1BE1	ram	w_1be1	-
7E1BE2	ram	w_1be2	-
7E1BE3	ram	w_1be3	-
7E1BE4	ram	w_1be4	-
7E1BE5	ram	w_1be5	-
7E1BE6	ram	w_1be6	-
7E1BE7	ram	w_1be7	-
7E1BE8	ram	w_1be8	-
7E1BE9	ram	w_1be9	-
7E1BEA	ram	w_1bea	-
7E1BEB	ram	w_1beb	-
7E1BEC	ram	w_1bec	-
7E1BED	ram	w_1bed	-
7E1BEE	ram	w_1bee	-
7E1BEF	ram	w_1bef	-
7E1BF0	ram	w_1bf0	-
7E1BF1	ram	w_1bf1	-
7E1BF2	ram	w_1bf2	-
7E1BF3	ram	w_1bf3	-
7E1BF4	ram	w_1bf4	-
7E1BF5	ram	w_1bf5	-
7E1BF6	ram	w_1bf6	-
7E1BF7	ram	w_1bf7	-
7E1BF8	ram	w_1bf8	-
7E1BF9	ram	w_1bf9	-
7E1BFA	ram	w_1bfa	-
7E1BFB	ram	w_1bfb	-
7E1BFC	ram	w_1bfc	-
7E1BFD	ram	w_1bfd	-
7E1BFE	ram	w_1bfe	-
7E1BFF	ram	w_1bff	-
7E1C00	ram	w_1c00	-
7E1C01	ram	w_1c01	-
7E1C02	ram	w_1c02	-
7E1C03	ram	w_1c03	-
7E1C04	ram	w_1c04	-
7E1C05	ram	w_1c05	-
7E1C06	ram	w_1c06	-
7E1C07	ram	w_1c07	-
7E1C08	ram	w_1c08	-
7E1C09	ram	w_1c09	-
7E1C0A	ram	w_1c0a	-
7E1C0B	ram	w_1c0b	-
7E1C0C	ram	w_1c0c	-
7E1C0D	ram	w_1c0d	-
7E1C0E	ram	w_1c0e	-
7E1C0F	ram	w_1c0f	-
7E1C10	ram	w_1c10	-
7E1C11	ram	w_1c11	-
7E1C12	ram	w_1c12	-
7E1C13	ram	w_1c13	-
7E1C14	ram	w_1c14	-
7E1C15	ram	w_1c15	-
7E1C16	ram	w_1c16	-
7E1C17	ram	w_1c17	-
7E1C18	ram	w_1c18	-
7E1C19	ram	w_1c19	-
7E1C1A	ram	w_1c1a	-
7E1C1B	ram	w_1c1b	-
7E1C1C	ram	w_1c1c	-
7E1C1D	ram	w_1c1d	-
7E1C1E	ram	w_1c1e	-
7E1C1F	ram	w_1c1f	-
7E1C20	ram	w_1c20	-
7E1C21	ram	w_1c21	-
7E1C22	ram	w_1c22	-
7E1C23	ram	w_1c23	-
7E1C24	ram	w_1c24	-
7E1C25	ram	w_1c25	-
7E1C26	ram	w_1c26	-
7E1C27	ram	w_1c27	-
7E1C28	ram	w_1c28	-
7E1C29	ram	w_1c29	-
7E1C2A	ram	w_1c2a	-
7E1C2B	ram	w_1c2b	-
7E1C2C	ram	w_1c2c	-
7E1C2D	ram	w_1c2d	-
7E1C2E	ram	w_1c2e	-
7E1C2F	ram	w_1c2f	-
7E1C30	ram	w_1c30	-
7E1C31	ram	w_1c31	-
7E1C32	ram	w_1c32	-
7E1C33	ram	w_1c33	-
7E1C34	ram	w_1c34	-
7E1C35	ram	w_1c35	-
7E1C36	ram	w_1c36	-
7E1C37	ram	w_1c37	-
7E1C38	ram	w_1c38	-
7E1C39	ram	w_1c39	-
7E1C3A	ram	w_1c3a	-
7E1C3B	ram	w_1c3b	-
7E1C3C	ram	w_1c3c	-
7E1C3D	ram	w_1c3d	-
7E1C3E	ram	w_1c3e	-
7E1C3F	ram	w_1c3f	-
7E1C40	ram	w_1c40	-
7E1C41	ram	w_1c41	-
7E1C42	ram	w_1c42	-
7E1C43	ram	w_1c43	-
7E1C44	ram	w_1c44	-
7E1C45	ram	w_1c45	-
7E1C46	ram	w_1c46	-
7E1C47	ram	w_1c47	-
7E1C48	ram	w_1c48	-
7E1C49	ram	w_1c49	-
7E1C4A	ram	w_1c4a	-
7E1C4B	ram	w_1c4b	-
7E1C4C	ram	w_1c4c	-
7E1C4D	ram	w_1c4d	-
7E1C4E	ram	w_1c4e	-
7E1C4F	ram	w_1c4f	-
7E1C50	ram	w_1c50	-
7E1C51	ram	w_1c51	-
7E1C52	ram	w_1c52	-
7E1C53	ram	w_1c53	-
7E1C54	ram	w_1c54	-
7E1C55	ram	w_1c55	-
7E1C56	ram	w_1c56	-
7E1C57	ram	w_1c57	-
7E1C58	ram	w_1c58	-
7E1C59	ram	w_1c59	-
7E1C5A	ram	w_1c5a	-
7E1C5B	ram	w_1c5b	-
7E1C5C	ram	w_1c5c	-
7E1C5D	ram	w_1c5d	-
7E1C5E	ram	w_1c5e	-
7E1C5F	ram	w_1c5f	-
7E1C60	ram	w_1c60	-
7E1C61	ram	w_1c61	-
7E1C62	ram	w_1c62	-
7E1C63	ram	w_1c63	-
7E1C64	ram	w_1c64	-
7E1C65	ram	w_1c65	-
7E1C66	ram	w_1c66	-
7E1C67	ram	w_1c67	-
7E1C68	ram	w_1c68	-
7E1C69	ram	w_1c69	-
7E1C6A	ram	w_1c6a	-
7E1C6B	ram	w_1c6b	-
7E1C6C	ram	w_1c6c	-
7E1C6D	ram	w_1c6d	-
7E1C6E	ram	w_1c6e	-
7E1C6F	ram	w_1c6f	-
7E1C70	ram	w_1c70	-
7E1C71	ram	w_1c71	-
7E1C72	ram	w_1c72	-
7E1C73	ram	w_1c73	-
7E1C74	ram	w_1c74	-
7E1C75	ram	w_1c75	-
7E1C76	ram	w_1c76	-
7E1C77	ram	w_1c77	-
7E1C78	ram	w_1c78	-
7E1C79	ram	w_1c79	-
7E1C7A	ram	w_1c7a	-
7E1C7B	ram	w_1c7b	-
7E1C7C	ram	w_1c7c	-
7E1C7D	ram	w_1c7d	-
7E1C7E	ram	w_1c7e	-
7E1C7F	ram	w_1c7f	-
7E1C80	ram	w_1c80	-
7E1C81	ram	w_1c81	-
7E1C82	ram	w_1c82	-
7E1C83	ram	w_1c83	-
7E1C84	ram	w_1c84	-
7E1C85	ram	w_1c85	-
7E1C86	ram	w_1c86	-
7E1C87	ram	w_1c87	-
7E1C88	ram	w_1c88	-
7E1C89	ram	w_1c89	-
7E1C8A	ram	w_1c8a	-
7E1C8B	ram	w_1c8b	-
7E1C8C	ram	w_1c8c	-
7E1C8D	ram	w_1c8d	-
7E1C8E	ram	w_1c8e	-
7E1C8F	ram	w_1c8f	-
7E1C90	ram	w_1c90	-
7E1C91	ram	w_1c91	-
7E1C92	ram	w_1c92	-
7E1C93	ram	w_1c93	-
7E1C94	ram	w_1c94	-
7E1C95	ram	w_1c95	-
7E1C96	ram	w_1c96	-
7E1C97	ram	w_1c97	-
7E1C98	ram	w_1c98	-
7E1C99	ram	w_1c99	-
7E1C9A	ram	w_1c9a	-
7E1C9B	ram	w_1c9b	-
7E1C9C	ram	w_1c9c	-
7E1C9D	ram	w_1c9d	-
7E1C9E	ram	w_1c9e	-
7E1C9F	ram	w_1c9f	-
7E1CA0	ram	w_1ca0	-
7E1CA1	ram	w_1ca1	-
7E1CA2	ram	w_1ca2	-
7E1CA3	ram	w_1ca3	-
7E1CA4	ram	w_1ca4	-
7E1CA5	ram	w_1ca5	-
7E1CA6	ram	w_1ca6	-
7E1CA7	ram	w_1ca7	-
7E1CA8	ram	w_1ca8	-
7E1CA9	ram	w_1ca9	-
7E1CAA	ram	w_1caa	-
7E1CAB	ram	w_1cab	-
7E1CAC	ram	w_1cac	-
7E1CAD	ram	w_1cad	-
7E1CAE	ram	w_1cae	-
7E1CAF	ram	w_1caf	-
7E1CB0	ram	w_1cb0	-
7E1CB1	ram	w_1cb1	-
7E1CB2	ram	w_1cb2	-
7E1CB3	ram	w_1cb3	-
7E1CB4	ram	w_1cb4	-
7E1CB5	ram	w_1cb5	-
7E1CB6	ram	w_1cb6	-
7E1CB7	ram	w_1cb7	-
7E1CB8	ram	w_1cb8	-
7E1CB9	ram	w_1cb9	-
7E1CBA	ram	w_1cba	-
7E1CBB	ram	w_1cbb	-
7E1CBC	ram	w_1cbc	-
7E1CBD	ram	w_1cbd	-
7E1CBE	ram	w_1cbe	-
7E1CBF	ram	w_1cbf	-
7E1CC0	ram	w_1cc0	-
7E1CC1	ram	w_1cc1	-
7E1CC2	ram	w_1cc2	-
7E1CC3	ram	w_1cc3	-
7E1CC4	ram	w_1cc4	-
7E1CC5	ram	w_1cc5	-
7E1CC6	ram	w_1cc6	-
7E1CC7	ram	w_1cc7	-
7E1CC8	ram	w_1cc8	-
7E1CC9	ram	w_1cc9	-
7E1CCA	ram	w_1cca	-
7E1CCB	ram	w_1ccb	-
7E1CCC	ram	w_1ccc	-
7E1CCD	ram	w_1ccd	-
7E1CCE	ram	w_1cce	-
7E1CCF	ram	w_1ccf	-
7E1CD0	ram	w_1cd0	-
7E1CD1	ram	w_1cd1	-
7E1CD2	ram	w_1cd2	-
7E1CD3	ram	w_1cd3	-
7E1CD4	ram	w_1cd4	-
7E1CD5	ram	w_1cd5	-
7E1CD6	ram	w_1cd6	-
7E1CD7	ram	w_1cd7	-
7E1CD8	ram	w_1cd8	-
7E1CD9	ram	w_1cd9	-
7E1CDA	ram	w_1cda	-
7E1CDB	ram	w_1cdb	-
7E1CDC	ram	w_1cdc	-
7E1CDD	ram	w_1cdd	-
7E1CDE	ram	w_1cde	-
7E1CDF	ram	w_1cdf	-
7E1CE0	ram	w_1ce0	-
7E1CE1	ram	w_1ce1	-
7E1CE2	ram	w_1ce2	-
7E1CE3	ram	w_1ce3	-
7E1CE4	ram	w_1ce4	-
7E1CE5	ram	w_1ce5	-
7E1CE6	ram	w_1ce6	-
7E1CE7	ram	w_1ce7	-
7E1CE8	ram	w_1ce8	-
7E1CE9	ram	w_1ce9	-
7E1CEA	ram	w_1cea	-
7E1CEB	ram	w_1ceb	-
7E1CEC	ram	w_1cec	-
7E1CED	ram	w_1ced	-
7E1CEE	ram	w_1cee	-
7E1CEF	ram	w_1cef	-
7E1CF0	ram	w_1cf0	-
7E1CF1	ram	w_1cf1	-
7E1CF2	ram	w_1cf2	-
7E1CF3	ram	w_1cf3	-
7E1CF4	ram	w_1cf4	-
7E1CF5	ram	w_1cf5	-
7E1CF6	ram	w_1cf6	-
7E1CF7	ram	w_1cf7	-
7E1CF8	ram	w_1cf8	-
7E1CF9	ram	w_1cf9	-
7E1CFA	ram	w_1cfa	-
7E1CFB	ram	w_1cfb	-
7E1CFC	ram	w_1cfc	-
7E1CFD	ram	w_1cfd	-
7E1CFE	ram	w_1cfe	-
7E1CFF	ram	w_1cff	-
7E1D00	ram	w_1d00	-
7E1D01	ram	w_1d01	-
7E1D02	ram	w_1d02	-
7E1D03	ram	w_1d03	-
7E1D04	ram	w_1d04	-
7E1D05	ram	w_1d05	-
7E1D06	ram	w_1d06	-
7E1D07	ram	w_1d07	-
7E1D08	ram	w_1d08	-
7E1D09	ram	w_1d09	-
7E1D0A	ram	w_1d0a	-
7E1D0B	ram	w_1d0b	-
7E1D0C	ram	w_1d0c	-
7E1D0D	ram	w_1d0d	-
7E1D0E	ram	w_1d0e	-
7E1D0F	ram	w_1d0f	-
7E1D10	ram	w_1d10	-
7E1D11	ram	w_1d11	-
7E1D12	ram	w_1d12	-
7E1D13	ram	w_1d13	-
7E1D14	ram	w_1d14	-
7E1D15	ram	w_1d15	-
7E1D16	ram	w_1d16	-
7E1D17	ram	w_1d17	-
7E1D18	ram	w_1d18	-
7E1D19	ram	w_1d19	-
7E1D1A	ram	w_1d1a	-
7E1D1B	ram	w_1d1b	-
7E1D1C	ram	w_1d1c	-
7E1D1D	ram	w_1d1d	-
7E1D1E	ram	w_1d1e	-
7E1D1F	ram	w_1d1f	-
7E1D20	ram	w_1d20	-
7E1D21	ram	w_1d21	-
7E1D22	ram	w_1d22	-
7E1D23	ram	w_1d23	-
7E1D24	ram	w_1d24	-
7E1D25	ram	w_1d25	-
7E1D26	ram	w_1d26	-
7E1D27	ram	w_1d27	-
7E1D28	ram	w_1d28	-
7E1D29	ram	w_1d29	-
7E1D2A	ram	w_1d2a	-
7E1D2B	ram	w_1d2b	-
7E1D2C	ram	w_1d2c	-
7E1D2D	ram	w_1d2d	-
7E1D2E	ram	w_1d2e	-
7E1D2F	ram	w_1d2f	-
7E1D30	ram	w_1d30	-
7E1D31	ram	w_1d31	-
7E1D32	ram	w_1d32	-
7E1D33	ram	w_1d33	-
7E1D34	ram	w_1d34	-
7E1D35	ram	w_1d35	-
7E1D36	ram	w_1d36	-
7E1D37	ram	w_1d37	-
7E1D38	ram	w_1d38	-
7E1D39	ram	w_1d39	-
7E1D3A	ram	w_1d3a	-
7E1D3B	ram	w_1d3b	-
7E1D3C	ram	w_1d3c	-
7E1D3D	ram	w_1d3d	-
7E1D3E	ram	w_1d3e	-
7E1D3F	ram	w_1d3f	-
7E1D40	ram	w_1d40	-
7E1D41	ram	w_1d41	-
7E1D42	ram	w_1d42	-
7E1D43	ram	w_1d43	-
7E1D44	ram	w_1d44	-
7E1D45	ram	w_1d45	-
7E1D46	ram	w_1d46	-
7E1D47	ram	w_1d47	-
7E1D48	ram	w_1d48	-
7E1D49	ram	w_1d49	-
7E1D4A	ram	w_1d4a	-
7E1D4B	ram	w_1d4b	-
7E1D4C	ram	w_1d4c	-
7E1D4D	ram	w_1d4d	-
7E1D4E	ram	w_1d4e	-
7E1D4F	ram	w_1d4f	-
7E1D50	ram	w_1d50	-
7E1D51	ram	w_1d51	-
7E1D52	ram	w_1d52	-
7E1D53	ram	w_1d53	-
7E1D54	ram	w_1d54	-
7E1D55	ram	w_1d55	-
7E1D56	ram	w_1d56	-
7E1D57	ram	w_1d57	-
7E1D58	ram	w_1d58	-
7E1D59	ram	w_1d59	-
7E1D5A	ram	w_1d5a	-
7E1D5B	ram	w_1d5b	-
7E1D5C	ram	w_1d5c	-
7E1D5D	ram	w_1d5d	-
7E1D5E	ram	w_1d5e	-
7E1D5F	ram	w_1d5f	-
7E1D60	ram	w_1d60	-
7E1D61	ram	w_1d61	-
7E1D62	ram	w_1d62	-
7E1D63	ram	w_1d63	-
7E1D64	ram	w_1d64	-
7E1D65	ram	w_1d65	-
7E1D66	ram	w_1d66	-
7E1D67	ram	w_1d67	-
7E1D68	ram	w_1d68	-
7E1D69	ram	w_1d69	-
7E1D6A	ram	w_1d6a	-
7E1D6B	ram	w_1d6b	-
7E1D6C	ram	w_1d6c	-
7E1D6D	ram	w_1d6d	-
7E1D6E	ram	w_1d6e	-
7E1D6F	ram	w_1d6f	-
7E1D70	ram	w_1d70	-
7E1D71	ram	w_1d71	-
7E1D72	ram	w_1d72	-
7E1D73	ram	w_1d73	-
7E1D74	ram	w_1d74	-
7E1D75	ram	w_1d75	-
7E1D76	ram	w_1d76	-
7E1D77	ram	w_1d77	-
7E1D78	ram	w_1d78	-
7E1D79	ram	w_1d79	-
7E1D7A	ram	w_1d7a	-
7E1D7B	ram	w_1d7b	-
7E1D7C	ram	w_1d7c	-
7E1D7D	ram	w_1d7d	-
7E1D7E	ram	w_1d7e	-
7E1D7F	ram	w_1d7f	-
7E1D80	ram	w_1d80	-
7E1D81	ram	w_1d81	-
7E1D82	ram	w_1d82	-
7E1D83	ram	w_1d83	-
7E1D84	ram	w_1d84	-
7E1D85	ram	w_1d85	-
7E1D86	ram	w_1d86	-
7E1D87	ram	w_1d87	-
7E1D88	ram	w_1d88	-
7E1D89	ram	w_1d89	-
7E1D8A	ram	w_1d8a	-
7E1D8B	ram	w_1d8b	-
7E1D8C	ram	w_1d8c	-
7E1D8D	ram	w_1d8d	-
7E1D8E	ram	w_1d8e	-
7E1D8F	ram	w_1d8f	-
7E1D90	ram	w_1d90	-
7E1D91	ram	w_1d91	-
7E1D92	ram	w_1d92	-
7E1D93	ram	w_1d93	-
7E1D94	ram	w_1d94	-
7E1D95	ram	w_1d95	-
7E1D96	ram	w_1d96	-
7E1D97	ram	w_1d97	-
7E1D98	ram	w_1d98	-
7E1D99	ram	w_1d99	-
7E1D9A	ram	w_1d9a	-
7E1D9B	ram	w_1d9b	-
7E1D9C	ram	w_1d9c	-
7E1D9D	ram	w_1d9d	-
7E1D9E	ram	w_1d9e	-
7E1D9F	ram	w_1d9f	-
7E1DA0	ram	w_1da0	-
7E1DA1	ram	w_1da1	-
7E1DA2	ram	w_1da2	-
7E1DA3	ram	w_1da3	-
7E1DA4	ram	w_1da4	-
7E1DA5	ram	w_1da5	-
7E1DA6	ram	w_1da6	-
7E1DA7	ram	w_1da7	-
7E1DA8	ram	w_1da8	-
7E1DA9	ram	w_1da9	-
7E1DAA	ram	w_1daa	-
7E1DAB	ram	w_1dab	-
7E1DAC	ram	w_1dac	-
7E1DAD	ram	w_1dad	-
7E1DAE	ram	w_1dae	-
7E1DAF	ram	w_1daf	-
7E1DB0	ram	w_1db0	-
7E1DB1	ram	w_1db1	-
7E1DB2	ram	w_1db2	-
7E1DB3	ram	w_1db3	-
7E1DB4	ram	w_1db4	-
7E1DB5	ram	w_1db5	-
7E1DB6	ram	w_1db6	-
7E1DB7	ram	w_1db7	-
7E1DB8	ram	w_1db8	-
7E1DB9	ram	w_1db9	-
7E1DBA	ram	w_1dba	-
7E1DBB	ram	w_1dbb	-
7E1DBC	ram	w_1dbc	-
7E1DBD	ram	w_1dbd	-
7E1DBE	ram	w_1dbe	-
7E1DBF	ram	w_1dbf	-
7E1DC0	ram	w_1dc0	-
7E1DC1	ram	w_1dc1	-
7E1DC2	ram	w_1dc2	-
7E1DC3	ram	w_1dc3	-
7E1DC4	ram	w_1dc4	-
7E1DC5	ram	w_1dc5	-
7E1DC6	ram	w_1dc6	-
7E1DC7	ram	w_1dc7	-
7E1DC8	ram	w_1dc8	-
7E1DC9	ram	w_1dc9	-
7E1DCA	ram	w_1dca	-
7E1DCB	ram	w_1dcb	-
7E1DCC	ram	w_1dcc	-
7E1DCD	ram	w_1dcd	-
7E1DCE	ram	w_1dce	-
7E1DCF	ram	w_1dcf	-
7E1DD0	ram	w_1dd0	-
7E1DD1	ram	w_1dd1	-
7E1DD2	ram	w_1dd2	-
7E1DD3	ram	w_1dd3	-
7E1DD4	ram	w_1dd4	-
7E1DD5	ram	w_1dd5	-
7E1DD6	ram	w_1dd6	-
7E1DD7	ram	w_1dd7	-
7E1DD8	ram	w_1dd8	-
7E1DD9	ram	w_1dd9	-
7E1DDA	ram	w_1dda	-
7E1DDB	ram	w_1ddb	-
7E1DDC	ram	w_1ddc	-
7E1DDD	ram	w_1ddd	-
7E1DDE	ram	w_1dde	-
7E1DDF	ram	w_1ddf	-
7E1DE0	ram	w_1de0	-
7E1DE1	ram	w_1de1	-
7E1DE2	ram	w_1de2	-
7E1DE3	ram	w_1de3	-
7E1DE4	ram	w_1de4	-
7E1DE5	ram	w_1de5	-
7E1DE6	ram	w_1de6	-
7E1DE7	ram	w_1de7	-
7E1DE8	ram	w_1de8	-
7E1DE9	ram	w_1de9	-
7E1DEA	ram	w_1dea	-
7E1DEB	ram	w_1deb	-
7E1DEC	ram	w_1dec	-
7E1DED	ram	w_1ded	-
7E1DEE	ram	w_1dee	-
7E1DEF	ram	w_1def	-
7E1DF0	ram	w_1df0	-
7E1DF1	ram	w_1df1	-
7E1DF2	ram	w_1df2	-
7E1DF3	ram	w_1df3	-
7E1DF4	ram	w_1df4	-
7E1DF5	ram	w_1df5	-
7E1DF6	ram	w_1df6	-
7E1DF7	ram	w_1df7	-
7E1DF8	ram	w_1df8	-
7E1DF9	ram	w_1df9	-
7E1DFA	ram	w_1dfa	-
7E1DFB	ram	w_1dfb	-
7E1DFC	ram	w_1dfc	-
7E1DFD	ram	w_1dfd	-
7E1DFE	ram	w_1dfe	-
7E1DFF	ram	w_1dff	-
7E1E00	ram	w_1e00	-
7E1E01	ram	w_1e01	-
7E1E02	ram	w_1e02	-
7E1E03	ram	w_1e03	-
7E1E04	ram	w_1e04	-
7E1E05	ram	w_1e05	-
7E1E06	ram	w_1e06	-
7E1E07	ram	w_1e07	-
7E1E08	ram	w_debugModSlot	-
7E1E09	ram	w_1e09	-
7E1E0A	ram	w_1e0a	-
7E1E0B	ram	w_1e0b	-
7E1E0C	ram	w_1e0c	-
7E1E0D	ram	w_1e0d	-
7E1E0E	ram	w_1e0e	-
7E1E0F	ram	w_1e0f	-
7E1E10	ram	w_1e10	-
7E1E11	ram	w_1e11	-
7E1E12	ram	w_1e12	-
7E1E13	ram	w_1e13	-
7E1E14	ram	w_1e14	-
7E1E15	ram	w_1e15	-
7E1E16	ram	w_1e16	-
7E1E17	ram	w_1e17	-
7E1E18	ram	w_1e18	-
7E1E19	ram	w_1e19	-
7E1E1A	ram	w_1e1a	-
7E1E1B	ram	w_1e1b	-
7E1E1C	ram	w_1e1c	-
7E1E1D	ram	w_1e1d	-
7E1E1E	ram	w_1e1e	-
7E1E1F	ram	w_1e1f	-
7E1E20	ram	w_1e20	-
7E1E21	ram	w_1e21	-
7E1E22	ram	w_1e22	-
7E1E23	ram	w_1e23	-
7E1E24	ram	w_1e24	-
7E1E25	ram	w_1e25	-
7E1E26	ram	w_1e26	-
7E1E27	ram	w_1e27	-
7E1E28	ram	w_1e28	-
7E1E29	ram	w_1e29	-
7E1E2A	ram	w_1e2a	-
7E1E2B	ram	w_1e2b	-
7E1E2C	ram	w_1e2c	-
7E1E2D	ram	w_1e2d	-
7E1E2E	ram	w_1e2e	-
7E1E2F	ram	w_1e2f	-
7E1E30	ram	w_1e30	-
7E1E31	ram	w_1e31	-
7E1E32	ram	w_1e32	-
7E1E33	ram	w_1e33	-
7E1E34	ram	w_1e34	-
7E1E35	ram	w_1e35	-
7E1E36	ram	w_1e36	-
7E1E37	ram	w_1e37	-
7E1E38	ram	w_1e38	-
7E1E39	ram	w_1e39	-
7E1E3A	ram	w_1e3a	-
7E1E3B	ram	w_1e3b	-
7E1E3C	ram	w_1e3c	-
7E1E3D	ram	w_1e3d	-
7E1E3E	ram	w_1e3e	-
7E1E3F	ram	w_1e3f	-
7E1E40	ram	w_cam_BG0_slot	-
7E1E41	ram	w_1e41	-
7E1E42	ram	w_1e42	-
7E1E43	ram	w_1e43	-
7E1E44	ram	w_1e44	-
7E1E45	ram	w_1e45	-
7E1E46	ram	w_1e46	-
7E1E47	ram	w_1e47	-
7E1E48	ram	w_1e48	-
7E1E49	ram	w_1e49	-
7E1E4A	ram	w_1e4a	-
7E1E4B	ram	w_1e4b	-
7E1E4C	ram	w_1e4c	-
7E1E4D	ram	w_cam_BG0_xPos_target	-
7E1E4F	ram	w_1e4f	-
7E1E50	ram	w_cam_BG0_yPos_target	-
7E1E52	ram	w_1e52	-
7E1E53	ram	w_1e53	-
7E1E54	ram	w_cam_BG0_SpdMax_plus	-
7E1E55	ram	w_1e55	-
7E1E56	ram	w_cam_BG0_LeftBorder	-
7E1E58	ram	w_cam_BG0_RightBorder	-
7E1E5A	ram	w_cam_BG0_TopBorder	-
7E1E5C	ram	w_cam_BG0_BottomBorder	-
7E1E5D	ram	w_1e5d	-
7E1E5E	ram	w_levelSpecFlag	-
7E1E5F	ram	w_levelSpec	-
7E1E60	ram	w_cam_BG0_xPos_lock	-
7E1E62	ram	w_cam_BG0_SpdMax_minus	-
7E1E63	ram	w_1e63	-
7E1E64	ram	w_1e64	-
7E1E65	ram	w_1e65	-
7E1E66	ram	w_1e66	-
7E1E67	ram	w_1e67	-
7E1E68	ram	w_1e68	-
7E1E69	ram	w_1e69	-
7E1E6A	ram	w_cam_BG0_xPos_00	-
7E1E6B	ram	w_1e6b	-
7E1E6C	ram	w_1e6c	-
7E1E6D	ram	w_1e6d	-
7E1E6E	ram	w_cam_BG0_yPos_lock_Set	-
7E1E6F	ram	w_1e6f	-
7E1E70	ram	w_cam_BG0_centTop	-
7E1E72	ram	w_cam_BG0_centBot	-
7E1E74	ram	w_cam_BG0_centLeft	-
7E1E76	ram	w_cam_BG0_centRight	-
7E1E78	ram	w_1e78	-
7E1E79	ram	w_1e79	-
7E1E7A	ram	w_1e7a	-
7E1E7B	ram	w_1e7b	-
7E1E7C	ram	w_1e7c	-
7E1E7D	ram	w_1e7d	-
7E1E7E	ram	w_1e7e	-
7E1E7F	ram	w_1e7f	-
7E1E80	ram	w_1e80	-
7E1E81	ram	w_1e81	-
7E1E82	ram	w_1e82	-
7E1E83	ram	w_1e83	-
7E1E84	ram	w_1e84	-
7E1E85	ram	w_1e85	-
7E1E86	ram	w_1e86	-
7E1E87	ram	w_1e87	-
7E1E88	ram	w_1e88	-
7E1E89	ram	w_1e89	-
7E1E8A	ram	w_1e8a	-
7E1E8B	ram	w_1e8b	-
7E1E8C	ram	w_1e8c	-
7E1E8D	ram	w_cam_BG0_xPos_ff	-
7E1E8E	ram	w_1e8e	-
7E1E8F	ram	w_1e8f	-
7E1E90	ram	w_cam_BG1_slot	-
7E1E91	ram	w_1e91	-
7E1E92	ram	w_1e92	-
7E1E93	ram	w_1e93	-
7E1E94	ram	w_1e94	-
7E1E95	ram	w_1e95	-
7E1E96	ram	w_1e96	-
7E1E97	ram	w_1e97	-
7E1E98	ram	w_1e98	-
7E1E99	ram	w_1e99	-
7E1E9A	ram	w_1e9a	-
7E1E9B	ram	w_1e9b	-
7E1E9C	ram	w_1e9c	-
7E1E9D	ram	w_1e9d	-
7E1E9E	ram	w_1e9e	-
7E1E9F	ram	w_1e9f	-
7E1EA0	ram	w_1ea0	-
7E1EA1	ram	w_1ea1	-
7E1EA2	ram	w_1ea2	-
7E1EA3	ram	w_1ea3	-
7E1EA4	ram	w_1ea4	-
7E1EA5	ram	w_1ea5	-
7E1EA6	ram	w_1ea6	-
7E1EA7	ram	w_1ea7	-
7E1EA8	ram	w_1ea8	-
7E1EA9	ram	w_1ea9	-
7E1EAA	ram	w_1eaa	-
7E1EAB	ram	w_1eab	-
7E1EAC	ram	w_1eac	-
7E1EAD	ram	w_1ead	-
7E1EAE	ram	w_1eae	-
7E1EAF	ram	w_1eaf	-
7E1EB0	ram	w_1eb0	-
7E1EB1	ram	w_1eb1	-
7E1EB2	ram	w_1eb2	-
7E1EB3	ram	w_1eb3	-
7E1EB4	ram	w_1eb4	-
7E1EB5	ram	w_1eb5	-
7E1EB6	ram	w_1eb6	-
7E1EB7	ram	w_1eb7	-
7E1EB8	ram	w_1eb8	-
7E1EB9	ram	w_1eb9	-
7E1EBA	ram	w_1eba	-
7E1EBB	ram	w_1ebb	-
7E1EBC	ram	w_1ebc	-
7E1EBD	ram	w_1ebd	-
7E1EBE	ram	w_1ebe	-
7E1EBF	ram	w_1ebf	-
7E1EC0	ram	w_1ec0	-
7E1EC1	ram	w_1ec1	-
7E1EC2	ram	w_1ec2	-
7E1EC3	ram	w_1ec3	-
7E1EC4	ram	w_1ec4	-
7E1EC5	ram	w_1ec5	-
7E1EC6	ram	w_1ec6	-
7E1EC7	ram	w_1ec7	-
7E1EC8	ram	w_1ec8	-
7E1EC9	ram	w_1ec9	-
7E1ECA	ram	w_1eca	-
7E1ECB	ram	w_1ecb	-
7E1ECC	ram	w_1ecc	-
7E1ECD	ram	w_1ecd	-
7E1ECE	ram	w_1ece	-
7E1ECF	ram	w_1ecf	-
7E1ED0	ram	w_1ed0	-
7E1ED1	ram	w_1ed1	-
7E1ED2	ram	w_menu_weaponSelec	-
7E1ED3	ram	w_menu_weaponSelecBkp00	-
7E1ED4	ram	w_1ed4	-
7E1ED5	ram	w_1ed5	-
7E1ED6	ram	w_menu_weaponSelecBkp01	-
7E1ED7	ram	w_menu_weaponSelecBkp02	-
7E1ED8	ram	w_1ed8	-
7E1ED9	ram	w_1ed9	-
7E1EDA	ram	w_1eda	-
7E1EDB	ram	w_1edb	-
7E1EDC	ram	w_1edc	-
7E1EDD	ram	w_1edd	-
7E1EDE	ram	w_1ede	-
7E1EDF	ram	w_1edf	-
7E1EE0	ram	w_1ee0	-
7E1EE1	ram	w_1ee1	-
7E1EE2	ram	w_1ee2	-
7E1EE3	ram	w_1ee3	-
7E1EE4	ram	w_1ee4	-
7E1EE5	ram	w_1ee5	-
7E1EE6	ram	w_1ee6	-
7E1EE7	ram	w_1ee7	-
7E1EE8	ram	w_1ee8	-
7E1EE9	ram	w_1ee9	-
7E1EEA	ram	w_1eea	-
7E1EEB	ram	w_1eeb	-
7E1EEC	ram	w_1eec	-
7E1EED	ram	w_1eed	-
7E1EEE	ram	w_1eee	-
7E1EEF	ram	w_1eef	-
7E1EF0	ram	w_1ef0	-
7E1EF1	ram	w_1ef1	-
7E1EF2	ram	w_1ef2	-
7E1EF3	ram	w_1ef3	-
7E1EF4	ram	w_1ef4	-
7E1EF5	ram	w_1ef5	-
7E1EF6	ram	w_1ef6	-
7E1EF7	ram	w_1ef7	-
7E1EF8	ram	w_1ef8	-
7E1EF9	ram	w_1ef9	-
7E1EFA	ram	w_1efa	-
7E1EFB	ram	w_1efb	-
7E1EFC	ram	w_1efc	-
7E1EFD	ram	w_1efd	-
7E1EFE	ram	w_1efe	-
7E1EFF	ram	w_1eff	-
7E1F00	ram	w_1f00	-
7E1F01	ram	w_1f01	-
7E1F02	ram	w_1f02	-
7E1F03	ram	w_1f03	-
7E1F04	ram	w_1f04	-
7E1F05	ram	w_1f05	-
7E1F06	ram	w_1f06	-
7E1F07	ram	w_1f07	-
7E1F08	ram	w_1f08	-
7E1F09	ram	w_1f09	-
7E1F0A	ram	w_1f0a	-
7E1F0B	ram	w_1f0b	-
7E1F0C	ram	w_bossDefeatInvFlag	-
7E1F0D	ram	w_curShotFired	-
7E1F0E	ram	w_1f0e	-
7E1F0F	ram	w_1f0f	-
7E1F10	ram	w_1f10	-
7E1F11	ram	w_1f11	-
7E1F12	ram	w_1f12	-
7E1F13	ram	w_1f13	-
7E1F14	ram	w_1f14	-
7E1F15	ram	w_1f15	-
7E1F16	ram	w_1f16	-
7E1F17	ram	w_1f17	-
7E1F18	ram	w_1f18	-
7E1F19	ram	w_1f19	-
7E1F1A	ram	w_1f1a	-
7E1F1B	ram	w_1f1b	-
7E1F1C	ram	w_1f1c	-
7E1F1D	ram	w_1f1d	-
7E1F1E	ram	w_1f1e	-
7E1F1F	ram	w_1f1f	-
7E1F20	ram	w_1f20	-
7E1F21	ram	w_1f21	-
7E1F22	ram	w_1f22	-
7E1F23	ram	w_1f23	-
7E1F24	ram	w_pauseMenuFlag	-
7E1F25	ram	w_1f25	-
7E1F26	ram	w_1f26	-
7E1F27	ram	w_1f27	-
7E1F28	ram	w_1f28	-
7E1F29	ram	w_1f29	-
7E1F2A	ram	w_1f2a	-
7E1F2B	ram	w_1f2b	-
7E1F2C	ram	w_1f2c	-
7E1F2D	ram	w_1f2d	-
7E1F2E	ram	w_1f2e	-
7E1F2F	ram	w_1f2f	-
7E1F30	ram	w_1f30	-
7E1F31	ram	w_1f31	-
7E1F32	ram	w_1f32	-
7E1F33	ram	w_1f33	-
7E1F34	ram	w_1f34	-
7E1F35	ram	w_1f35	-
7E1F36	ram	w_1f36	-
7E1F37	ram	w_1f37	-
7E1F38	ram	w_1f38	-
7E1F39	ram	w_1f39	-
7E1F3A	ram	w_1f3a	-
7E1F3B	ram	w_1f3b	-
7E1F3C	ram	w_1f3c	-
7E1F3D	ram	w_1f3d	-
7E1F3E	ram	w_1f3e	-
7E1F3F	ram	w_1f3f	-
7E1F40	ram	w_1f40	-
7E1F41	ram	w_1f41	-
7E1F42	ram	w_1f42	-
7E1F43	ram	w_1f43	-
7E1F44	ram	w_1f44	-
7E1F45	ram	w_1f45	-
7E1F46	ram	w_1f46	-
7E1F47	ram	w_1f47	-
7E1F48	ram	w_1f48	-
7E1F49	ram	w_1f49	-
7E1F4A	ram	w_1f4a	-
7E1F4B	ram	w_1f4b	-
7E1F4C	ram	w_1f4c	-
7E1F4D	ram	w_1f4d	-
7E1F4E	ram	w_1f4e	-
7E1F4F	ram	w_1f4f	-
7E1F50	ram	w_1f50	-
7E1F51	ram	w_1f51	-
7E1F52	ram	w_1f52	-
7E1F53	ram	w_1f53	-
7E1F54	ram	w_1f54	-
7E1F55	ram	w_1f55	-
7E1F56	ram	w_1f56	-
7E1F57	ram	w_1f57	-
7E1F58	ram	w_1f58	-
7E1F59	ram	w_1f59	-
7E1F5A	ram	w_1f5a	-
7E1F5B	ram	w_1f5b	-
7E1F5C	ram	w_1f5c	-
7E1F5D	ram	w_1f5d	-
7E1F5E	ram	w_1f5e	-
7E1F5F	ram	w_1f5f	-
7E1F60	ram	w_1f60	-
7E1F61	ram	w_1f61	-
7E1F62	ram	w_1f62	-
7E1F63	ram	w_1f63	-
7E1F64	ram	w_1f64	-
7E1F65	ram	w_1f65	-
7E1F66	ram	w_1f66	-
7E1F67	ram	w_1f67	-
7E1F68	ram	w_1f68	-
7E1F69	ram	w_1f69	-
7E1F6A	ram	w_1f6a	-
7E1F6B	ram	w_1f6b	-
7E1F6C	ram	w_1f6c	-
7E1F6D	ram	w_1f6d	-
7E1F6E	ram	w_1f6e	-
7E1F6F	ram	w_1f6f	-
7E1F70	ram	w_1f70	-
7E1F71	ram	w_1f71	-
7E1F72	ram	w_1f72	-
7E1F73	ram	w_1f73	-
7E1F74	ram	w_1f74	-
7E1F75	ram	w_1f75	-
7E1F76	ram	w_1f76	-
7E1F77	ram	w_1f77	-
7E1F78	ram	w_1f78	-
7E1F79	ram	w_1f79	-
7E1F7A	ram	w_level_current	-
7E1F7B	ram	w_1f7b	-
7E1F7C	ram	w_1f7c	-
7E1F7D	ram	w_player_upgradeMask_Health_intro	-
7E1F7E	ram	w_hadukenFlag	-
7E1F7F	ram	w_endingRoll	-
7E1F80	ram	w_player_life	-
7E1F81	ram	w_player_checkpoint	-
7E1F82	ram	w_player_checkpointFlag	-
7E1F83	ram	w_player_tankEnergie_01	-
7E1F84	ram	w_player_tankEnergie_02	-
7E1F85	ram	w_player_tankEnergie_03	-
7E1F86	ram	w_player_tankEnergie_04	-
7E1F87	ram	w_1f87	-
7E1F88	ram	w_player_weaponHoming_00	-
7E1F8A	ram	w_player_weaponSting_01	-
7E1F8C	ram	w_player_weaponShild_02	-
7E1F8E	ram	w_player_weaponFire_03	-
7E1F90	ram	w_player_weaponStorm_04	-
7E1F92	ram	w_player_weaponSpark_05	-
7E1F94	ram	w_player_weaponCutter_06	-
7E1F96	ram	w_player_weaponIce_07	-
7E1F98	ram	w_player_exit_08	-
7E1F99	ram	w_player_upgradeMask	-
7E1F9A	ram	w_player_healthCap	-
7E1F9B	ram	w_intro_levelClearFlag	-
7E1F9C	ram	w_player_state_1f9c	-
7E1F9D	ram	w_1f9d	-
7E1F9E	ram	w_1f9e	-
7E1F9F	ram	w_damageCount	-
7E1FA0	ram	w_1fa0	-
7E1FA1	ram	w_1fa1	-
7E1FA2	ram	w_1fa2	-
7E1FA3	ram	w_1fa3	-
7E1FA4	ram	w_1fa4	-
7E1FA5	ram	w_1fa5	-
7E1FA6	ram	w_1fa6	-
7E1FA7	ram	w_1fa7	-
7E1FA8	ram	w_1fa8	-
7E1FA9	ram	w_1fa9	-
7E1FAA	ram	w_1faa	-
7E1FAB	ram	w_1fab	-
7E1FAC	ram	w_1fac	-
7E1FAD	ram	w_1fad	-
7E1FAE	ram	w_1fae	-
7E1FAF	ram	w_1faf	-
7E1FB0	ram	w_1fb0	-
7E1FB1	ram	w_1fb1	-
7E1FB2	ram	w_1fb2	-
7E1FB3	ram	w_1fb3	-
7E1FB4	ram	w_1fb4	-
7E1FB5	ram	w_1fb5	-
7E1FB6	ram	w_1fb6	-
7E1FB7	ram	w_1fb7	-
7E1FB8	ram	w_1fb8	-
7E1FB9	ram	w_1fb9	-
7E1FBA	ram	w_1fba	-
7E1FBB	ram	w_1fbb	-
7E1FBC	ram	w_1fbc	-
7E1FBD	ram	w_1fbd	-
7E1FBE	ram	w_1fbe	-
7E1FBF	ram	w_1fbf	-
7E1FC0	ram	w_1fc0	-
7E1FC1	ram	w_1fc1	-
7E1FC2	ram	w_1fc2	-
7E1FC3	ram	w_1fc3	-
7E1FC4	ram	w_1fc4	-
7E1FC5	ram	w_1fc5	-
7E1FC6	ram	w_1fc6	-
7E1FC7	ram	w_1fc7	-
7E1FC8	ram	w_1fc8	-
7E1FC9	ram	w_1fc9	-
7E1FCA	ram	w_1fca	-
7E1FCB	ram	w_1fcb	-
7E1FCC	ram	w_1fcc	-
7E1FCD	ram	w_1fcd	-
7E1FCE	ram	w_1fce	-
7E1FCF	ram	w_1fcf	-
7E1FD0	ram	w_1fd0	-
7E1FD1	ram	w_1fd1	-
7E1FD2	ram	w_1fd2	-
7E1FD3	ram	w_1fd3	-
7E1FD4	ram	w_1fd4	-
7E1FD5	ram	w_1fd5	-
7E1FD6	ram	w_1fd6	-
7E1FD7	ram	w_1fd7	-
7E1FD8	ram	w_1fd8	-
7E1FD9	ram	w_1fd9	-
7E1FDA	ram	w_1fda	-
7E1FDB	ram	w_1fdb	-
7E1FDC	ram	w_1fdc	-
7E1FDD	ram	w_1fdd	-
7E1FDE	ram	w_1fde	-
7E1FDF	ram	w_1fdf	-
7E1FE0	ram	w_1fe0	-
7E1FE1	ram	w_1fe1	-
7E1FE2	ram	w_1fe2	-
7E1FE3	ram	w_1fe3	-
7E1FE4	ram	w_1fe4	-
7E1FE5	ram	w_1fe5	-
7E1FE6	ram	w_1fe6	-
7E1FE7	ram	w_1fe7	-
7E1FE8	ram	w_1fe8	-
7E1FE9	ram	w_1fe9	-
7E1FEA	ram	w_1fea	-
7E1FEB	ram	w_1feb	-
7E1FEC	ram	w_1fec	-
7E1FED	ram	w_1fed	-
7E1FEE	ram	w_1fee	-
7E1FEF	ram	w_1fef	-
7E1FF0	ram	w_1ff0	-
7E1FF1	ram	w_1ff1	-
7E1FF2	ram	w_1ff2	-
7E1FF3	ram	w_1ff3	-
7E1FF4	ram	w_1ff4	-
7E1FF5	ram	w_1ff5	-
7E1FF6	ram	w_1ff6	-
7E1FF7	ram	w_1ff7	-
7E1FF8	ram	w_1ff8	-
7E1FF9	ram	w_1ff9	-
7E1FFA	ram	w_1ffa	-
7E1FFB	ram	w_1ffb	-
7E1FFC	ram	w_1ffc	-
7E1FFD	ram	w_1ffd	-
7E1FFE	ram	w_1ffe	-
7E1FFF	ram	w_1fff	-
7E2000	ram	blockMap	-
7E2100	ram	SNES_INIDISP	-
7E2101	ram	SNES_OBJSEL	-
7E2102	ram	SNES_OAMADDL	-
7E2103	ram	SNES_OAMADDH	-
7E2104	ram	SNES_OAMDATA	-
7E2105	ram	SNES_BGMODE	-
7E2106	ram	SNES_MOSAIC	-
7E2107	ram	SNES_BG1SC	-
7E2108	ram	SNES_BG2SC	-
7E2109	ram	SNES_BG3SC	-
7E210A	ram	SNES_BG4SC	-
7E210B	ram	SNES_BG12NBA	-
7E210C	ram	SNES_BG34NBA	-
7E210D	ram	SNES_BG1HOFS	-
7E210E	ram	SNES_BG1VOFS	-
7E210F	ram	SNES_BG2HOFS	-
7E2110	ram	SNES_BG2VOFS	-
7E2111	ram	SNES_BG3HOFS	-
7E2112	ram	SNES_BG3VOFS	-
7E2113	ram	SNES_BG4HOFS	-
7E2114	ram	SNES_BG4VOFS	-
7E2115	ram	SNES_VMAINC	-
7E2116	ram	SNES_VMADDL	-
7E2117	ram	SNES_VMADDH	-
7E2118	ram	SNES_VMDATAL	-
7E2119	ram	SNES_VMDATAH	-
7E211A	ram	SNES_M7SEL	-
7E211B	ram	SNES_M7A	-
7E211C	ram	SNES_M7B	-
7E211D	ram	SNES_M7C	-
7E211E	ram	SNES_M7D	-
7E211F	ram	SNES_M7X	-
7E2120	ram	SNES_M7Y	-
7E2121	ram	SNES_CGADD	-
7E2122	ram	SNES_CGDATA	-
7E2123	ram	SNES_W12SEL	-
7E2124	ram	SNES_W34SEL	-
7E2125	ram	SNES_WOBJSEL	-
7E2126	ram	SNES_WH0	-
7E2127	ram	SNES_WH1	-
7E2128	ram	SNES_WH2	-
7E2129	ram	SNES_WH3	-
7E212A	ram	SNES_WBGLOG	-
7E212B	ram	SNES_WOBJLOG	-
7E212C	ram	SNES_TM	-
7E212D	ram	SNES_TS	-
7E212E	ram	SNES_TMW	-
7E212F	ram	SNES_TSW	-
7E2130	ram	SNES_CGSWSEL	-
7E2131	ram	SNES_CGADSUB	-
7E2132	ram	SNES_COLDATA	-
7E2133	ram	SNES_SETINI	-
7E2134	ram	SNES_MPYL	-
7E2135	ram	SNES_MPYM	-
7E2136	ram	SNES_MPYH	-
7E2137	ram	SNES_SLHV	-
7E2138	ram	SNES_ROAMDATA	-
7E2139	ram	SNES_RVMDATAL	-
7E213A	ram	SNES_RVMDATAH	-
7E213B	ram	SNES_RCGDATA	-
7E213C	ram	SNES_OPHCT	-
7E213D	ram	SNES_OPVCT	-
7E213E	ram	SNES_STAT77	-
7E213F	ram	SNES_STAT78	-
7E2140	ram	SNES_APUIO0	-
7E2141	ram	SNES_APUIO1	-
7E2142	ram	SNES_APUIO2	-
7E2143	ram	SNES_APUIO3	-
7E2180	ram	SNES_WMDATA	-
7E2181	ram	SNES_WMADDL	-
7E2182	ram	SNES_WMADDM	-
7E2183	ram	SNES_WMADDH	-
7E4016	ram	SNES_JOY1	-
7E4017	ram	SNES_JOY2	-
7E4200	ram	SNES_NMITIMEN	-
7E4201	ram	SNES_WRIO	-
7E4202	ram	SNES_WRMPYA	-
7E4203	ram	SNES_WRMPYB	-
7E4204	ram	SNES_WRDIVL	-
7E4205	ram	SNES_WRDIVH	-
7E4206	ram	SNES_WRDIVB	-
7E4207	ram	SNES_HTIMEL	-
7E4208	ram	SNES_HTIMEH	-
7E4209	ram	SNES_VTIMEL	-
7E420A	ram	SNES_VTIMEH	-
7E420B	ram	SNES_MDMAEN	-
7E420C	ram	SNES_HDMAEN	-
7E420D	ram	SNES_MEMSEL	-
7E4210	ram	SNES_RDNMI	-
7E4211	ram	SNES_TIMEUP	-
7E4212	ram	SNES_HVBJOY	-
7E4213	ram	SNES_RDIO	-
7E4214	ram	SNES_RDDIVL	-
7E4215	ram	SNES_RDDIVH	-
7E4216	ram	SNES_RDMPYL	-
7E4217	ram	SNES_RDMPYH	-
7E4218	ram	SNES_CNTRL1L	-
7E4219	ram	SNES_CNTRL1H	-
7E421A	ram	SNES_CNTRL2L	-
7E421B	ram	SNES_CNTRL2H	-
7E421C	ram	SNES_CNTRL3L	-
7E421D	ram	SNES_CNTRL3H	-
7E421E	ram	SNES_CNTRL4L	-
7E421F	ram	SNES_CNTRL4H	-
7E4300	ram	SNES_DMA0PARAM	-
7E4301	ram	SNES_DMA0REG	-
7E4302	ram	SNES_DMA0ADDRL	-
7E4303	ram	SNES_DMA0ADDRM	-
7E4304	ram	SNES_DMA0ADDRH	-
7E4305	ram	SNES_DMA0CNTL	-
7E4306	ram	SNES_DMA0CNTH	-
7E4307	ram	SNES_HDMA0BANK	-
7E4308	ram	SNES_DMA0IDXL	-
7E4309	ram	SNES_DMA0IDXH	-
7E430A	ram	SNES_HDMA0LINES	-
7E4310	ram	SNES_DMA1PARAM	-
7E4311	ram	SNES_DMA1REG	-
7E4312	ram	SNES_DMA1ADDRL	-
7E4313	ram	SNES_DMA1ADDRM	-
7E4314	ram	SNES_DMA1ADDRH	-
7E4315	ram	SNES_DMA1CNTL	-
7E4316	ram	SNES_DMA1CNTH	-
7E4317	ram	SNES_HDMA1BANK	-
7E4318	ram	SNES_DMA1IDXL	-
7E4319	ram	SNES_DMA1IDXH	-
7E431A	ram	SNES_HDMA1LINES	-
7E4320	ram	SNES_DMA2PARAM	-
7E4321	ram	SNES_DMA2REG	-
7E4322	ram	SNES_DMA2ADDRL	-
7E4323	ram	SNES_DMA2ADDRM	-
7E4324	ram	SNES_DMA2ADDRH	-
7E4325	ram	SNES_DMA2CNTL	-
7E4326	ram	SNES_DMA2CNTH	-
7E4327	ram	SNES_HDMA2BANK	-
7E4328	ram	SNES_DMA2IDXL	-
7E4329	ram	SNES_DMA2IDXH	-
7E432A	ram	SNES_HDMA2LINES	-
7E4330	ram	SNES_DMA3PARAM	-
7E4331	ram	SNES_DMA3REG	-
7E4332	ram	SNES_DMA3ADDRL	-
7E4333	ram	SNES_DMA3ADDRM	-
7E4334	ram	SNES_DMA3ADDRH	-
7E4335	ram	SNES_DMA3CNTL	-
7E4336	ram	SNES_DMA3CNTH	-
7E4337	ram	SNES_HDMA3BANK	-
7E4338	ram	SNES_DMA3IDXL	-
7E4339	ram	SNES_DMA3IDXH	-
7E433A	ram	SNES_HDMA3LINES	-
7E4340	ram	SNES_DMA4PARAM	-
7E4341	ram	SNES_DMA4REG	-
7E4342	ram	SNES_DMA4ADDRL	-
7E4343	ram	SNES_DMA4ADDRM	-
7E4344	ram	SNES_DMA4ADDRH	-
7E4345	ram	SNES_DMA4CNTL	-
7E4346	ram	SNES_DMA4CNTH	-
7E4347	ram	SNES_HDMA4BANK	-
7E4348	ram	SNES_DMA4IDXL	-
7E4349	ram	SNES_DMA4IDXH	-
7E434A	ram	SNES_HDMA4LINES	-
7E4350	ram	SNES_DMA5PARAM	-
7E4351	ram	SNES_DMA5REG	-
7E4352	ram	SNES_DMA5ADDRL	-
7E4353	ram	SNES_DMA5ADDRM	-
7E4354	ram	SNES_DMA5ADDRH	-
7E4355	ram	SNES_DMA5CNTL	-
7E4356	ram	SNES_DMA5CNTH	-
7E4357	ram	SNES_HDMA5BANK	-
7E4358	ram	SNES_DMA5IDXL	-
7E4359	ram	SNES_DMA5IDXH	-
7E435A	ram	SNES_HDMA5LINES	-
7E4360	ram	SNES_DMA6PARAM	-
7E4361	ram	SNES_DMA6REG	-
7E4362	ram	SNES_DMA6ADDRL	-
7E4363	ram	SNES_DMA6ADDRM	-
7E4364	ram	SNES_DMA6ADDRH	-
7E4365	ram	SNES_DMA6CNTL	-
7E4366	ram	SNES_DMA6CNTH	-
7E4367	ram	SNES_HDMA6BANK	-
7E4368	ram	SNES_DMA6IDXL	-
7E4369	ram	SNES_DMA6IDXH	-
7E436A	ram	SNES_HDMA6LINES	-
7E4370	ram	SNES_DMA7PARAM	-
7E4371	ram	SNES_DMA7REG	-
7E4372	ram	SNES_DMA7ADDRL	-
7E4373	ram	SNES_DMA7ADDRM	-
7E4374	ram	SNES_DMA7ADDRH	-
7E4375	ram	SNES_DMA7CNTL	-
7E4376	ram	SNES_DMA7CNTH	-
7E4377	ram	SNES_HDMA7BANK	-
7E4378	ram	SNES_DMA7IDXL	-
7E4379	ram	SNES_DMA7IDXH	-
7E437A	ram	SNES_HDMA7LINES	-
7EE800	ram	sceneMap	-
7EFF80	ram	optionIdx	-
7EFF81	ram	optionIdxOld	-
7EFFA0	ram	textMEGAMAN_X_16	-
7EFFC0	ram	buttonMap_shot	-
7EFFC1	ram	buttonMap_jump	-
7EFFC2	ram	buttonMap_dash	-
7EFFC3	ram	buttonMap_L	-
7EFFC4	ram	buttonMap_R	-
7EFFC5	ram	buttonMap_start	-
7EFFC8	ram	optionBGM_idx	-
7EFFC9	ram	optionSFX_idx	-
7EFFCA	ram	optionMonoStereo	-
7EFFCB	ram	passwordTable__00	-
7EFFCC	ram	passwordTable__01	-
7EFFCD	ram	passwordTable__02	-
7EFFCE	ram	passwordTable__03	-
7EFFCF	ram	passwordTable__04	-
7EFFD0	ram	passwordTable__05	-
7EFFD1	ram	passwordTable__06	-
7EFFD2	ram	passwordTable__07	-
7EFFD3	ram	passwordTable__08	-
7EFFD4	ram	passwordTable__09	-
7EFFD5	ram	passwordTable__0A	-
7EFFD6	ram	passwordTable__0B	-
7F8200	ram	gfxSlotOffsetLockup	-
808000	opcode	resetGame	bank_80_8000
808007	opcode	goFastRomPage	ResetHandler
808057	opcode	clearRAM_2000	-
808097	opcode	wait_loop_8097	-
808099	opcode	resetStack	bank_80_8099
8080A1	opcode	waitNMIoop	bank_80_80A1
808100	opcode	pauseFunc_05	bank_80_8100
80813B	opcode	startUp_textLoadSet	-
808168	opcode	gameLoopNMI	NmiHandler
8081E3	opcode	hdmi_loaderSet	-
8082C8	opcode	hdmi_loader_init	-
8084A1	opcode	gameLoopIRQ	IrqHandler
808524	opcode	endInterupt	-
80852C	opcode	introMain	Task0
8088A2	opcode	lunchSFX	-
8088CD	opcode	lunchWeaponSFX	-
8088EC	opcode	startUp_setPPU	-
808CC9	pointer16	titleDrawAnimSwoop	-
809319	pointer16	startScreen_init	-
80931F	opcode	start_game_init	-
80932B	opcode	password_screen_init	-
80934F	opcode	option_screen_init	-
8094D1	opcode	mainGameInit	-
8094D9	opcode	initload_d1	-
8094E3	pointer16	gameLoop_d1	-
8094E7	opcode	resetInitFirstLevel	-
80953F	opcode	gameLoop_d2	-
809544	pointer16	mainGameLoopD2	-
809550	opcode	loopD2_selLevel	-
809576	opcode	reloadLevel	-
809579	opcode	gameSubLoad_idx_d3	-
809976	opcode	loopD3_mainGame_02	-
80997B	pointer16	mainGameLoops	-
809989	opcode	levelLoadStuff	-
809A30	opcode	levelLoad_readyText	-
809A6A	opcode	mainGameRun	-
809D52	opcode	loopD3_03	-
809D53	opcode	loopD3_04	-
809D54	opcode	loopD3_05	-
809E68	opcode	mainPauseMenuCheck_00	bank_80_9E68
80B25B	opcode	mainGFXloadRoutine	Task_B25B
80C57A	opcode	updateScreenPauseMenu	-
80C601	opcode	updateScreenClearPause	-
80C67F	opcode	menuDpadActions	bank_80_C67F
80C787	opcode	menuLeftRightInput	-
80C7F6	opcode	menu_pressedUp	-
80C856	opcode	menu_pressedDown	-
80C8C5	opcode	pauseMenu_upgrades	-
80C910	opcode	showArmorMenu	-
80C93C	opcode	checkUpgradeSelect	-
80C94F	opcode	getSelecteUpgrade	-
80CA80	opcode	pauseDrawWeaponMeter_02	-
80CB19	opcode	pauseDrawWeaponIcon_03	-
80CC0B	opcode	updatePlauerLifePauseState	-
80CC40	opcode	pauseFunc_06	-
80CD16	opcode	pauseDraw_01	-
80CD18	opcode	upgradCapsleShow	-
80D1ED	opcode	mainPlayer_01	-
80D423	opcode	mainPlayerWeaponBullet	-
80D530	opcode	mainEventID	-
80D56F	opcode	mainOAM	-
80D5CC	opcode	endOAMupdate	-
80D5DF	opcode	drawProjectileOAM	-
80D625	opcode	drawEventOAM	-
80D69C	opcode	drawPlayerOAM	-
80D6A7	opcode	drawEventSlots2_OAM	bank_80_D6A7
80D715	opcode	updateOAMslot	-
80D758	opcode	nextOAMslot	-
80D76A	opcode	drawOAMstuff	bank_80_D76A
80D7CE	opcode	drawHealthMeter	-
80D7D8	pointer16	drawHUD	-
80D7E0	opcode	drawHUD_00	-
80D82C	opcode	drawHUD_01	-
80D8F5	opcode	the1f12_stateRoutine	-
80D907	opcode	someProgressTrackingStuff	bank_80_D907
80D917	opcode	keepTrackOfBossDefeated	bank_80_D917
80DC36	opcode	mainEnemy_00	bank_80_DC36
80DCDB	opcode	spawnEventFromTable	bank_80_DCDB
80E543	opcode	joyPadPullMainGame	bank_80_E543
80EF7F	opcode	backupUpgrade2PWtable	-
80F18C	opcode	clearSetUpgrade	-
80F320	pointer16	enemyBulletsMain	-
80F359	opcode	shild_ironBallDude	-
80F368	opcode	someEptyRoutine	-
80F445	opcode	someOtherEmptyRoutine	-
80F6CB	opcode	mainWeaponBullet_lemon_00	-
80F6D0	opcode	mainWeaponBullet_lemonCharged_01	-
80F6D5	opcode	mainWeaponShot_lemonSuperCharge_02	-
80F6DA	opcode	mainWeaponShot_lemonCharged_03	-
80F6DF	opcode	mainWeaponShot_haduken_04	-
80F6E4	opcode	mainWeaponShot__05	-
80F6E9	opcode	mainWeaponShot__06	-
80F6EE	opcode	mainWeaponShot_homing_07	-
80F6F3	opcode	mainWeaponShot_stinger3Way_08	-
80F6F8	opcode	mainWeaponShot_shild_09	-
80F6FD	opcode	mainWeaponShot_fire_0a	-
80F702	opcode	mainWeaponShot_storm_0b	-
80F707	opcode	mainWeaponShot_spark_0c	-
80F70C	opcode	mainWeaponShot_cutter_0d	-
80F711	opcode	mainWeaponShot_ice_0e	-
80F716	opcode	mainWeaponShot__0f	-
80F71B	opcode	mainChargeShot_homingMissle_10	-
80F720	opcode	mainChargeShot_camaFlash_11	-
80F725	opcode	mainChargeShot_shild_12	-
80F72A	opcode	mainChargeShot_fire_13	-
80F72F	opcode	mainChargeShot_storm_14	-
80F734	opcode	mainChargeShot_spark_15	-
80F739	opcode	mainChargeShot_cutter_16	-
80F73E	opcode	mainChargeShot_Ice_17	-
80F743	opcode	mainChargeShot_storm_18	-
80F748	opcode	mainChargeShot__19	-
80F74D	opcode	mainChargeShot__1a	-
80F752	opcode	mainChargeShot__1b	-
80F757	opcode	mainChargeShot__1c	-
80F75C	opcode	mainChargeShot__1d	-
80F769	opcode	mainWeapon__00	-
80F76E	opcode	mainWeapon_Charging_01	-
80F773	opcode	mainWeapon__02	-
80F778	opcode	mainWeapon__03	-
80F8DD	pointer16	mainEventTable	-
80F9B5	opcode	eventID_00	-
80F9B6	opcode	eventID_01_hoganmer	-
80F9BB	opcode	eventID_02_chillPingu	-
80F9C0	opcode	eventID_03_slimVolt	-
80F9C5	opcode	eventID_04_flamingle	-
80F9CA	opcode	eventID_05_flammingle	-
80F9CF	opcode	eventID_06_boomerKuwanger	-
80F9D4	opcode	eventID_07_planty	-
80F9D9	opcode	eventID_08_lunchOctopus	-
80F9DE	opcode	eventID_09_RT55J	-
80F9E3	opcode	eventID_0A_stingCameleon	-
80F9E8	opcode	eventID_0B_axeMax	-
80F9ED	opcode	eventID_0C_mammoth	-
80F9F2	opcode	eventID_0D_rushRoader	-
80F9F7	opcode	eventID_0E_mammothTrunk	-
80F9FC	opcode	eventID_0F_crusher	-
80FA01	opcode	eventID_10_sineFaller	-
80FA06	opcode	eventID_11_roadAttacker	-
80FA0B	opcode	eventID_12	-
80FA10	opcode	eventID_13_dodgeBlaster	-
80FA15	opcode	eventID_14_armadillo	-
80FA1A	opcode	eventID_15_spiky	-
80FA1F	opcode	eventID_16_floatPlatform	-
80FA24	opcode	eventID_17_turnCanon	-
80FA29	opcode	eventID_18_fallingRocks	-
80FA2E	opcode	eventID_19_bombBeen	-
80FA33	opcode	eventID_1A_roadAttackDeploy	-
80FA38	opcode	eventID_1B_	-
80FA3D	opcode	eventID_1C_seaAttacker	-
80FA42	opcode	eventID_1D_gulpferd	-
80FA47	opcode	eventID_1E_madPeker	-
80FA4C	opcode	eventID_1F_creeper	-
80FA51	opcode	eventID_20_amenHopper	-
80FA56	opcode	eventID_21_angler	-
80FA5B	opcode	eventID_22_beeBlader	-
80FA60	opcode	eventID_23_utuborosHead	-
80FA65	opcode	eventID_24_utuborosBody	-
80FA6A	opcode	eventID_25_utuborosTail	-
80FA6F	opcode	eventID_26_velguarderDog	-
80FA74	opcode	eventID_27_deerball	-
80FA79	opcode	eventID_28_cruizler	-
80FA7E	opcode	eventID_29_gunVolt	-
80FA83	opcode	eventID_2A_utuborosBrokHead	-
80FA88	opcode	eventID_2B_mineCart	-
80FA8D	opcode	eventID_2C_moleBorer	-
80FA92	opcode	eventID_2D_batBone	-
80FA97	opcode	eventID_2E_metC15	-
80FA9C	opcode	eventID_2F_armorSoldir	-
80FAA1	opcode	eventID_30_digLouber	-
80FAA6	opcode	eventID_31_sparkMandrill	-
80FAAB	opcode	eventID_32_mechVile	-
80FAB0	opcode	eventID_33_zero	-
80FAB5	opcode	eventID_34_cragMan	-
80FABA	opcode	eventID_35_metalWing	-
80FABF	opcode	eventID_36_jamminger	-
80FAC4	opcode	eventID_37_hotarion	-
80FAC9	opcode	eventID_38_flamer	-
80FACE	opcode	eventID_39_conveyor	-
80FAD3	opcode	eventID_3A_tomBot	-
80FAD8	opcode	eventID_3B_ladderJadder	-
80FADD	opcode	eventID_3C_textBoxFace	-
80FAE2	opcode	eventID_3D_towerElevator	-
80FAE7	opcode	eventID_3E_tomBotGen	-
80FAEC	opcode	eventID_3F_slidePlatform	-
80FAF1	opcode	eventID_40_spring	-
80FAF6	opcode	eventID_41_breakableGlass	-
80FAFB	opcode	eventID_42_laser	-
80FB00	opcode	eventID_43_4WayLaser	-
80FB05	opcode	eventID_44_laserTrap	-
80FB0A	opcode	eventID_45_sparkGen	-
80FB0F	opcode	eventID_46_airPortGasTank	-
80FB14	opcode	eventID_47_flamePillar	-
80FB19	opcode	eventID_48_deathRogumerPlatform	-
80FB1E	opcode	eventID_49_skyClaw	-
80FB23	opcode	eventID_4A_CruizilerExpload	-
80FB28	opcode	eventID_4B_CruizilerMissle	-
80FB2D	opcode	eventID_4C_lavaDrip	-
80FB32	opcode	eventID_4D_lightCapsule	-
80FB37	opcode	eventID_4E_CruizilerLightning	-
80FB3C	opcode	eventID_4F_rollingGabyool	-
80FB41	opcode	eventID_50_rogumerCanon	-
80FB46	opcode	eventID_51_rayBit_bunny	-
80FB4B	opcode	eventID_52_stormEagle	-
80FB50	opcode	eventID_53_snowShooter	-
80FB55	opcode	eventID_54_snowBall	-
80FB5A	opcode	eventID_55_stormEagleEgg	-
80FB5F	opcode	eventID_56_stormEagle	-
80FB64	opcode	eventID_57_igloo	-
80FB69	opcode	eventID_58_	-
80FB6E	opcode	eventID_59_longPillar	-
80FB73	opcode	eventID_5A_	-
80FB78	opcode	eventID_5B_megaTortoise	-
80FB7D	opcode	eventID_5C_rangdaBangdaWall	-
80FB82	opcode	eventID_5D_rangdaBangdaEye	-
80FB87	opcode	eventID_5E_rangdaBangdaMouth	-
80FB8C	opcode	eventID_5F_rangdaBangdaWallSide	-
80FB91	opcode	eventID_60_rexHead	-
80FB96	opcode	eventID_61_rexBase	-
80FB9B	opcode	eventID_62_spiderBoss	-
80FBA0	opcode	eventID_63_prisonCapsule	-
80FBA5	opcode	eventID_64_sigmaHead	-
80FBAA	opcode	eventID_65_zeroStage1	-
80FBAF	opcode	eventID_66_VileMech	-
80FBB4	opcode	eventID_67_creeperHole	-
80FBB9	opcode	eventID_68_vile	-
80FBBE	opcode	eventID_69_wallCreeper	-
80FBC3	opcode	eventID_6A_vileFinalForm	-
80FBC8	opcode	eventID_6B_	-
80FFE4	pointer16	Native_COP	-
80FFE6	pointer16	Native_BRK	-
80FFEA	pointer16	Native_NMI	-
80FFF4	pointer16	Native_IRQ	-
80FFFE	pointer16	Emulation_RESET	-
81825D	opcode	playerProcessing	-
8182A6	pointer16	playerState	-
8182EE	opcode	playerState_idle_00	-
81839D	opcode	playerState_direction_02	-
818408	opcode	playerState_walk_04	-
818486	opcode	playerState_acending_06	-
818522	opcode	playerState_decending_08	-
818544	opcode	jumpCheckValues	-
818600	opcode	playerState_landing_0a	-
81865B	opcode	playerState_flinch_0e	-
818718	opcode	playerState_wallJump_10	-
81883E	opcode	playerState_wall_12	-
81890E	opcode	playerState_dash_14	-
818913	pointer16	playerState_dash_do	-
818917	opcode	playerState_dash_init_do	-
81894D	opcode	playerState_dash_slide_do	-
8189AA	opcode	playerState_dashOut_20	-
8189FA	opcode	playerState__22	-
818A4F	opcode	playerState_death_0c	-
818B3B	opcode	playerState_stuck_16	-
818B4D	opcode	playerState_enterDoor_18	-
818B4E	opcode	playerState_passDoor_1c	-
818B57	opcode	playerState_idleAwaitBoss_1e	-
818BB1	opcode	playerState_door_1a	-
818D33	opcode	playerState_ladderGrabAir_24	-
818D73	opcode	playerState_exitLadderTop_26	-
818DB5	opcode	playerState_grabLatterGround_28	-
818DEB	opcode	playerState_ladder_2a	-
818E7F	opcode	playerState_rideArmor_2c	-
818E90	opcode	playerState_animation_2e	-
818F33	opcode	playerState_kneeling_3c	-
818F4B	opcode	playerState_grabByFile_30	-
818F58	opcode	playerState_healthRecover_3e	-
818FBE	opcode	playerState__40	-
819017	opcode	playerState__42	-
81905B	opcode	playerState__44	-
819186	opcode	playerState__32	-
8191E7	opcode	playerState__34	-
819249	opcode	playerState__36	-
8192F3	opcode	playerState__38	-
819318	opcode	playerState__3a	-
8193B2	opcode	player_initShot	-
819435	opcode	spawnPlayerProjectile	-
819540	opcode	runPlayerAnimation	-
819592	opcode	updateArmoreDash	-
8195B4	opcode	playerKneelAnim	-
8195EC	opcode	player_initJump	-
819662	opcode	cancleDash	-
819713	opcode	endPlayerDash	-
819777	opcode	dashInit_checks	-
8197D2	opcode	playerAmorAndCharge	-
8197EE	opcode	startChargeWeapon	-
8197FC	opcode	clearWeaponCharge	-
819802	opcode	endChargeUpgrades	-
81984A	opcode	weaponCharge00	-
819859	opcode	weaponCharge01	-
81988A	opcode	weaponCharge03	-
8198DF	opcode	weaponChargeBEQ_testes	-
819934	opcode	player_action_speed_handler	-
819C15	opcode	dashSpwnDustClouds	-
819C70	opcode	spwanID_A	bank_81_9C70
819D24	opcode	dash_checkDirectionCancle	-
819E0E	opcode	giveDashHitbox	-
819E3E	opcode	weaponChargeRoutine_00	-
81A062	opcode	playerSub_00	bank_81_A062
81A067	pointer16	playerSub_ram7f	-
81A06F	opcode	playerSub_ram7f_state00	-
81A0EA	opcode	hadukenCheck	-
81A113	opcode	noHaduken	-
81A16D	opcode	weapon__00	-
81A1BF	opcode	weaponCharging	-
81A228	opcode	weaponBullet_lemon_00	-
81A22E	pointer16	shot_lemon	-
81A238	opcode	shot_lemon_00	-
81A269	opcode	shot_plasma_01	-
81A29E	opcode	shot_lemon_02	-
81A2C4	opcode	shot_lemon_03	-
81A2D2	opcode	weaponBullet_lemonCharged_01	-
81A2DC	pointer16	shot_lemonCharged	-
81A2E6	opcode	shot_lemonCharged_00	-
81A32A	opcode	shot_lemonCharged_03	-
81A32E	opcode	shot_lemonCharged_01	-
81A395	opcode	shot_lemonCharged_02	-
81A3CE	opcode	shot_lemonCharged_04	-
81A412	opcode	weaponShot__05	-
81A4CC	opcode	weaponShot__06	-
81B516	opcode	eventID_chillPingu_01_main	-
81B51B	pointer16	chillPingu_state1	-
81B523	opcode	chillPingu_state1_00	-
81B581	opcode	chillPingu_state1_01	-
81C034	opcode	eventID_flamingle_03_main	-
81C03A	pointer16	flamingle_state	-
81C040	opcode	flamingle_state_00	-
81C06D	opcode	flamingle_state_01	-
81C1AE	opcode	flamingle_state_02	-
81C24B	opcode	eventID_boomerKuwanger_05_main	-
81C433	opcode	eventID_planty_06_main	-
81CB06	opcode	eventID_lunchOctopus_07_main	-
81CC13	opcode	eventID_RT55J_09_main	-
81CC77	pointer16	RT55J_state	-
81CC83	opcode	RT55J_state_00	-
81D033	opcode	eventID_axeMax_0b_main	-
81D078	pointer16	axeMax_0b_state	-
81D080	opcode	axeMax_0b_state_00	-
81D2DF	opcode	eventID_sineFaller_10_main	-
81D31F	pointer16	sineFaller_10_state	-
81D32B	opcode	sineFaller_10_state_00	-
81D551	opcode	eventID_roadAttacker_11_main	-
81D5D1	pointer16	roadAttacker_11_state	-
81D5E1	opcode	roadAttacker_11_state_00	-
81DCD0	opcode	eventID__12_main	-
81DD1D	pointer16	eventID__12_state	-
81DD2D	opcode	eventID__12_state_00	-
81E16B	opcode	shild_ironBallDudeMain	-
81E17E	pointer16	shildState	-
81E184	opcode	shildState_00	-
81E1AE	opcode	shildState_01	-
81E2F0	opcode	shildState_02	bank_81_E2F0
81E643	opcode	collectEnergyTank_00	-
81E99D	opcode	check2spawnHealthUpgrade	-
81EB3A	opcode	healthUpgradeHealthIncrease	-
828011	opcode	lunchMusic	-
82806E	opcode	initPosAllign	bank_82_806E
8280B4	opcode	checkPlayerGear	bank_82_80B4
8280EA	pointer16	checkGearStuff	-
82823E	opcode	update_player_Xspd	bank_82_823E
82825D	opcode	update_player_Yspd	-
82827D	opcode	mainEnemySpriteLoad	bank_82_827D
8282D3	opcode	findEmptySlot_page1928	-
828321	opcode	loadEnitySlotBase	-
82833B	opcode	notActiveEntity	-
82833E	opcode	loadProjectileSlotBase	-
828358	opcode	findEnemyShotEmptySlot	-
828387	opcode	clearStateIf_0cEqual	-
828398	opcode	despawnEvent_clear_00_02_0E	-
8283A3	opcode	clearStates_01_00_02_0E_2C	-
8283B0	opcode	weaponShot_cutter_0d	-
8283B5	pointer16	cutterShotList	-
8283BF	opcode	cutterShot__00	-
828421	opcode	cutterShot__03	-
828429	opcode	cutterShot__01	-
8284E0	opcode	cutterShot__02	-
8295A4	opcode	eventID_mammothTrunk_0e_main	-
8295A9	pointer16	mammothTrunk_0e_state	-
8295B5	opcode	mammothTrunk_0e_state_00	-
829689	opcode	eventID_crusher_0f_main	-
829697	pointer16	crusher_0f_state	-
82969D	opcode	crusher_0f_state_00	-
8299A6	opcode	eventID_dodgeBlaster_13_main	-
8299D7	pointer16	dodgeBlaster_13_state	-
8299DF	opcode	dodgeBlaster_13_state_00	-
829BD2	opcode	eventID_spiky_15_main	-
829C6A	pointer16	spiky_15_state	-
829C70	opcode	spiky_15_state_00	-
829F39	opcode	seekPlayerXpos	-
829F52	opcode	eventID_bombBeen_19_main	-
829F81	pointer16	bombBeen_19_state	-
829F8D	opcode	bombBeen_19_state_00	-
82A0E5	opcode	eventID__1b_main	-
82A190	opcode	eventID_seaAttacker_1c_main	-
82A1D4	pointer16	seaAttacker_1c_state	-
82A1DC	opcode	seaAttacker_1c_state_00	-
82A341	opcode	eventID_gulpferd_1d_main	-
82A3A8	pointer16	gulpferd_1d_state	-
82A3B4	opcode	gulpferd_1d_state_00	-
82A7DB	opcode	eventID_madPeker_1e_main	-
82A805	pointer16	madPeker_1e_state	-
82A80F	opcode	madPeker_1e_state_00	-
82A990	opcode	eventID_creeper_1f_main	-
82A9D0	pointer16	creeper_1f_state	-
82A9D8	opcode	creeper_1f_state_00	-
82AAD7	opcode	eventID_amenHopper_20_main	-
82AB0C	pointer16	amenHopper_20_state	-
82AB16	opcode	amenHopper_20_state_00	-
82AE18	opcode	eventID_angler_21_main	-
82AE1D	pointer16	eventID_21_state	-
82AE23	opcode	eventID_21_state_00	-
82AE28	pointer16	eventID_21_action	-
82AE30	opcode	eventID_21_action_00	-
82AECB	opcode	eventID_21_action_01	-
82AF43	opcode	eventID_21_action_03	-
82AF5B	opcode	eventID_21_action_02	-
82B896	opcode	eventID_beeBlader_22_main	-
82B8D3	pointer16	beeBlader_22_state	-
82B8E3	opcode	beeBladerSetState00	-
82B8E6	opcode	beeBlader_22_state_00	-
82B964	opcode	beeBlader_22_state_01	bank_82_B964
82B979	opcode	beeBlader_22_state_02	-
82B9AC	opcode	beeBlader_22_state_scriptState_03	-
82B9C8	opcode	beeBlader_22_state_gun_04	-
82BA1D	opcode	beeBlader_22_state_rocket_05	-
82BA4F	opcode	beeBlader_22_state_deploy_06	-
82BA97	opcode	beeBlader_crashState_0e	-
82BA9F	pointer16	beeCrashAction	-
82BAA7	opcode	beeCrashAction_land_00	-
82BACA	opcode	beeCrashAction_destruct_01	-
82BB2B	opcode	beeCrashAction_destruct_02	-
82BB51	opcode	beeCrashAction_grounded_03	-
82BC29	opcode	beeBladerDeplyDeerBall	-
82BC51	opcode	beeBladerHealthRoutine	-
82BD58	opcode	moveBeePixlesHit	-
82BD6B	opcode	eventID_utuborosHead_23_main	-
82BD70	pointer16	utuborosHead_23_state	-
82BD76	opcode	utuborosHead_23_state_00	-
82C393	opcode	eventID_utuborosBody_24_main	-
82C398	pointer16	utuborosBody_24_state	-
82C39E	opcode	utuborosBody_24_state_00	-
82C734	opcode	eventID_utuborosTail_25_main	-
82C739	pointer16	utuborosTail_state	-
82C73F	opcode	utuborosTail_state_00	-
82C83A	opcode	eventID_velguarderDog_26_main	-
82C83F	pointer16	velguarder_26_state	-
82C847	opcode	velguarder_26_state_00	-
82D1E5	opcode	eventID_deerball_27_main	-
82D22A	pointer16	deerball_27_state	-
82D232	opcode	deerball_27_state_00	-
82D520	opcode	eventID_cruizler_28_main	-
82D525	pointer16	cruizler_28_state	-
82D52D	opcode	cruizler_28_state_00	-
82D9EF	opcode	eventID_gunVolt_29_main	-
82DA2C	pointer16	gunVolt_29_state	-
82DA34	opcode	gunVolt_29_state_00	-
82DB7D	opcode	eventID_prisonCapsule_63_main	-
82DB82	pointer16	prisonCapsule_63_state	-
82DB8A	opcode	prisonCapsule_63_state_00	-
83898E	opcode	weaponShot_lemonSuperCharge_02	-
83899C	pointer16	superChargeShot	-
8389A6	opcode	superChargeShot_00	-
838A0D	opcode	superChargeShot_03	-
838A15	opcode	superChargeShot_01	-
838AF4	opcode	superChargeShot_02	-
838B2E	opcode	superChargeShot_04	-
838C3E	opcode	weaponShot_lemonCharged_03	-
838C44	pointer16	lemonChargedStrong	-
838C4E	opcode	lemonChargedStrong_00	-
838C79	opcode	lemonChargedStrong_03	-
838C7F	opcode	lemonChargedStrong_01	-
838CE8	opcode	lemonChargedStrong_04	-
838D34	opcode	lemonChargedStrong_02	-
838DAF	opcode	weaponShot_haduken_04	-
838DB5	pointer16	haduken	-
838DBF	opcode	haduken_00	-
838E05	opcode	haduken_03	-
838E0B	opcode	haduken_01	-
838E51	opcode	haduken_02	-
838E9D	opcode	weaponShot_homing_07	-
838EA2	pointer16	homingMissle	-
838EAC	opcode	homingMissle_00	-
838F65	opcode	homingMissle_01	-
83903C	opcode	homingMissle_03	-
839040	opcode	homingMissle_02	-
8391D2	opcode	weaponShot_stinger3Way_08	-
8391D8	pointer16	stinger3Way	-
8391E4	opcode	stinger3Way_00	-
83920C	opcode	stinger3Way_01	-
839296	opcode	stinger3Way_03	-
83929A	opcode	stinger3Way_02	-
8392EC	opcode	weaponShot_shild_09	-
8392F5	pointer16	shildShot	-
8392FF	opcode	shildShot_00	-
839347	opcode	shildShot_01	-
83941C	opcode	shildShot_02	-
83943D	opcode	weaponShot_fire_0a	-
839443	pointer16	fireThrower	-
83944D	opcode	fireThrower_00	-
8394A4	opcode	fireThrower_02	-
8394B2	opcode	fireThrower_01	-
839550	opcode	weaponShot_storm_0b	-
839559	pointer16	stormShot	-
839563	opcode	stormShot_00	-
8395B2	opcode	stormShot_02	-
8395C0	opcode	stormShot_01	-
83965B	opcode	weaponShot_spark_0c	-
839661	pointer16	sparkShot	-
83966D	opcode	sparkShot_00	-
8396A0	opcode	sparkShot_02	-
8396B8	opcode	sparkShot_01	-
839748	opcode	sparkShot_03	-
839767	opcode	sparkShot_05	-
839807	opcode	weaponShot_ice_0e	-
83980C	pointer16	iceShot	-
839816	opcode	iceShot_00	-
8398BA	opcode	iceShot_01	-
8398DF	opcode	iceShot_03	-
8398E3	opcode	iceShot_02	-
83995D	opcode	chargeShot_homingMissle_10	-
839962	pointer16	chargeShot_homingMissle	-
83996C	opcode	chargeShot_homingMissle_00	-
839A62	opcode	chargeShot_homingMissle_01	-
839B3F	opcode	chargeShot_homingMissle_03	-
839B4F	opcode	chargeShot_homingMissle_02	-
839B7D	opcode	chargeShot_camaFlash_11	-
839B82	pointer16	chargeShot_camaFlash	-
839B88	opcode	chargeShot_camaFlash_00	-
839BAF	opcode	chargeShot_camaFlash_01	-
839BB9	opcode	chargeShot_camaFlash_02	-
839C53	opcode	chargeShot_shild_12	-
839C5C	pointer16	chargeShot_shild	-
839C66	opcode	chargeShot_shild_00	-
839C9A	opcode	chargeShot_shild_03	-
839CA8	opcode	chargeShot_shild_01	-
839D4A	opcode	chargeShot_shild_02	-
839DD4	opcode	chargeShot_fire_13	-
839DDA	pointer16	chargeShot_fire	-
839DE4	opcode	chargeShot_fire_00	-
839E2A	opcode	chargeShot_fire_02	-
839E38	opcode	chargeShot_fire_01	-
839FAA	opcode	chargeShot_storm_14	-
839FB8	pointer16	chargeShot_storm	-
839FC2	opcode	chargeShot_storm_00	-
83A00F	opcode	chargeShot_storm_02	-
83A01D	opcode	chargeShot_storm_01	-
83A0DA	opcode	chargeShot_spark_15	-
83A0E0	pointer16	chargeShot_spark	-
83A0EC	opcode	chargeShot_spark_00	-
83A11B	opcode	chargeShot_spark_02	-
83A129	opcode	chargeShot_spark_01	-
83A191	opcode	chargeShot_spark_05	-
83A1DB	opcode	chargeShot_cutter_16	-
83A1E0	pointer16	chargeShot_cutter	-
83A1EA	opcode	chargeShot_cutter_00	-
83A2BB	opcode	chargeShot_cutter_03	-
83A2C1	opcode	chargeShot_cutter_01	-
83A387	opcode	chargeShot_cutter_02	-
83A391	opcode	chargeShot_Ice_17	-
83A39F	pointer16	chargeShot_Ice	-
83A3A9	opcode	chargeShot_Ice_00	bank_83_A3A9
83A423	opcode	chargeShot_Ice_03	-
83A429	opcode	chargeShot_Ice_01	-
83A4F1	opcode	chargeShot_Ice_04	-
83A4F5	opcode	chargeShot_Ice_02	-
83AE81	opcode	eventID_hoganmer_01_main	-
83AE8F	pointer16	hoganmer_state	-
83AE95	opcode	hoganmer_state1_00	bank_83_AE95
83AED0	opcode	hoganmer_state1_01	-
83B0A9	opcode	hoganmer_state1_02	-
83B144	opcode	eventID_armadillo_14_main	-
83B149	pointer16	armadillo_14_state	-
83B151	opcode	armadillo_14_state_00	-
83BBD2	opcode	eventID_fallingRocks_18_main	-
83BBD7	pointer16	fallingRocks_18_state	-
83BBDF	opcode	fallingRocks_18_state_00	-
83BF44	opcode	eventID_moleBorer_2c_main	-
83BFCC	pointer16	moleBorer_2c_state	-
83BFD6	opcode	moleBorer_2c_state_00	-
83C387	opcode	eventID_metC15_2e_main	-
83C3C7	pointer16	metC15_2e_state	-
83C3CF	opcode	metC15_2e_state_00	-
83C5AB	opcode	eventID_armorSoldir_2f_main	-
83C5B0	pointer16	armorSoldir_2f_state	-
83C5B6	opcode	armorSoldir_2f_state_00	-
83CE03	opcode	eventID_digLouber_30_main	-
83CE65	pointer16	digLouber_30_state	-
83CE6D	opcode	digLouber_30_state_00	-
83CF70	opcode	eventID_mechVile_32_main	-
83CF75	pointer16	mechVile_32_state	-
83CF7B	opcode	mechVile_32_state_00	-
83D85C	opcode	eventID_cragMan_34_main	-
83D8B2	pointer16	cragMan_34_state	-
83D8C2	opcode	cragMan_34_state_00	-
83DB9B	opcode	eventID_metalWing_35_main	-
83DBA0	pointer16	metalWing_35_state	-
83DBA6	opcode	metalWing_35_state_00	-
83DD67	opcode	eventID_jamminger_36_main	-
83DDA5	pointer16	jamminger_36_state	-
83DDB3	opcode	jamminger_36_state_00	-
83DF7F	opcode	eventID_flamer_38_main	-
83DF88	pointer16	flamer_38_state	-
83DF94	opcode	flamer_38_state_00	-
83E1BC	opcode	eventID_conveyor_39_main	-
83E205	pointer16	conveyor_39_state	-
83E404	opcode	eventID_tomBot_3a_main	-
83E444	pointer16	tomBot_3a_state	-
83E450	opcode	tomBot_3a_state_00	-
83E7E1	opcode	eventID_creeperHole_67_main	-
83E7E6	pointer16	creeperHole_67_state	-
83E7EC	opcode	creeperHole_67_state_00	-
84833D	opcode	lunchDebugSuite	-
848393	opcode	runDebugLoop	-
8483C5	pointer16	debugSuit	-
8483D7	opcode	debugSuit_00	-
84845E	opcode	debugSuit_01	-
8484AB	opcode	debugSuit_02	-
848500	opcode	debugSuit_04	-
848516	opcode	debugSuit_03	-
8485C2	opcode	debugSuit_06	-
84880F	opcode	debugControlls	-
848DA3	pointer16	lookAtme	-
848EEA	opcode	updateSpriteAnim	bank_84_8EEA
848F07	opcode	setSpriteAnim	bank_84_8F07
848F38	opcode	storeSpriteAnim	-
848F4F	opcode	endSpriteAnim	-
848FCA	opcode	shildShot_routineEnd	bank_84_8FCA
849086	opcode	shuffleGetRNG	-
84932F	opcode	someJumpedToRoutine	-
849958	opcode	checkPlayerHitbox_type	-
849B03	opcode	beeBladerBoss_00	bank_84_9B03
849B43	opcode	bossHealthupdate_hitDetect	bank_84_9B43
849B58	opcode	bossHitDetectLoop	-
849B79	opcode	endHUDupdateAlive	-
849C0E	opcode	bossHitBoxCheck	bank_84_9C0E
849D28	opcode	healthArmorReduction	-
849D50	opcode	noArmorHealthReduction	-
849E15	opcode	bossHUDdamagCalculation	bank_84_9E15
84AADD	opcode	bossesLevelBasedChange	-
84AE47	opcode	eventID_slimVolt_02_main	-
84AE4C	pointer16	slimVolt_state	-
84AE52	opcode	slimVolt_state_00	-
84AE57	pointer16	slimVolt_action	-
84AE5D	opcode	slimVolt_action_00	-
84AE6F	opcode	slimVolt_action_01	-
84AE8E	opcode	slimVolt_action_02	-
84AF1C	opcode	slimVolt_state_01	-
84AF5F	pointer16	slimVolt_state1_action	-
84AF6B	opcode	slimVolt_state1_action_05	-
84AFFD	opcode	slimVolt_state1_action_04	-
84B089	opcode	slimVolt_state1_action_03	-
84B08E	pointer16	slimVolt_state1_action_do	-
84B09E	opcode	slimVolt_state1_action_do_00	-
84B0B5	opcode	slimVolt_state1_action_do_01	-
84B1F4	opcode	slimVolt_state1_action_00	-
84B26B	opcode	slimVolt_state1_action_01	-
84B293	opcode	slimVolt_state1_action_02	-
84B30B	opcode	slimVolt_state_02	-
84C8D6	text	text__00	-
84CB02	text	text__01	-
84CB5B	text	text__02	-
84CB69	text	text__03	-
84CB83	text	text__04	-
84CB9D	text	text__05	-
84CBB6	text	text__06	-
84CBC8	text	text__07	-
84CBE0	text	text__09	-
84CBF9	text	text__0a	-
84CC14	text	text__0b	-
84CC2A	text	text__0c	-
84CE96	text	text__0d	-
84CF26	text	text__x0	-
84CFAC	text	text__0e	-
84D054	text	text__0f	-
84D59C	text	text__10	-
84D993	text	text__11	-
84DA8D	text	text__12	-
84DBAF	text	text__14	-
84DC80	text	text__x1	-
84DCB4	text	text__15	-
84DCE4	text	text__16	-
84DD08	text	text__17	-
84DD87	text	text__18	-
84DE02	text	text__19	-
84DE53	text	text__1a	-
84DEC8	text	text__1c	-
84DF8D	text	text__x2	-
84E06E	text	text__1d	-
84E168	text	text__1e	-
84E24C	text	text__1f	-
84E8D1	text	text__20	-
84EB2B	text	text__21	-
84ECBB	text	text__22	-
85947C	data8	p_events	-
85A641	data16	baseAnimationOffsets	-
85B700	data16	palDat_X_s_main__no_weapon	-
85B720	data16	palDat_Rush_Roader_s	-
85B740	data16	palDat_Hoganmer_s	-
85B760	data16	palDat_Dodge_Blaster_s	-
85B780	data16	palDat_Sine_Faller_s	-
85B7A0	data16	palDat_Boomerang_Cutter_weapon	-
85B7C0	data16	palDat_X_s_secondary	-
85B7E0	data16	palDat_Flashing_color	-
85B800	data16	palDat_Flammingle_s	-
85B820	data16	palDat_MYSTERY_PALETTE_0001	-
85B840	data16	palDat_Planty_plus_Iworm_s	-
85B860	data16	palDat_X_Buster_weapon	-
85B880	data16	palDat_Light_Capsule	-
85B8A0	data16	palDat_Light_Capsule_glowing	-
85B8E0	data16	palDat_Homing_Torpedo_weapon	-
85B900	data16	palDat_Chameleon_Sting_weapon	-
85B920	data16	palDat_Large_stone_block_s	-
85B940	data16	palDat_RT_55J_s	-
85B960	data16	palDat_MYSTERY_PALETTE_0002	-
85B980	data16	palDat_Boss_door_s	-
85B9A0	data16	palDat_Axe_Max_plus_Axe_wood_plus_falling_leaves_	-
85B9C0	data16	palDat_Megaman_in_Light_Capsule_flashing	-
85BA00	data16	palDat_Road_Attacker_s	-
85BA20	data16	palDat_Crusher_s	-
85BA40	data16	palDat_Spiky_s	-
85BA60	data16	palDat_Sting_Chameleon_plus_falling_spikes_	-
85BA80	data16	palDat_Bomb_Been_s	-
85BAA0	data16	palDat_MYSTER_PALETTE_0003	-
85BAC0	data16	palDat_Highway_breakway_platform_s	-
85BAE0	data16	palDat_Road_Attacker_deployer_s	-
85BB00	data16	palDat_Gulpfer_s	-
85BB20	data16	palDat_Mad_Pecker_plus_Creeper_s	-
85BB40	data16	palDat_Sea_Attacker_s	-
85BB60	data16	palDat_Amenhopper_s	-
85BB80	data16	palDat_Bee_Blader_s	-
85BBA0	data16	palDat_Utuboros_	-
85BBC0	data16	palDat_Ball_De_Voux_s	-
85BBE0	data16	palDat_Gun_Volt_s	-
85BC00	data16	palDat_Anglerge_parts_plus_snake_missile_s	-
85BC20	data16	palDat_Boss_intro_lightning_s	-
85BC40	data16	palDat_Death_Rogumer_cannon_s	-
85BC60	data16	palDat_Heart_Tank	-
85BC80	data16	palDat_Utuboros_sand_cloud_s	-
85BCA0	data16	palDat_Highway_car_s	-
85BCC0	data16	palDat_Highway_trailer_trucks_s	-
85BCE0	data16	palDat_Highway_van_s	-
85BD00	data16	palDat_Final_Form_Sigma_head_plus_eyes_plus_claws_	-
85BD20	data16	palDat_Final_Form_Sigma_s_fade_in	-
85BDA0	data16	palDat_Final_Form_Sigma_s_flames_plus_sparks_	-
85BDC0	data16	palDat_Jellyfish_enemy_s___UNUSED	-
85BDE0	data16	palDat_Cruiziler_parts_	-
85BE00	data16	palDat_Stage_select_cursor_plus_map_screen_dot_s	-
85BE20	data16	palDat_Storm_Tornado_weapon	-
85BE40	data16	palDat_Scrap_Robo_plus_Broken_Utuboros_head_s	-
85BE60	data16	palDat_Scrap_Robo_plus_Broken_Utuboros_head_s_melting	-
85BE80	data16	palDat_Mine_cart_platform_s	-
85BEA0	data16	palDat_Shotgun_Ice_weapon	-
85BEC0	data16	palDat_Fire_Wave_weapon	-
85BEE0	data16	palDat_Electric_Spark_weapon	-
85BF00	data16	palDat_Rolling_Shield_weapon	-
85BF20	data16	palDat_Charged_Rolling_Shield_weapon	-
85BFA0	data16	palDat_Mole_Borer_s	-
85BFC0	data16	palDat_Pink_Ride_Armor_plus_Pink_Armor_Soldier_s	-
85BFE0	data16	palDat_Bat_Bone_s	-
85C000	data16	palDat_Batton_M_501_s	-
85C020	data16	palDat_Met_C_15_plus_password_cursor_s	-
85C040	data16	palDat_Crag_Man_plus_small_stone_block_plus_Forest_rubble_s	-
85C060	data16	palDat_Dig_Labour_plus_factory_rubble_s	-
85C080	data16	palDat_Unknown_Duplicate_Dig_Labour	-
85C0A0	data16	palDat_Vile_plus_Vile_s_first_ride_armor_s	-
85C0C0	data16	palDat_Zero_s	-
85C0E0	data16	palDat_Zero_s_Beta_charging	-
85C120	data16	palDat_Zero_s_charged_shot_s	-
85C140	data16	palDat_Password_screen_number_s	-
85C180	data16	palDat_Password_screen_cursor_s	-
85C1A0	data16	palDat_Hotarion_s	-
85C1C0	data16	palDat_Metal_Wing_s	-
85C1E0	data16	palDat_Conveyor_belt_crusher_s	-
85C200	data16	palDat_Jamminger_s	-
85C220	data16	palDat_MYSTERY_PALETTE_0004	-
85C240	data16	palDat_Airport_conveyor_platform_s	-
85C260	data16	palDat_Flamer_plus_floating_platform_s	-
85C280	data16	palDat_Thunder_Slimer_s	-
85C2A0	data16	palDat_Armored_Armadillo_plus_spark	-
85C2C0	data16	palDat_Armored_Armadillo_s_charging	-
85C320	data16	palDat_Armored_Armadillo_s_rubble	-
85C340	data16	palDat_Tombot_s	-
85C360	data16	palDat_Thunder_Slimer_s_slime_blob_plus_electric_bolt_s	-
85C380	data16	palDat_Chill_Penguin	-
85C3A0	data16	palDat_Chill_Penguin_s_iceball_plus_sculpture	-
85C3C0	data16	palDat_Unknown_Duplicate_Chill_Penguin_unused	-
85C3E0	data16	palDat_Unknown_Chill_Penguin_but_all_colors_are_black	-
85C400	data16	palDat_Slide_Cannon_plus_sliding_platform_s	-
85C420	data16	palDat_Spring_s	-
85C440	data16	palDat_X_s_charged	-
85C460	data16	palDat_X_s_supercharged	-
85C480	data16	palDat_Floating_laser_trap_plus_laser_s	-
85C4A0	data16	palDat_Boomer_Kuwanger_plus_boomerang	-
85C4C0	data16	palDat_Boomer_Kuwanger_s_afterimage	-
85C4E0	data16	palDat_Launch_Octopus_plus_Homing_Torpedo_s	-
85C500	data16	palDat_Launch_Octopus__E_Drain	-
85C540	data16	palDat_Launch_Octopus__fish_missile	-
85C560	data16	palDat_Launch_Octopus__twister	-
85C580	data16	palDat_Ladder_Yadder_s	-
85C5A0	data16	palDat_MYSTERY_PALETTE_0005	-
85C5C0	data16	palDat_Tower_elevator_platform_s	-
85C5E0	data16	palDat_Power_plant_spark_s	-
85C600	data16	palDat_Flame_pillar_s	-
85C620	data16	palDat_Dummy__Palette_is_completely_black	-
85C640	data16	palDat_Shattering_glass_pane_s	-
85C660	data16	palDat_Dummy__Palette_is_black_except_for_transparent_color	-
85C680	data16	palDat_Sky_Claw_s	-
85C6A0	data16	palDat_Cruiziler_missile_s	-
85C6C0	data16	palDat_Flame_Mammoth_plus_oil_plus_flame_s	-
85C6E0	data16	palDat_Unknown_Duplicate_Flame_Mammoth___Used_for_trunk	-
85C700	data16	palDat_Flame_Mammoth_s_oil_fire	-
85C720	data16	palDat_Rolling_Gabyool_plus_lava_drip_s	-
85C740	data16	palDat_Ray_Bit_s	-
85C760	data16	palDat_Weapon_Acquired_X_s_default_object	-
85C780	data16	palDat_Snow_Shooter_s	-
85C7A0	data16	palDat_Storm_Eagle_plus_eagret	-
85C7C0	data16	palDat_Storm_Eagle_s_Storm_Tornado	-
85C7E0	data16	palDat_Rolling_snowball_s	-
85C800	data16	palDat_Turn_Cannon_plus_Turn_Cannon_s_floating_platform_s_plus_long_pillar_s	-
85C820	data16	palDat_MYSTERY_PALETTE_0006	-
85C840	data16	palDat_Spark_Mandrill_s	-
85C860	data16	palDat_Spark_Mandrill_s_frozen	-
85C880	data16	palDat_Spark_Mandrill_s_Electric_Spark	-
85C8A0	data16	palDat_Spark_Mandrill_s_groundshock	-
85C8C0	data16	palDat_Igloo_rubble_s	-
85C8E0	data16	palDat_Green_Ride_Armor_plus_Green_Armor_Soldier_s	-
85C900	data16	palDat_Mega_Tortoise_s	-
85C920	data16	palDat_Velguarder_plus_flames_	-
85C940	data16	palDat_Velguarder_s_spark	-
85C960	data16	palDat_Rangda_Bangda_green_eye_plus_nose_s	-
85C980	data16	palDat_Rangda_Bangda_blue_eye_s	-
85C9A0	data16	palDat_Rangda_Bangda_red_eye_s	-
85C9C0	data16	palDat_Rangda_Bangda_closing_wall_s	-
85C9E0	data16	palDat_Rangda_Bangda_fading_in	-
85CA60	data16	palDat_Vile_s_cage_s_force_field_plus_cage_parts_	-
85CA80	data16	palDat_Bospider_plus_Bospider_baby_s	-
85CAA0	data16	palDat_Bospider_s_retracting_thread	-
85CAC0	data16	palDat_D_Rex_s_head	-
85CAE0	data16	palDat_D_Rex_plasma_ball_s	-
85CB00	data16	palDat_D_Rex_s_charging	-
85CB20	data16	palDat_Sigma_s	-
85CB40	data16	palDat_Sigma_s_cape	-
85CB60	data16	palDat_MYSTERY_PALETTE_0007	-
85CB80	data16	palDat_X_specification_screen_analyzer_s	-
85CBA0	data16	palDat_Airport_rubble_s	-
85CBC0	data16	palDat_Mine_small_rubble_s	-
85CBE0	data16	palDat_Sigma_s_flying_fortress_explosion_plus_splash_s	-
85CC00	data16	palDat_Sigma_s_flying_fortress_	-
85CC20	data16	palDat_Vile_s_second_ride_armor_s	-
85CC40	data16	palDat_X_s_Homing_T	-
85CC60	data16	palDat_X_s_C_Sting	-
85CC80	data16	palDat_X_s_S_Ice	-
85CCA0	data16	palDat_X_s_B_Cutter	-
85CCC0	data16	palDat_X_s_Storm_T	-
85CCE0	data16	palDat_X_s_E_Spark	-
85CD00	data16	palDat_X_s_Fire_W	-
85CD20	data16	palDat_X_s_R_Shield	-
85CD40	data16	palDat_Chameleon_Sting_rotating_color	-
85CE40	data16	palDat_Weapon_Acquired_X_s_Homing_T_object	-
85CE60	data16	palDat_Weapon_Acquired_X_s_C_Sting_object	-
85CE80	data16	palDat_Weapon_Acquired_X_s_Storm_T_object	-
85CEA0	data16	palDat_Weapon_Acquired_X_s_Fire_W_object	-
85CEC0	data16	palDat_Weapon_Acquired_X_s_R_Shield_object	-
85CEE0	data16	palDat_Weapon_Acquired_X_s_E_Spark_object	-
85CF00	data16	palDat_Weapon_Acquired_X_s_B_Cutter_object	-
85CF20	data16	palDat_Weapon_Acquired_X_s_S_Ice_object__	-
85CF40	data16	palDat_Weapon_Acquired_X_s_Homing_T_background	-
85CF60	data16	palDat_Weapon_Acquired_X_s_C_Sting_background	-
85CF80	data16	palDat_Weapon_Acquired_X_s_Storm_T_background	-
85CFA0	data16	palDat_Weapon_Acquired_X_s_Fire_W_background	-
85CFC0	data16	palDat_Weapon_Acquired_X_s_R_Shield_background	-
85CFE0	data16	palDat_Weapon_Acquired_X_s_E_Spark_background	-
85D000	data16	palDat_Weapon_Acquired_X_s_B_Cutter_background	-
85D020	data16	palDat_Weapon_Acquired_X_s_S_Ice_background	-
85D040	data16	palDat_Weapon_Acquired_R_shield_device	-
85D060	data16	palDat_Weapon_Acquired_C_Sting_device	-
85D080	data16	palDat_Weapon_Acquired_E_Spark_device	-
85D0A0	data16	palDat_Weapon_Acquired_Fire_W_device	-
85D0C0	data16	palDat_Weapon_Acquired_S_Ice_device	-
85D0E0	data16	palDat_Weapon_Acquired_Homing_T_device	-
85D100	data16	palDat_Weapon_Acquired_B_Cutter_device	-
85D120	data16	palDat_Weapon_Acquired_Storm_T_device	-
85D140	data16	palDat_Dialogue	-
85D180	data16	palDat_Sting_Chameleon_stage_main	-
85D280	data16	palDat_Armored_Armadillo_stage_main	-
85D380	data16	palDat_Flame_Mammoth_stage_main__lava	-
85D480	data16	palDat_Title_screen	-
85D520	data16	palDat_Highway_stage	-
85D620	data16	palDat_Storm_Eagle_alt___0001	-
85D640	data16	palDat_Highway_stage_alt___0002	-
85D680	data16	palDat_Highway_stage_alt___0001	-
85D6A0	data16	palDat_Large_Capcom_logo_flashing	-
85D720	data16	palDat_Launch_Octopus_stage_main	-
85D820	data16	palDat_Boss_intro_screen	-
85D8E0	data16	palDat_Launch_Octopus_alt___0002	-
85D900	data16	palDat_Launch_Octopus_cycling_water	-
85D980	data16	palDat_Launch_Octopus_alt___0004	-
85D9C0	data16	palDat_Launch_Octopus_alt___0001	-
85DA00	data16	palDat_Launch_Octopus_alt___0003	-
85DA20	data16	palDat_Stage_select_main	-
85DAC0	data16	palDat_Stage_select_map_picture	-
85DAE0	data16	palDat_Stage_select_boss_spec	-
85DB00	data16	palDat_Stage_select_Megaman_X_icon	-
85DB20	data16	palDat_Title_screen_small_Capcom_logo	-
85DB40	data16	palDat_Launch_Octopus_stage_picture	-
85DB60	data16	palDat_Armored_Armadillo_stage_picture	-
85DB80	data16	palDat_Sting_Chamleon_stage_picture	-
85DBA0	data16	palDat_Flame_Mammoth_stage_picture	-
85DBC0	data16	palDat_Storm_Eagle_stage_picture	-
85DBE0	data16	palDat_Chill_Penguin_stage_picture	-
85DC00	data16	palDat_Spark_Mandrill_stage_picture	-
85DC20	data16	palDat_Boomer_Kuwanger_stage_picture	-
85DC40	data16	palDat_Storm_Eagle_stage_main	-
85DD40	data16	palDat_Sting_Chameleon_alt___0001	-
85DE00	data16	palDat_Sting_Chameleon_alt___0002	-
85DEC0	data16	palDat_Armored_Armadillo_alt__rock__UNUSED	-
85DEE0	data16	palDat_Weapons__Password_screen	-
85DFE0	data16	palDat_Sting_Chameleon_boss_room	-
85E0A0	data16	palDat_Armored_Armadillo_alt___0001	-
85E100	data16	palDat_Armored_Armadillo_cycling_waterfall_background	-
85E160	data16	palDat_Armored_Armadillo_cycling_water_background	-
85E1E0	data16	palDat_Spark_Mandrill_stage_main	-
85E2E0	data16	palDat_Chill_Penguin_stage_main	-
85E3E0	data16	palDat_Flame_Mammoth_cycling_lava_plus_conveyor_belt	-
85E440	data16	palDat_Flame_Mammoth_alternate__0001	-
85E460	data16	palDat_Flame_Mammoth_cycling_lights_plus_lava_river	-
85E5E0	data16	palDat_Options_menu	-
85E640	data16	palDat_Boomer_Kuwanger_stage_main	-
85E740	data16	palDat_Storm_Eagle_cycling_conveyor_belt_plus_clouds	-
85E800	data16	palDat_Storm_Eagle_alternate__0002	-
85E840	data16	palDat_Storm_Eagle_cycling_light	-
85E8E0	data16	palDat_Weapon_Acquired_regular_X	-
85E900	data16	palDat_Weapon_Acquired_border	-
85E920	data16	palDat_Weapon_Acquired_flashing_device	-
85E940	data16	palDat_Chill_Penguin_alt___0001	-
85E960	data16	palDat_Chill_Penguin_alt___0002	-
85E9C0	data16	palDat_Boomer_Kuwanger_alt___0001	-
85EAC0	data16	palDat_Spark_Mandrill_cycling_yellow_electricity	-
85EB00	data16	palDat_Spark_Mandrill_cycling_green_electricity_	-
85EB60	data16	palDat_Spark_Mandrill_alt___0001	-
85EB80	data16	palDat_Spark_Mandrill_alt___0002	-
85EBC0	data16	palDat_Sigma_Stage_1_main	-
85ECC0	data16	palDat_Sigma_Stage_2_main	-
85EDC0	data16	palDat_Flame_Mammoth_stage_main__Frozen	-
85EEC0	data16	palDat_Stage_select_Sigma_icon	-
85EEE0	data16	palDat_Sigma_stage_picture	-
85EF00	data16	palDat_Sigma_Stage_3_main	-
85F000	data16	palDat_Sigma_Stage_3_cycling_water	-
85F040	data16	palDat_Sigma_Stage_3_conveyor_belt	-
85F0A0	data16	palDat_Sigma_Stage_3_alt___0001	-
85F0C0	data16	palDat_Sigma_Stage_3_D_Rex_body_flashing	-
85F0E0	data16	palDat_Sigma_Stage_4_main	-
85F1E0	data16	palDat_Boss_Intro_Sigma_symbol_fading	-
85F260	data16	palDat_Sting_Chameleon_cycling_water	-
85F2C0	data16	palDat_DUMMY_PALETTE	-
85F300	data16	palDat_Flame_Mammoth_cycling_lava_plus_conveyor_belt__Frozen	-
85F340	data16	palDat_Sigma_Stage_1_flashing_light	-
85F380	data16	palDat_Sigma_Stage_1_alt___0001	-
85F440	data16	palDat_Sigma_Stage_2_cycling_light_s	-
85F4A0	data16	palDat_Sigma_Stage_2_alt___0003	-
85F4E0	data16	palDat_Sigma_Stage_2_att___0004	-
85F500	data16	palDat_Sigma_Stage_2_alt___0001	-
85F540	data16	palDat_DUMMY_PALETTE00	-
85F580	data16	palDat_Megaman_X_specification_screen_green_outline	-
85F5A0	data16	palDat_DUMMY_PALETTE01	-
85F640	data16	palDat_Megaman_X_specification_screen_fading	-
85F6A0	data16	palDat_Megaman_X_specification_screen	-
85F6C0	data16	palDat_Spark_Mandrill_shut_off_yellow_electricity	-
85F6E0	data16	palDat_Spark_Mandrill_shut_off_green_electricity_	-
85F700	data16	palDat_Spark_Mandrill_plane_wreckage	-
85F720	data16	palDat_Sigma_Stage_1_alt___0002	-
85F740	data16	palDat_Sigma_Stage_1_alt___0003	-
85F760	data16	palDat_Sigma_Stage_1_alt___0004_8_bosses_defeated_cutscene	-
85F780	data16	palDat_Sigma_Stage_2_brightening_background	-
85F860	data16	palDat_Sigma_Stage_2_alt___0002	-
85F880	data16	palDat_Sigma_Stage_2_fade_in_boss	-
85F900	data16	palDat_Sigma_Stage_4_fade_in_boss	-
85FB00	data16	palDat_Cast_roll_fading_foreground	-
85FC60	data16	palDat_Cast_roll_fading_background	-
85FE00	data16	palDat_Dr__Light_warning_screen	-
85FE20	data16	palDat_Credits	-
85FE40	data16	palDat_Ending_cutscene	-
85FE80	data16	palDat_Ending_cutscene_flashing_cliff	-
85FF00	data16	palDat_Credits_fading	-
85FFA0	unknown	palDat_EMPTY	-
868000	data16	startupClearData	bank_86_8000
868133	data8	p_palett	-
86887C	data16	scrollValuesTitleScreen_00	-
86889A	data8	HDMA_tableTitlescreen	-
8688B0	data8	musicID_forEachStage	-
868D24	unknown	p_layout	-
868D93	data8	p_scenes	-
868E02	data8	p_blocks	-
868E71	data8	p_maps	-
868EE0	unknown	p_collis	-
868F4F	unknown	p_blayout	-
868FBE	data8	p_bscenes	-
86902D	data8	p_bblocks	-
8698C5	pointer16	ppuLoad_src2des	-
869965	data8	ppuLoad_src2des_00	-
86996D	data8	ppuLoad_src2des_01	-
86996E	data8	ppuLoad_src2des_02	-
86997D	data8	ppuLoad_src2des__06	-
86997E	data8	ppuLoad_src2des_03	-
869986	data8	ppuLoad_src2des_04	-
869987	data8	ppuLoad_src2des_titleMegaman_05	-
86998F	data8	ppuLoad_src2des_07	-
869997	data8	ppuLoad_src2des_08	-
86999F	data8	ppuLoad_src2des_tilemapTitle_09	-
8699A7	data8	ppuLoad_src2des__0a	-
8699AF	data8	ppuLoad_src2des_0b	-
8699BE	data8	ppuLoad_src2des_0c	-
8699C6	data8	ppuLoad_src2des_empty_0d	-
8699C7	data8	ppuLoad_src2des_empty_0f	-
8699C8	data8	ppuLoad_src2des_empty_0e	-
8699C9	data8	ppuLoad_src2des__10	-
8699D1	data8	ppuLoad_src2des__11	-
8699D2	data8	ppuLoad_src2des__12	-
8699E1	data8	ppuLoad_src2des__21	-
8699F0	data8	ppuLoad_src2des__22	-
8699FF	data8	ppuLoad_src2des__23	-
869A2A	data8	ppuLoad_src2des__24	-
869A39	data8	ppuLoad_src2des__25	-
869A48	data8	ppuLoad_src2des__26	-
869A65	data8	ppuLoad_src2des__27	-
869A82	data8	ppuLoad_src2des__28	-
869A83	data8	ppuLoad_src2des__29	-
869A8B	data8	ppuLoad_src2des__31	-
869A93	data8	ppuLoad_src2des__32	-
869A9B	data8	ppuLoad_src2des__33	-
869AA3	data8	ppuLoad_src2des__34	-
869AAB	data8	ppuLoad_src2des__35	-
869AB3	data8	ppuLoad_src2des_empty_36	-
869AB4	pointer16	ppuLoad_src2des__list	-
869B33	data16	stageSelect_data00	-
869B3A	data16	stageSelect_data01	-
869B41	data16	stageSelect_data02	-
869B48	data16	stageSelect_data03	-
869B4F	data16	stageSelect_data04	-
869B56	data16	stageSelect_data05	-
869B5D	data16	stageSelect_data06	-
869B64	data16	stageSelect_data07	-
869B6B	data16	stageSelect_data08	-
869B72	data16	stageSelect_data09	-
869BA1	data16	stageSelectValues	-
869C17	pointer16	stageSelect_textInfo	-
869C27	text	stageSelect_textInfo_00	-
869C74	text	stageSelect_textInfo_01	-
869CC7	text	stageSelect_textInfo_02	-
869D18	text	stageSelect_textInfo_03	-
869D65	text	stageSelect_textInfo_04	-
869DAE	text	stageSelect_textInfo_05	-
869DFF	text	stageSelect_textInfo_06	-
869E51	text	stageSelect_textInfo_07	-
86A0F3	data16	someOtherData54	-
86A5A7	text	someTextDataBase	-
86A5E4	data8	spriteID_tableHi	bank_86_A5E4
86A5E5	data8	spriteID_tableLo	-
86A780	data8	p_checkp	-
86A79B	data8	someMoreIndexValues	-
86A7F2	data8	load_mask	-
86A7F3	data8	load_tileIdx	-
86A7F4	data8	load_paletteIdx	-
86A7F5	data16	load_player_xPos	-
86A7F7	data16	load_player_yPos	-
86A7F9	data16	load_cam01_xPos	-
86A7FB	data16	load_cam01_yPos	-
86A7FD	data16	load_cam02_xPos	-
86A7FF	data16	load_cam02_yPos	-
86A801	data16	load_border_Left	-
86A803	data16	load_border_Right	-
86A805	data16	load_border_Top	-
86A807	data16	load_border_Bottom	-
86A809	data16	load_force_XPos	-
86A80B	data16	load_force_YPos	-
86A80D	data8	load_BG_effect	-
86A80E	data8	load_teleporDistance	-
86A80F	unknown	loadinPoint_2_Highway_stage	-
86A82C	unknown	loadinPoint_3_Highway_stage	-
86A849	unknown	loadinPoint_4_SPECIAL_Cast_roll	-
86A866	unknown	loadinPoint_1_Launch_Octopus	-
86A883	unknown	loadinPoint_2_Launch_Octopus	-
86A8A0	unknown	loadinPoint_3_Launch_Octopus	-
86A8BD	unknown	loadinPoint_1_Sting_Chameleon	-
86A8DA	unknown	loadinPoint_2_Sting_Chameleon	-
86A8F7	unknown	loadinPoint_3_Sting_Chameleon	-
86A914	data8	loadinPoint_1_Armored_Armadillo	-
86A931	unknown	loadinPoint_2_Armored_Armadillo	-
86A94E	unknown	loadinPoint_3_Armored_Armadillo	-
86A96B	unknown	loadinPoint_1_Flame_Mammoth	-
86A988	unknown	loadinPoint_2_Flame_Mammoth	-
86A9A5	unknown	loadinPoint_3_Flame_Mammoth	-
86A9C2	unknown	loadinPoint_1_Storm_Eagle	-
86A9DF	unknown	loadinPoint_2_Storm_Eagle	-
86A9FC	unknown	loadinPoint_3_Storm_Eagle	-
86AA19	unknown	loadinPoint_1_Spark_Mandrill	-
86AA36	unknown	loadinPoint_2_Spark_Mandrill	-
86AA53	unknown	loadinPoint_3_Spark_Mandrill	-
86AA70	unknown	loadinPoint_1_Boomer_Kuwanger	-
86AA8D	unknown	loadinPoint_2_Boomer_Kuwanger	-
86AAAA	unknown	loadinPoint_3_Boomer_Kuwanger	-
86AAC7	unknown	loadinPoint_1_Chill_Penguin	-
86AAE4	unknown	loadinPoint_2_Chill_Penguin	-
86AB01	unknown	loadinPoint_3_Chill_Penguin	-
86AB1E	unknown	loadinPoint_1_Sigma_stage_1	-
86AB3B	unknown	loadinPoint_2_Sigma_stage_1	-
86AB58	unknown	loadinPoint_3_Sigma_stage_1	-
86AB75	unknown	loadinPoint_4_SPECIAL_8_bosses_defeated_cutscene	-
86AB92	unknown	loadinPoint_5_Sigma_stage_1	-
86ABAF	unknown	loadinPoint_1_Sigma_stage_2	-
86ABCC	unknown	loadinPoint_2_Sigma_stage_2	-
86ABE9	unknown	loadinPoint_3_Sigma_stage_2	-
86AC06	unknown	loadinPoint_4_Sigma_stage_2	-
86AC23	unknown	loadinPoint_1_Sigma_stage_3	-
86AC40	unknown	loadinPoint_2_Sigma_stage_3	-
86AC5D	unknown	loadinPoint_3_Sigma_stage_3	-
86AC7A	unknown	loadinPoint_4_Sigma_stage_3	-
86AC97	unknown	loadinPoint_5_Sigma_stage_3	-
86ACB4	unknown	loadinPoint_6_Sigma_stage_3	-
86ACD1	unknown	loadinPoint_1_Sigma_stage_4	-
86ACEE	data16	p_gfxobj	-
86ACF1	data16	p_gfxpal	-
86B9B1	data16	player_xSpd_action	-
86B9B3	data16	player_ySpd_action	-
86B9B5	data16	player_weight_action	-
86BA7A	data8	projectileChargeChoose	-
86BD24	data8	PWupgradeBit2UpgradBase	-
86BD27	data8	PWupgradeBit2UpgradArmor_00	-
86BD30	data8	PWupgradeBit2Upgrad_01	-
86BD3C	data8	PWupgradeBit2Upgrad_02	-
86BD48	data8	PWupgradeBit2Upgrad_03	-
86BD54	data8	PWupgradeBit2Upgrad_04	-
86BD60	data8	donnoWhatThisIs	-
86BE39	data8	iceShot_data_00	-
86C787	unknown	menu_pressLeftRight	-
86CB6A	data16	amenHopper_20_data_20	-
86CB74	data16	data_21	-
86CBF8	data8	beeBladerRNGstateTable	-
86CC18	data8	beeBladerHitBoxValues	-
86CC22	data8	beeBlader_xSpdSub	-
86CC24	data8	beeBlader_ySpdSub	-
86D176	unknown	BoxFace_3c_subID	-
86D362	data8	upgradeCabsleIndexValues	-
86D3CD	unknown	CruizilerLightning_4e_subID	-
86D3D5	data8	CruizilerLightning_upgradeChecks	-
86D3F8	data16	hitBoxBunny_00	-
86D3FD	data16	hitBoxBunny_01	-
86D402	data16	hitBoxBunny_02	-
86D6F1	unknown	p_capsulepos	-
86DCDF	unknown	someEventDate	-
86E4BC	data16	shootSpriteStuff	-
86E4E2	pointer16	some_C_table	-
86E4FC	pointer16	some_C_00	-
86E504	pointer16	some_C_01	-
86E514	pointer16	some_C_02	-
86E52A	pointer16	some_C_03	-
86E55C	pointer16	some_C_04	-
86E574	pointer16	some_C_05	-
86E58A	pointer16	some_C_06	-
86E5AC	pointer16	some_C_07	-
86E5C8	pointer16	some_C_08	-
86E5EC	pointer16	some_C_09	-
86E60A	pointer16	some_C_0a	-
86E622	pointer16	some_C_0b	-
86E644	pointer16	some_C_0c	-
86EF37	data16	weaponDamage_index	-
86EF5F	data8	weaponDamage_ff	-
86EF7D	data8	weaponDamage_00	-
86EF9B	data8	weaponDamage_01	-
86EFB9	data8	weaponDamage_02	-
86EFD7	data8	weaponDamage_03	-
86EFF5	data8	weaponDamage_04	-
86F013	data8	weaponDamage_05	-
86F031	data8	weaponDamage_06	-
86F04F	data8	weaponDamage_07	-
86F06D	data8	weaponDamage_08	-
86F08B	data8	weaponDamage_09	-
86F0A9	data8	weaponDamage_0a	-
86F0C7	data8	weaponDamage_0b	-
86F0E5	data8	weaponDamage_0c	-
86F103	data8	weaponDamage_0d	-
86F121	data8	weaponDamage_0e	-
86F13F	data8	weaponDamage_0f	-
86F15D	data8	weaponDamage_10	-
86F17B	data8	weaponDamage_11	-
86F199	data8	weaponDamage_12	-
86F1B7	data16	baseTable_GFXload00	-
86F381	data16	baseTable_GFXload01	-
86F52D	data8	someSortCharacterTable	-
86F56F	pointer16	mainGFX_load	-
86F5E7	data16	GFXload_00	-
86F5F1	data16	GFXload_01	-
86F5F7	data16	GFXload_02	-
86F5FD	data16	GFXload_03	-
86F603	data16	GFXload_04	-
86F609	data16	GFXload_05	-
86F60F	data16	GFXload_06	-
86F615	data16	GFXload_07	-
86F61B	data16	GFXload_08	-
86F621	data16	GFXload_09	-
86F627	data16	GFXload_0a	-
86F62D	data16	GFXload_0b	-
86F633	data16	GFXload_0c	-
86F639	data16	GFXload_0d	-
86F63F	data16	GFXload_0e	-
86F645	data16	GFXload_0f	-
86F64F	data16	GFXload_10	-
86F655	data16	GFXload_11	-
86F65B	data16	GFXload_12	-
86F661	data16	GFXload_13	-
86F667	data16	GFXload_14	-
86F66D	data16	GFXload_15	-
86F673	data16	GFXload_17	-
86F679	data16	GFXload_16	-
86F67F	data16	GFXload_18	-
86F685	data16	GFXload_19	-
86F68B	data16	GFXload_1a	-
86F691	data16	GFXload_1b	-
86F697	data16	GFXload_1c	-
86F69D	data16	GFXload_1d	-
86F6A3	data16	GFXload_1e	-
86F6A9	data16	GFXload_1f	-
86F6AF	data16	GFXload_20	-
86F6B5	data16	GFXload_21	-
86F6BB	data16	GFXload_22	-
86F6C1	data16	GFXload_23	-
86F6C7	data16	GFXload_24	-
86F6CD	data16	GFXload_25	-
86F6D3	data16	GFXload_26	-
86F6D9	data16	GFXload_27	-
86F6DF	data16	GFXload_28	-
86F6E5	data16	GFXload_29	-
86F6EB	data16	GFXload_2a	-
86F6F1	data16	GFXload_2b	-
86F6F7	data16	mainGFXloadBase	-
86F6F9	pointer24	mainGFXloadBase_srcAddr	-
86F6FB	pointer24	mainGFXloadBase_srcBank	-
878236	opcode	weapon__02	-
8782CC	opcode	weapon__03	-
878A7E	opcode	eventID_flammingle_04_main	-
878A83	pointer16	flammingle_state	-
878A8B	opcode	flammingle_state_00	-
8791A7	opcode	eventID_mammoth_0c_main	-
8791B0	pointer16	mammoth_0c_state	-
8791BA	opcode	mammoth_0c_state_00	-
879794	opcode	eventID_floatPlatform_16_main	bank_87_9794
8797AA	pointer16	floatPlatform_16_state	-
8797B0	opcode	floatPlatform_16_state_00	-
879944	opcode	eventID_turnCanon_17_main	-
87997F	pointer16	turnCanon_17_state	-
879987	opcode	turnCanon_17_state_00	-
879B70	opcode	eventID_utuborosBrokHead_2a_main	-
879BDF	pointer16	utuborosBrokHead_2a_state	-
879BEB	opcode	utuborosBrokHead_2a_state_00	-
87A07F	opcode	eventID_batBone_2d_main	-
87A105	pointer16	batBone_2d_state	-
87A10D	opcode	batBone_2d_state_00	-
87A45F	opcode	eventID_hotarion_37_main	-
87A4CE	pointer16	hotarion_37_state	-
87A4D2	opcode	hotarion_37_state_00	-
87A9DF	opcode	eventID_ladderJadder_3b_main	-
87A9E4	pointer16	ladderJadder_3b_state	-
87A9EA	opcode	ladderJadder_3b_state_00	-
87ABA3	opcode	eventID_textBoxFace_3c_main	-
87ABA8	pointer16	textBoxFace_3c_state	-
87ABAE	opcode	textBoxFace_3c_state_00	bank_87_ABAE
87ADD8	opcode	eventID_towerElevator_3d_main	bank_87_ADD8
87AE1B	pointer16	towerElevator_action	-
87AE21	opcode	towerElevator_action_00	-
87AF5D	opcode	eventID_tomBotGen_3e_main	-
87AFA5	pointer16	tomBotGen_3e_state	-
87AFB1	opcode	tomBotGen_3e_state_00	-
87B216	opcode	eventID_slidePlatform_3f_main	-
87B279	pointer16	slidePlatform_3f_state	-
87B283	opcode	slidePlatform_3f_state_00	-
87B443	opcode	eventID_spring_40_main	-
87B45B	pointer16	spring_40_state	-
87B461	opcode	spring_40_state_00	-
87B542	opcode	eventID_breakableGlass_41_main	-
87B808	opcode	eventID_laser_42_main	-
87B81C	pointer16	laser_42_state	-
87B91C	opcode	eventID_4WayLaser_43_main	bank_87_B91C
87B930	pointer16	way4Laser_43_state	-
87B936	opcode	way4Laser_43_state_00	-
87BA72	opcode	eventID_laserTrap_44_main	bank_87_BA72
87BAA4	pointer16	laserTrap_44_state	-
87BAAC	opcode	laserTrap_44_state_00	-
87BBBE	opcode	eventID_sparkGen_45_main	-
87BC0D	pointer16	sparkGen_45_state	-
87BC13	opcode	sparkGen_45_state_00	-
87BC8B	opcode	eventID_airPortGasTank_46_main	-
87BCCC	pointer16	airPortGasTank_46_action	-
87BD70	opcode	eventID_flamePillar_47_main	-
87C07A	opcode	eventID_deathRogumerPlatform_48_main	bank_87_C07A
87C07F	pointer16	deathRogumerPlatform_48_state	-
87C085	opcode	deathRogumerPlatform_48_state_00	-
87C387	opcode	eventID_skyClaw_49_main	-
87C38C	pointer16	skyClaw_49_state	-
87C392	opcode	skyClaw_49_state_00	-
87C70A	opcode	eventID_CruizilerExpload_4a_main	-
87C75E	opcode	eventID_CruizilerMissle_4b_main	-
87C763	pointer16	CruizilerMissle_4b__state	-
87C769	opcode	CruizilerMissle_4b_state_00	-
87C994	opcode	eventID_lavaDrip_4c_main	-
87C9AC	pointer16	lavaDrip_4c_state	-
87C9B4	opcode	lavaDrip_4c_state_00	-
87CA7B	opcode	eventID_lightCapsule_4d_main	-
87CA80	pointer16	lightCapsule_4d_state	-
87CA86	opcode	lightCapsule_4d_state_00	-
87CB16	opcode	lightCapsule_4d_state_01	-
87CB60	pointer16	capsle_4d_ActionTable	-
87CB6A	opcode	capsle_4d_ActionTable_00	-
87CBBB	opcode	capsle_4d_ActionTable_01	-
87CC2A	opcode	capsle_4d_ActionTable_02	-
87CC84	opcode	capsle_4d_ActionTable_text_03	-
87CCB2	opcode	capsle_4d_ActionTable_beamUpgrade_04	-
87CCB7	pointer16	capsle_4d_do_beamUpgrade	-
87CCC9	opcode	capsle_4d_do_beamUpgrade_00	-
87CD24	opcode	capsle_4d_do_beamUpgrade_01	-
87CD49	opcode	capsle_4d_do_beamUpgrade_02	-
87CD6B	opcode	capsle_4d_do_beamUpgrade_03	-
87CD9B	opcode	capsle_4d_do_beamUpgrade_04	-
87CDAD	opcode	capsle_4d_do_beamUpgrade_05	-
87CDBE	opcode	capsle_4d_do_beamUpgrade_06	-
87CDED	opcode	capsle_4d_do_beamUpgrade_07	-
87CE40	opcode	capsle_4d_do_beamUpgrade_08	-
87CE4F	opcode	lightCapsule_4d_state_despawn_02	-
87CECD	opcode	givePlayerCurrentArmor	-
87D012	opcode	eventID_CruizilerLightning_4e_main	-
87D017	pointer16	CruizilerLightning_4e_state	-
87D01D	opcode	CruizilerLightning_4e_state_00	bank_87_D01D
87D0BD	opcode	lightningCapsle_4e_subIDs	-
87D0C4	pointer16	lightningCapsle_4e_subID	-
87D0CC	opcode	lightningCapsle_4e_subID_00	-
87D0D2	opcode	lightningCapsle_4e_subID_01	-
87D0F1	opcode	lightningCapsle_4e_subID_02	-
87D105	opcode	lightningCapsle_4e_subID_03	-
87D119	opcode	eventID_rollingGabyool_4f_main	-
87D173	pointer16	rollingGabyool_state	-
87D179	opcode	rollingGabyool_state_00	-
87D3AF	opcode	eventID_rogumerCanon_50_main	-
87D3FF	pointer16	rogumerCanon_50_state	-
87D405	opcode	rogumerCanon_50_state_00	-
87D607	opcode	eventID_rayBit_bunny_51_main	-
87D649	pointer16	rayBit_bunny_state	-
87D651	opcode	rayBit_bunny_state_00	-
87D698	opcode	rayBit_bunny_state_01	-
87D6F6	opcode	rayBit_bunny_state_02	-
87D748	opcode	rayBit_bunny_state_03	-
87D7F7	opcode	bunnyShotInit	bank_87_D7F7
87D85C	opcode	eventID_stormEagle_52_main	-
87D861	pointer16	stormEagle_52_state	-
87D869	opcode	stormEagle_52_state_00	-
87DE93	opcode	eventID_snowShooter_53_main	-
87DEF9	pointer16	snowShooter_53_state	-
87DEFF	opcode	snowShooter_53_state_00	-
87E037	opcode	eventID_snowBall_54_main	-
87E040	pointer16	snowBall_54_state	-
87E046	opcode	snowBall_54_state_00	-
87E23A	opcode	eventID_stormEagleEgg_55_main	-
87E2B9	opcode	eventID_stormEagle_56_main	-
87E2BE	pointer16	stormEagle_56_state	-
87E2C4	opcode	stormEagle_56_state_00	-
87E354	opcode	eventID_igloo_57_main	-
87E38D	pointer16	igloo_57_state	-
87E397	opcode	igloo_57_state_00	-
87E547	opcode	eventID__58_main	-
87E58B	pointer16	eventID__58_state	-
87E591	opcode	eventID__58_state_00	-
87E7D4	opcode	eventID_longPillar_59_main	-
87E801	pointer16	longPillar_59_state	-
87E813	opcode	longPillar_59_state_00	-
87EB09	opcode	eventID__5a_main	-
87EB33	pointer16	eventID__5a_state	-
87EBFE	opcode	eventID_megaTortoise_5b_main	-
87EC32	pointer16	megaTortoise_5b_state	-
87EC3A	opcode	megaTortoise_5b_state_00	-
87ED8D	opcode	eventID_sigmaHead_64_main	-
87ED92	pointer16	sigmaHead_64_state	-
87ED9A	opcode	sigmaHead_64_state_00	-
8868B0	external	music_Highway_stage_music	-
8868B1	external	music_Launch_Octopus_stage_music	-
8868B2	external	music_Sting_Chameleon_stage_music	-
8868B3	external	music_Armored_Armadillo_stage_music	-
8868B4	external	music_Flame_Mammoth_stage_music	-
8868B5	external	music_Storm_Eagle_stage_music	-
8868B6	external	music_Spark_Mandrill_stage_music	-
8868B7	external	music_Boomer_Kuwanger_stage_music	-
8868B8	external	music_Chill_Penguin_stage_music	-
8868B9	external	music_Sigma_stage_1_music	-
8868BA	external	music_Sigma_stage_2_music	-
8868BB	external	music_Sigma_stage_3_music	-
8868BC	external	music_Sigma_stage_4_music	-
88853E	opcode	eventID_stingCameleon_0a_main	-
888543	pointer16	stingCameleon_0a_state	-
88854B	opcode	stingCameleon_0a_state00	-
8885F0	opcode	stingCameleon_0a_state01	-
88870A	opcode	stingCameleon_0a_state02	-
888CF3	opcode	stingCameleon_0a_explosion_state03	-
888F2A	opcode	eventID_rushRoader_0d_main	-
888F3C	pointer16	rushRoader_0d_state	-
888F42	opcode	rushRoader_0d_state_00	-
8893A4	opcode	eventID_roadAttackDeploy_1a_main	-
8893A9	pointer16	roadAttackDeploy_state	-
8893AF	opcode	roadAttackDeploy_state_00	-
8893B4	pointer16	roadAttackDeploy_action	-
8893BA	opcode	roadAttackDeploy_action_00	-
8897BA	opcode	eventID_mineCart_2b_main	bank_88_97BA
8897BF	pointer16	mineCart_2b_state	-
8897C5	opcode	mineCart_2b_state_00	-
889BE1	opcode	eventID_sparkMandrill_31_main	-
889BE6	pointer16	sparkMandrill_31_state	-
889BEE	opcode	sparkMandrill_31_state_00	-
889C5C	opcode	sparkMandrill_31_state_01	-
889C61	pointer16	mandrill_action	-
889C6F	opcode	mandrill_action_00	-
889C84	opcode	mandrill_action_01	-
889CB7	opcode	mandrill_action_02	-
889CE5	opcode	mandrill_action_03	-
889D05	opcode	mandrill_action_04	-
889D15	opcode	mandrill_action_05	-
889D3C	opcode	mandrill_action_06	-
889D6E	opcode	sparkMandrill_31_state_02	-
889E2C	pointer16	mandrill_state2_jumping	-
889E3D	pointer16	mandrill_state2_jumpNormal_do	-
889F24	opcode	mandrill_does_wireJump	-
889F29	pointer16	mandrill_do_wire	-
889F37	opcode	mandrill_do_wire_00	-
889F59	opcode	mandrill_do_wire_01	-
889F7A	opcode	mandrill_do_wire_02	-
889F8D	opcode	mandrill_do_wire_03	-
88A002	opcode	mandrill_do_wire_04	-
88A032	opcode	mandrill_do_wire_05	-
88A049	opcode	mandrill_do_wire_06	-
88A16E	opcode	mandrill_does_jump	-
88A173	pointer16	mandrill_do	-
88A17D	opcode	mandrill_do_jumpNormal_00	-
88A1A3	opcode	mandrill_do_01	-
88A1B4	opcode	mandrill_do_02	-
88A1E4	opcode	mandrill_do_03	-
88A1FB	opcode	mandrill_do_04	-
88A334	opcode	sparkMandrill_31_state_03	-
88A382	opcode	eventID_zero_33_main	-
88A394	pointer16	zero_33_state	-
88A39C	opcode	zero_33_state_00	-
88A793	opcode	eventID_rangdaBangdaWall_5c_main	-
88A798	pointer16	rangdaBangdaWall_5c_state	-
88A79E	opcode	rangdaBangdaWall_5c_state_00	-
88A985	opcode	eventID_rangdaBangdaEye_5d_main	-
88A98A	pointer16	rangdaBangdaEye_5d_state	-
88A990	opcode	rangdaBangdaEye_5d_state_00	-
88A995	pointer16	rangdaBangdaEye_5d_action	-
88A9A1	opcode	rangdaBangdaEye_5d_action_00	-
88AE0B	opcode	eventID_rangdaBangdaMouth_5e_main	-
88AE10	pointer16	rangdaBangdaMouth_5e_state	-
88AE16	opcode	rangdaBangdaMouth_5e_state_00	-
88B216	opcode	eventID_rangdaBangdaWallSide_5f_main	-
88B21B	pointer16	rangdaBangdaWallSide_5f_state	-
88B221	opcode	rangdaBangdaWallSide_5f_state_00	-
88B452	opcode	eventID_rexHead_60_main	-
88B457	pointer16	rexHead_60_state	-
88B45D	opcode	rexHead_60_state_00	-
88B689	opcode	eventID_rexBase_61_main	-
88B68E	pointer16	rexBase_61_state	-
88B694	opcode	rexBase_61_state_00	-
88BF48	opcode	eventID_spiderBoss_62_main	-
88BF4D	pointer16	spiderBoss_62_state	-
88BF53	opcode	spiderBoss_62_state_00	-
88BF58	pointer16	spiderBoss_62_action	-
88BF5E	opcode	spiderBoss_62_action_00	-
88C3B2	opcode	eventID_zeroStage1_65_main	-
88C3B7	pointer16	zeroStage1_65_state	-
88C3CB	opcode	zeroStage1_65_state_00	-
88C48B	opcode	lastBossSpawnDog_action	-
88C490	pointer16	lastBossDogAction	-
88C498	opcode	lastBossDogActionSpawn_00	-
88C4CF	opcode	lastBossDogAction_01	-
88C53B	opcode	lastBossDog_decend_Action_02	-
88C555	opcode	lastBossDogAction_text_03	-
88D1B8	opcode	eventID_VileMech_66_main	-
88D1CA	pointer16	VileMech_66_state	-
88D1D0	opcode	VileMech_66_state_00	-
88D8A9	opcode	eventID_vile_68_main	-
88D8BC	pointer16	eventID_vile_68_state	-
88D8C0	opcode	eventID_vile_68_state_00	-
88D942	opcode	eventID_vileFinalForm_6a_main	-
88D9B1	pointer16	vileFinalForm_6a_state	-
88D9BB	opcode	vileFinalForm_6a_state_00	-
88DADA	opcode	eventID_wallCreeper_69_main	-
88DADF	pointer16	wallCreeper_69_state	-
88DAE7	opcode	wallCreeper_69_state_00	-
88E546	opcode	eventID__6b_main	-
88E54B	pointer16	eventID__6b_state	-
88E557	opcode	eventID__6b_state_00	-
89805D	data8	titleScreenData_00	-
8980C0	data8	titleScreenData_01	-
8980C6	data8	titleScreenData_02	-
8980CC	data8	titleScreenData_03	-
8980D2	data8	titleScreenData_04	-
8B93DD	data8	titleScreenMusicData_04	-
8BC88F	data8	titleScreenMusicData_03	-
8BF3A4	data8	titleScreenMusicData_00	-
8C8229	data16	titleScreenMusicData_01	-
8CD000	graphics	gfx_megaman_main_68	-
8CD180	graphics	gfx_mm__69	-
8CD300	graphics	gfx_mm__6a	-
8CD500	graphics	gfx_mm__6b	-
8CD660	graphics	gfx_mm__74	-
8CD820	graphics	gfx_mm__75	-
8CD960	graphics	gfx_mm__78	-
8CDB00	graphics	gfx_mm__79	-
8CDCA0	graphics	gfx_mm__7a	-
8CDE60	graphics	gfx_mm__7b	-
8D8000	pointer24	mainListSprite	bank_8D_8000
8D8210	pointer24	spriteList__00	-
8D830F	pointer24	spriteList__01	-
8D8324	pointer24	spriteList__02	-
8D8363	pointer24	spriteList__03	-
8D8390	pointer24	spriteList__04	-
8D839F	pointer24	spriteList__05	-
8D83BA	pointer24	spriteList__06	-
8D84A4	pointer24	spriteList__07	-
8D84B9	pointer24	spriteList__08	-
8D84E3	pointer24	spriteList__09	-
8D8528	pointer24	spriteList__0A	-
8D8579	pointer24	spriteList__0B	-
8D85AF	pointer24	spriteList__0C	-
8D85D6	pointer24	spriteList__0D	-
8D8606	pointer24	spriteList__0E	-
8D8645	pointer24	spriteList__0F	-
8D8678	pointer24	spriteList__10	-
8D86A8	pointer24	spriteList__11	-
8D86BD	pointer24	spriteList__12	-
8D86DB	pointer24	spriteList__13	-
8D8726	pointer24	spriteList__14	-
8D8735	pointer24	spriteList__15	-
8D874D	pointer24	spriteList__16	-
8D878F	pointer24	spriteList__17	-
8D87EF	pointer24	spriteList__18	-
8D88EE	pointer24	spriteList__19	-
8D8918	pointer24	spriteList__1A	-
8D8948	pointer24	spriteList__1B	-
8D8963	pointer24	spriteList__1C	-
8D898D	pointer24	spriteList__1D	-
8D89AB	pointer24	spriteList__1E	-
8D8A05	pointer24	spriteList__1F	-
8D8A74	pointer24	spriteList__20	-
8D8AC5	pointer24	spriteList__21	-
8D8AC8	pointer24	spriteList__22	-
8D8B25	pointer24	spriteList__23	-
8D8BBB	pointer24	spriteList__24	-
8D8BE5	pointer24	spriteList__25	-
8D8C03	pointer24	spriteList__26	-
8D8C2D	pointer24	spriteList__27	-
8D8C51	pointer24	spriteList__28	-
8D8C7B	pointer24	spriteList__29	-
8D8C99	pointer24	spriteList__2A	-
8D8CF3	pointer24	spriteList__2B	-
8D8D38	pointer24	spriteList__2C	-
8D8D71	pointer24	spriteList__2D	-
8D8D9B	pointer24	spriteList__2E	-
8D8DE0	pointer24	spriteList__2F	-
8D8E19	pointer24	spriteList__30	-
8D8E58	pointer24	spriteList__31	-
8D8EDC	pointer24	spriteList__32	-
8D8F1E	pointer24	spriteList__33	-
8D8FE7	pointer24	spriteList__34	-
8D9026	pointer24	spriteList__35	-
8D9080	pointer24	spriteList__36	-
8D9098	pointer24	spriteList__37	-
8D90A4	pointer24	spriteList__38	-
8D90B0	pointer24	spriteList__39	-
8D90C2	pointer24	spriteList__3A	-
8D90C8	pointer24	spriteList__3B	-
8D90CE	pointer24	spriteList__3C	-
8D90D7	pointer24	spriteList__3D	-
8D9131	pointer24	spriteList__3E	-
8D91B8	pointer24	spriteList__3F	-
8D91D6	pointer24	spriteList__40	-
8D91F4	pointer24	spriteList__41	-
8D9242	pointer24	spriteList__42	-
8D927B	pointer24	spriteList__43	-
8D92A2	pointer24	spriteList__44	-
8D92BA	pointer24	spriteList__45	-
8D92CF	pointer24	spriteList__46	-
8D92E1	pointer24	spriteList__47	-
8D9308	pointer24	spriteList__48	-
8D9317	pointer24	spriteList__49	-
8D932C	pointer24	spriteList__4A	-
8D93C2	pointer24	spriteList__4B	-
8D93E9	pointer24	spriteList__4C	-
8D940A	pointer24	spriteList__4D	-
8D9422	pointer24	spriteList__4E	-
8D944C	pointer24	spriteList__4F	-
8D9500	pointer24	spriteList__50	-
8D9530	pointer24	spriteList__51	-
8D9533	pointer24	spriteList__52	-
8D95F9	pointer24	spriteList__53	-
8D9662	pointer24	spriteList__54	-
8D9677	pointer24	spriteList__55	-
8D96A1	pointer24	spriteList__56	-
8D96B9	pointer24	spriteList__57	-
8D96FE	pointer24	spriteList__58	-
8D970D	pointer24	spriteList__59	-
8D972B	pointer24	spriteList__5A	-
8D974C	pointer24	spriteList__5B	-
8D9764	pointer24	spriteList__5C	-
8D979D	pointer24	spriteList__5D	-
8D989C	pointer24	spriteList__5E	-
8D999B	pointer24	spriteList__5F	-
8D9A9A	pointer24	spriteList__60	-
8D9ABE	pointer24	spriteList__61	-
8D9B1E	pointer24	spriteList__62	-
8D9B81	pointer24	spriteList__63	-
8D9BB4	pointer24	spriteList__64	-
8D9BFC	pointer24	spriteList__65	-
8D9C47	pointer24	spriteList__66	-
8D9C56	pointer24	spriteList__67	-
8D9CD7	pointer24	spriteList__68	-
8D9CE6	pointer24	spriteList__69	-
8D9D04	pointer24	spriteList__6A	-
8D9D49	pointer24	spriteList__6B	-
8D9D8E	pointer24	spriteList__6C	-
8D9DD3	pointer24	spriteList__6D	-
8D9E18	pointer24	spriteList__6E	-
8D9E5D	pointer24	spriteList__6F	-
8D9E9F	pointer24	spriteList__70	-
8D9EE4	pointer24	spriteList__71	-
8D9F26	pointer24	spriteList__72	-
8D9F41	pointer24	spriteList__73	-
8D9F65	pointer24	spriteList__74	-
8D9F9E	pointer24	spriteList__75	-
8DA01F	pointer24	spriteList__76	-
8DA136	pointer24	spriteList__77	-
8DA166	pointer24	spriteList__78	-
8DA181	pointer24	spriteList__79	-
8DA18D	pointer24	spriteList__7A	-
8DA1B1	pointer24	spriteList__7B	-
8DA1B4	pointer24	spriteList__7C	-
8DA1BD	pointer24	spriteList__7D	-
8DA1E4	pointer24	spriteList__7E	-
8DA20B	pointer24	spriteList__7F	-
8DA217	pointer24	spriteList__80	-
8DA244	pointer24	spriteList__81	-
8DA25C	pointer24	spriteList__82	-
8DA2B6	pointer24	spriteList__83	-
8DA2BF	pointer24	spriteList__84	-
8DA2D4	pointer24	spriteList__85	-
8DA2F8	pointer24	spriteList__86	-
8DA304	pointer24	spriteList__87	-
8DA364	pointer24	spriteList__88	-
8DA385	pointer24	spriteList__89	-
8DA3D9	pointer24	spriteList__8A	-
8DA43F	pointer24	spriteList__8B	-
8DA469	pointer24	spriteList__8C	-
8DA4A5	pointer24	spriteList__8D	-
8DA4D2	pointer24	spriteList__8E	-
8DA4F3	pointer24	spriteList__8F	-
8DA50B	pointer24	spriteList__90	-
8DA51D	pointer24	spriteList__91	-
8DA57A	pointer24	spriteList__92	-
8DA59B	pointer24	spriteList__93	-
8DA5CB	pointer24	spriteList__94	-
8DA5E6	pointer24	spriteList__95	-
8DA60A	pointer24	spriteList__96	-
8DA610	pointer24	spriteList__97	-
8DA640	pointer24	spriteList__98	-
8DA676	pointer24	spriteList__99	-
8DA6F4	pointer24	spriteList__9A	-
8DA715	pointer24	spriteList__9B	-
8DA772	pointer24	spriteList__9C	-
8DA77E	pointer24	spriteList__9D	-
8DA7BD	pointer24	spriteList__9E	-
8DA7E1	pointer24	spriteList__9F	-
8DA823	pointer24	spriteList__A0	-
8DA86E	pointer24	spriteList__A1	-
8DA8B9	pointer24	spriteList__A2	-
8DA8BF	pointer24	spriteList__A3	-
8DA8CB	pointer24	spriteList__A4	-
8DA8DA	pointer24	spriteList__A5	-
8DA8E9	pointer24	spriteList__A6	-
8DA8F8	pointer24	spriteList__A7	-
8DA907	pointer24	spriteList__A8	-
8DA967	pointer24	spriteList__A9	-
8DA988	pointer24	spriteList__AA	-
8DA99A	pointer24	spriteList__AB	-
8DA9AC	pointer24	spriteList__AC	-
8DA9CD	pointer24	spriteList__AD	-
8DAA33	pointer24	spriteList__AE	-
8DAA48	pointer24	spriteList__AF	-
8DAA57	data8	sprite_megamanIdle_0000	-
8DAA78	data8	sprite_megamanIdle_0001	-
8DAA9D	data8	sprite_megamanIdle_0002	-
8DAAC2	data8	sprite_megamanWalk_0003	-
8DAAD7	data8	sprite__0004	-
8DAAEC	data8	sprite__0005	-
8DAB05	data8	sprite__0006	-
8DAB2A	data8	sprite__0007	-
8DAB47	data8	sprite__0008	-
8DAB5C	data8	sprite__0009	-
8DAB81	data8	sprite__000A	-
8DABAA	data8	sprite__000B	-
8DABCF	data8	sprite__000C	-
8DABF8	data8	sprite__000D	-
8DAC0D	data8	sprite__000E	-
8DAC2A	data8	sprite__000F	-
8DAC4B	data8	sprite__0010	-
8DAC64	data8	sprite__0011	-
8DAC85	data8	sprite__0012	-
8DACA2	data8	sprite__0013	-
8DACCB	data8	sprite__0014	-
8DACE8	data8	sprite__0015	-
8DAD01	data8	sprite__0016	-
8DAD22	data8	sprite__0017	-
8DAD3F	data8	sprite__0018	-
8DAD60	data8	sprite__0019	-
8DAD89	data8	sprite__001A	-
8DADAA	data8	sprite__001B	-
8DADD3	data8	sprite__001C	-
8DAE00	data8	sprite__001D	-
8DAE21	data8	sprite__001E	-
8DAE46	data8	sprite__001F	-
8DAE6B	data8	sprite__0020	-
8DAE88	data8	sprite__0021	-
8DAEAD	data8	sprite__0022	-
8DAEDA	data8	sprite__0023	-
8DAEFF	data8	sprite__0024	-
8DAF30	data8	sprite__0025	-
8DAF61	data8	sprite__0026	-
8DAF82	data8	sprite__0027	-
8DAFAF	data8	sprite__0028	-
8DAFE0	data8	sprite__0029	-
8DB001	data8	sprite__002A	-
8DB036	data8	sprite__002B	-
8DB057	data8	sprite__002C	-
8DB084	data8	sprite__002D	-
8DB0B1	data8	sprite__002E	-
8DB0D2	data8	sprite__002F	-
8DB107	data8	sprite__0030	-
8DB128	data8	sprite__0031	-
8DB145	data8	sprite__0032	-
8DB162	data8	sprite__0033	-
8DB187	data8	sprite__0034	-
8DB1AC	data8	sprite__022A	-
8DB1C5	data8	sprite__0036	-
8DB1DA	data8	sprite__0037	-
8DB1EB	data8	sprite__003B	-
8DB1F0	data8	sprite__0039	-
8DB209	data8	sprite__003A	-
8DB222	data8	sprite__0231	-
8DB23B	data8	sprite__0232	-
8DB258	data8	sprite__003E	-
8DB275	data8	sprite__003F	-
8DB2AE	data8	sprite__0040	-
8DB2E7	data8	sprite__0041	-
8DB33C	data8	sprite__0042	-
8DB3A9	data8	sprite__0043	-
8DB3CA	data8	sprite__0044	-
8DB3DB	data8	sprite__0045	-
8DB3F0	data8	sprite__0046	-
8DB405	data8	sprite__0047	-
8DB416	data8	sprite__0048	-
8DB437	data8	sprite__0049	-
8DB44C	data8	sprite__004A	-
8DB45D	data8	sprite__004B	-
8DB47A	data8	sprite__004C	-
8DB497	data8	sprite__004D	-
8DB4AC	data8	sprite__004E	-
8DB4C5	data8	sprite__0244	-
8DB4FA	data8	sprite__0050	-
8DB51F	data8	sprite__0051	-
8DB544	data8	sprite__07D6	-
8DB549	data8	sprite__0053	-
8DB54E	data8	sprite__0055	-
8DB573	data8	sprite__0056	-
8DB598	data8	sprite__0057	-
8DB5BD	data8	sprite__0058	-
8DB5DE	data8	sprite__0059	-
8DB5F3	data8	sprite__005A	-
8DB60C	data8	sprite__005B	-
8DB625	data8	sprite__005C	-
8DB65E	data8	sprite__005D	-
8DB69F	data8	sprite__005E	-
8DB6EC	data8	sprite__005F	-
8DB709	data8	sprite__0060	-
8DB73A	data8	sprite__0061	-
8DB783	data8	sprite__0062	-
8DB7B8	data8	sprite__0063	-
8DB7C9	data8	sprite__0064	-
8DB7DA	data8	sprite__0065	-
8DB7EF	data8	sprite__0066	-
8DB804	data8	sprite__0067	-
8DB819	data8	sprite__0068	-
8DB82A	data8	sprite__0069	-
8DB83B	data8	sprite__006A	-
8DB84C	data8	sprite__006B	-
8DB85D	data8	sprite__006C	-
8DB872	data8	sprite__006D	-
8DB877	data8	sprite__006E	-
8DB880	data8	sprite__006F	-
8DB889	data8	sprite__0070	-
8DB89A	data8	sprite__0071	-
8DB8AB	data8	sprite__0072	-
8DB8C0	data8	sprite__0073	-
8DB8E1	data8	sprite__0074	-
8DB902	data8	sprite__0075	-
8DB923	data8	sprite__0076	-
8DB93C	data8	sprite__0077	-
8DB951	data8	sprite__0078	-
8DB966	data8	sprite__0079	-
8DB987	data8	sprite__007A	-
8DB99C	data8	sprite__007B	-
8DB9B5	data8	sprite__007C	-
8DB9CA	data8	sprite__007D	-
8DB9DB	data8	sprite__007E	-
8DB9EC	data8	sprite__007F	-
8DB9FD	data8	sprite__0080	-
8DBA26	data8	sprite__0081	-
8DBA4B	data8	sprite__0082	-
8DBA6C	data8	sprite__0083	-
8DBA8D	data8	sprite__0084	-
8DBAB2	data8	sprite__0BDE	-
8DBAB7	data8	sprite__0086	-
8DBABC	data8	sprite__0087	-
8DBAC1	data8	sprite__0088	-
8DBAC6	data8	sprite__0089	-
8DBACB	data8	sprite__008A	-
8DBAD0	data8	sprite__008B	-
8DBAD5	data8	sprite__008C	-
8DBADA	data8	sprite__008D	-
8DBADF	data8	sprite__008E	-
8DBB74	data8	sprite__00AB	-
8DBC1D	data8	sprite__0090	-
8DBCC6	data8	sprite__0091	-
8DBD57	data8	sprite__0092	-
8DBDEC	data8	sprite__0093	-
8DBE79	data8	sprite__0094	-
8DBF12	data8	sprite__0095	-
8DBF2F	data8	sprite__00AC	-
8DBF4C	data8	sprite__0097	-
8DBF6D	data8	sprite__0098	-
8DBF86	data8	sprite__0099	-
8DBFA7	data8	sprite__009A	-
8DBFC4	data8	sprite__009B	-
8DBFE1	data8	sprite__009C	-
8DC07E	data8	sprite__009D	-
8DC11B	data8	sprite__009E	-
8DC1B8	data8	sprite__009F	-
8DC24D	data8	sprite__00A0	-
8DC2E2	data8	sprite__00A1	-
8DC38B	data8	sprite__00A2	-
8DC434	data8	sprite__00A3	-
8DC4DD	data8	sprite__00A4	-
8DC586	data8	sprite__00A7	-
8DC62F	data8	sprite__00A6	-
8DC6D8	data8	sprite__00A9	-
8DC771	data8	sprite__00AD	-
8DC78E	data8	sprite__00AE	-
8DC7AB	data8	sprite__00AF	-
8DC7C8	data8	sprite__00B0	-
8DC7E9	data8	sprite__00B1	-
8DC806	data8	sprite__00BA	-
8DC81F	data8	sprite__00B3	-
8DC83C	data8	sprite__00B4	-
8DC85D	data8	sprite__00B5	-
8DC876	data8	sprite__00B6	-
8DC893	data8	sprite__00B7	-
8DC8AC	data8	sprite__00B8	-
8DC8C5	data8	sprite__00B9	-
8DC8E2	data8	sprite__00BB	-
8DC903	data8	sprite__00BC	-
8DC99C	data8	sprite__00BD	-
8DCA35	data8	sprite__00BE	-
8DCA52	data8	sprite__00BF	-
8DCA6F	data8	sprite__00C0	-
8DCA74	data8	sprite__00C1	-
8DCA79	data8	sprite__00C2	-
8DCA7E	data8	sprite__00C3	-
8DCA83	data8	sprite__00C4	-
8DCAA8	data8	sprite__00C5	-
8DCAB9	data8	sprite__00C6	-
8DCAE2	data8	sprite__00C7	-
8DCB0B	data8	sprite__00C8	-
8DCB28	data8	sprite__00C9	-
8DCB51	data8	sprite__00CA	-
8DCB7E	data8	sprite__00CB	-
8DCB9F	data8	sprite__00CC	-
8DCBB0	data8	sprite__00CD	-
8DCBCD	data8	sprite__00CE	-
8DCBD2	data8	sprite__00CF	-
8DCBD7	data8	sprite__00D0	-
8DCBDC	data8	sprite__00D1	-
8DCBE1	data8	sprite__00D2	-
8DCBF2	data8	sprite__00D3	-
8DCC03	data8	sprite__00D4	-
8DCC0C	data8	sprite__00D5	-
8DCCC5	data8	sprite__00D6	-
8DCD7E	data8	sprite__00D7	-
8DCE37	data8	sprite__00D8	-
8DCEE8	data8	sprite__00D9	-
8DCF9D	data8	sprite__00DA	-
8DD04E	data8	sprite__00DB	-
8DD053	data8	sprite__00DC	-
8DD058	data8	sprite__00DD	-
8DD069	data8	sprite__00DE	-
8DD07A	data8	sprite__00DF	-
8DD08B	data8	sprite__08D8	-
8DD090	data8	sprite__00E1	-
8DD095	data8	sprite__00E2	-
8DD09A	data8	sprite__00E3	-
8DD09F	data8	sprite__00E4	-
8DD0A4	data8	sprite__00E5	-
8DD0A9	data8	sprite__00E6	-
8DD0AE	data8	sprite__00EF	-
8DD0B3	data8	sprite__00E8	-
8DD0C4	data8	sprite__00E9	-
8DD0D5	data8	sprite__00EA	-
8DD0EA	data8	sprite__00EB	-
8DD0FB	data8	sprite__00EC	-
8DD10C	data8	sprite__00ED	-
8DD11D	data8	sprite__00EE	-
8DD136	data8	sprite__00F0	-
8DD13F	data8	sprite__00F1	-
8DD144	data8	sprite__00F2	-
8DD149	data8	sprite__00F3	-
8DD14E	data8	sprite__00F4	-
8DD187	data8	sprite__00F5	-
8DD1C4	data8	sprite__00F6	-
8DD201	data8	sprite__00F7	-
8DD23A	data8	sprite__00F8	-
8DD277	data8	sprite__00F9	-
8DD2B4	data8	sprite__00FA	-
8DD2ED	data8	sprite__00FB	-
8DD326	data8	sprite__00FC	-
8DD35F	data8	sprite__00FD	-
8DD394	data8	sprite__00FE	-
8DD3C9	data8	sprite__00FF	-
8DD3FE	data8	sprite__0100	-
8DD433	data8	sprite__0101	-
8DD468	data8	sprite__0102	-
8DD49D	data8	sprite__0103	-
8DD4D2	data8	sprite__0104	-
8DD507	data8	sprite__0105	-
8DD53C	data8	sprite__0106	-
8DD575	data8	sprite__0107	-
8DD5AA	data8	sprite__0108	-
8DD5D7	data8	sprite__0109	-
8DD5F0	data8	sprite__010A	-
8DD5F9	data8	sprite__0ABE	-
8DD5FE	data8	sprite__010C	-
8DD607	data8	sprite__010D	-
8DD64C	data8	sprite__010E	-
8DD691	data8	sprite__010F	-
8DD6CE	data8	sprite__0110	-
8DD707	data8	sprite__0111	-
8DD738	data8	sprite__0112	-
8DD769	data8	sprite__0113	-
8DD7B2	data8	sprite__0114	-
8DD7EF	data8	sprite__0115	-
8DD828	data8	sprite__0116	-
8DD871	data8	sprite__0117	-
8DD8BE	data8	sprite__0118	-
8DD90B	data8	sprite__0119	-
8DD964	data8	sprite__011A	-
8DD9B1	data8	sprite__011B	-
8DDA0A	data8	sprite__02DE	-
8DDA0F	data8	sprite__011D	-
8DDA14	data8	sprite__011E	-
8DDA19	data8	sprite__0C42	-
8DDA1E	data8	sprite__0120	-
8DDA23	data8	sprite__0121	-
8DDA28	data8	sprite__0122	-
8DDA2D	data8	sprite__0123	-
8DDA3A	data8	sprite__0124	-
8DDA47	data8	sprite__0125	-
8DDA5C	data8	sprite__0126	-
8DDA71	data8	sprite__0127	-
8DDA8A	data8	sprite__0128	-
8DDA9F	data8	sprite__0129	-
8DDAAC	data8	sprite__012A	-
8DDAB9	data8	sprite__012B	-
8DDAC2	data8	sprite__012C	-
8DDACF	data8	sprite__012D	-
8DDADC	data8	sprite__012E	-
8DDAE5	data8	sprite__012F	-
8DDAEA	data8	sprite__0130	-
8DDAEF	data8	sprite__0131	-
8DDAF4	data8	sprite__0132	-
8DDAF9	data8	sprite__0133	-
8DDAFE	data8	sprite__0134	-
8DDB03	data8	sprite__0135	-
8DDB18	data8	sprite__0136	-
8DDB35	data8	sprite__0137	-
8DDB46	data8	sprite__0138	-
8DDB63	data8	sprite__0139	-
8DDB78	data8	sprite__013A	-
8DDB89	data8	sprite__013B	-
8DDB9E	data8	sprite__013C	-
8DDBB7	data8	sprite__013D	-
8DDBC8	data8	sprite__013E	-
8DDBD5	data8	sprite__013F	-
8DDC02	data8	sprite__0140	-
8DDC43	data8	sprite__0141	-
8DDCA0	data8	sprite__0142	-
8DDCA5	data8	sprite__0148	-
8DDCAA	data8	sprite__0144	-
8DDCB3	data8	sprite__0145	-
8DDCBC	data8	sprite__0146	-
8DDCC5	data8	sprite__0147	-
8DDCCE	data8	sprite__0149	-
8DDCD7	data8	sprite__014A	-
8DDCE0	data8	sprite__014B	-
8DDCE9	data8	sprite__014C	-
8DDCF2	data8	sprite__014D	-
8DDD03	data8	sprite__014E	-
8DDD14	data8	sprite__014F	-
8DDD25	data8	sprite__0150	-
8DDD36	data8	sprite__0151	-
8DDD3F	data8	sprite__0152	-
8DDD50	data8	sprite__0153	-
8DDD69	data8	sprite__0154	-
8DDD82	data8	sprite__0155	-
8DDD93	data8	sprite_titleShot_0156	-
8DDDB4	data8	sprite_titleShot_0157	-
8DDDD5	data8	sprite_titleShot_0158	-
8DDDF6	data8	sprite__0159	-
8DDE07	data8	sprite__0C9A	-
8DDE18	data8	sprite__015B	-
8DDE49	data8	sprite__0C98	-
8DDE5A	data8	sprite__015D	-
8DDE6B	data8	sprite__0D3F	-
8DDE70	data8	sprite__0D5B	-
8DDE75	data8	sprite__0D2F	-
8DDE7A	data8	sprite__0162	-
8DDE8B	data8	sprite__0163	-
8DDE9C	data8	sprite__0164	-
8DDEAD	data8	sprite__0165	-
8DDEB2	data8	sprite__0186	-
8DDEB7	data8	sprite__0167	-
8DDEC4	data8	sprite__0168	-
8DDED1	data8	sprite__0169	-
8DDEE6	data8	sprite__016A	-
8DDEFF	data8	sprite__016B	-
8DDF10	data8	sprite__016C	-
8DDF21	data8	sprite__016D	-
8DDF32	data8	sprite__016E	-
8DDF4F	data8	sprite__016F	-
8DDF78	data8	sprite__0170	-
8DDF89	data8	sprite__0171	-
8DDF92	data8	sprite__0172	-
8DDF9B	data8	sprite__0173	-
8DDFA4	data8	sprite__0174	-
8DDFB5	data8	sprite__0175	-
8DDFC6	data8	sprite__0176	-
8DDFD7	data8	sprite__0177	-
8DDFE8	data8	sprite__017B	-
8DDFED	data8	sprite__017A	-
8DDFF2	data8	sprite__017F	-
8DDFF7	data8	sprite__017E	-
8DDFFC	data8	sprite__0180	-
8DE001	data8	sprite__0181	-
8DE006	data8	sprite__0182	-
8DE00B	data8	sprite__0183	-
8DE010	data8	sprite__0187	-
8DE015	data8	sprite__0188	-
8DE026	data8	sprite__0189	-
8DE037	data8	sprite__018A	-
8DE048	data8	sprite__018B	-
8DE04D	data8	sprite__018C	-
8DE052	data8	sprite__018D	-
8DE057	data8	sprite__018E	-
8DE05C	data8	sprite__018F	-
8DE06D	data8	sprite__0190	-
8DE07E	data8	sprite__0191	-
8DE08F	data8	sprite__0192	-
8DE0A0	data8	sprite__0193	-
8DE0B1	data8	sprite__0194	-
8DE0C2	data8	sprite__0195	-
8DE0CB	data8	sprite__0196	-
8DE0D4	data8	sprite__0197	-
8DE0DD	data8	sprite__0198	-
8DE0E6	data8	sprite__0199	-
8DE11F	data8	sprite__019A	-
8DE158	data8	sprite__019B	-
8DE191	data8	sprite__019C	-
8DE1CA	data8	sprite__019D	-
8DE203	data8	sprite__019E	-
8DE23C	data8	sprite__019F	-
8DE275	data8	sprite__01A0	-
8DE2AE	data8	sprite__01A1	-
8DE2E7	data8	sprite__01A2	-
8DE320	data8	sprite__01A3	-
8DE359	data8	sprite__01A4	-
8DE392	data8	sprite__01A5	-
8DE3CB	data8	sprite__01A6	-
8DE404	data8	sprite__01A7	-
8DE435	data8	sprite__01A8	-
8DE45E	data8	sprite__01A9	-
8DE487	data8	sprite__01AA	-
8DE4B0	data8	sprite__01AB	-
8DE4D1	data8	sprite__01AC	-
8DE4EA	data8	sprite__01AD	-
8DE4FF	data8	sprite__01AE	-
8DE514	data8	sprite__01AF	-
8DE529	data8	sprite__01B0	-
8DE556	data8	sprite__01B1	-
8DE583	data8	sprite__01B2	-
8DE594	data8	sprite__01B3	-
8DE5A1	data8	sprite__0605	-
8DE5A6	data8	sprite__04DA	-
8DE5AB	data8	sprite__0AAC	-
8DE5B0	data8	sprite__01B7	-
8DE5C1	data8	sprite__01B8	-
8DE5D2	data8	sprite__01B9	-
8DE5E3	data8	sprite__01BA	-
8DE5F4	data8	sprite__01BB	-
8DE5FD	data8	sprite__01BC	-
8DE606	data8	sprite__01BD	-
8DE60B	data8	sprite__01BE	-
8DE61C	data8	sprite__01BF	-
8DE6B1	data8	sprite__01C0	-
8DE74E	data8	sprite__01C1	-
8DE7EB	data8	sprite__01C2	-
8DE884	data8	sprite__01C3	-
8DE921	data8	sprite__01C4	-
8DE9BE	data8	sprite__01C5	-
8DEA63	data8	sprite__01C6	-
8DEAE8	data8	sprite__01C7	-
8DEB6D	data8	sprite__01C8	-
8DEC06	data8	sprite__01C9	-
8DEC9F	data8	sprite__01CA	-
8DED38	data8	sprite__01CB	-
8DEDD9	data8	sprite__01CC	-
8DEE7A	data8	sprite__01CD	-
8DEE8B	data8	sprite__01CE	-
8DEEA0	data8	sprite__01CF	-
8DEEB9	data8	sprite__01D0	-
8DEECE	data8	sprite__01D1	-
8DEED3	data8	sprite__01D2	-
8DEED8	data8	sprite__01D3	-
8DEEDD	data8	sprite__01D4	-
8DEEE2	data8	sprite__01D5	-
8DEEF3	data8	sprite__01D6	-
8DEF04	data8	sprite__01D7	-
8DEF15	data8	sprite__01D8	-
8DEF1A	data8	sprite__01D9	-
8DEF1F	data8	sprite__01DA	-
8DEF24	data8	sprite__01DB	-
8DEF29	data8	sprite__01DC	-
8DEF2E	data8	sprite__01DD	-
8DEF3F	data8	sprite__01DE	-
8DEF50	data8	sprite__01DF	-
8DEF69	data8	sprite__01E0	-
8DEF82	data8	sprite__01E1	-
8DEF9B	data8	sprite__01E2	-
8DEFA4	data8	sprite__01E3	-
8DEFAD	data8	sprite__01E4	-
8DEFBE	data8	sprite__01E5	-
8DEFD7	data8	sprite__01E6	-
8DEFF0	data8	sprite__01E7	-
8DF00D	data8	sprite__01E8	-
8DF026	data8	sprite__01E9	-
8DF02F	data8	sprite__01EA	-
8DF044	data8	sprite__01EB	-
8DF071	data8	sprite__01EC	-
8DF09E	data8	sprite__01ED	-
8DF0CB	data8	sprite__01EE	-
8DF0F8	data8	sprite__01EF	-
8DF125	data8	sprite__01F0	-
8DF12A	data8	sprite__01F1	-
8DF12F	data8	sprite__01F2	-
8DF134	data8	sprite__01F3	-
8DF139	data8	sprite__01F4	-
8DF142	data8	sprAss_megaman_idle_00	-
8DF163	data8	sprAss_megaman_idle_01	-
8DF188	data8	sprAss_megaman_idle_02	-
8DF1AD	data8	sprite__01F8	-
8DF1C2	data8	sprite__01F9	-
8DF1D7	data8	sprite__01FA	-
8DF1F0	data8	sprite__01FB	-
8DF215	data8	sprite__01FC	-
8DF232	data8	sprite__01FD	-
8DF247	data8	sprite__01FE	-
8DF26C	data8	sprite__01FF	-
8DF295	data8	sprite__0200	-
8DF2BA	data8	sprite__0201	-
8DF2E3	data8	sprite__0202	-
8DF2F8	data8	sprite__0203	-
8DF315	data8	sprite__0204	-
8DF336	data8	sprite__0205	-
8DF34F	data8	sprite__0206	-
8DF370	data8	sprite__0207	-
8DF38D	data8	sprite__0208	-
8DF3B6	data8	sprite__0209	-
8DF3D3	data8	sprite__020A	-
8DF3EC	data8	sprite__020B	-
8DF40D	data8	sprite__020C	-
8DF42A	data8	sprite__020D	-
8DF43F	data8	sprite__020E	-
8DF45C	data8	sprite__020F	-
8DF47D	data8	sprite__0210	-
8DF49A	data8	sprite__0211	-
8DF4BB	data8	sprite__0212	-
8DF4DC	data8	sprite__0213	-
8DF501	data8	sprite__0214	-
8DF526	data8	sprite__0215	-
8DF543	data8	sprite__0216	-
8DF568	data8	sprite__0217	-
8DF589	data8	sprite__0218	-
8DF5AE	data8	sprite__0219	-
8DF5D3	data8	sprite__021A	-
8DF5F8	data8	sprite__021B	-
8DF619	data8	sprite__021C	-
8DF63A	data8	sprite__021D	-
8DF65F	data8	sprite__021E	-
8DF680	data8	sprite__021F	-
8DF6A9	data8	sprite__0220	-
8DF6CA	data8	sprite__0221	-
8DF6EB	data8	sprite__0222	-
8DF70C	data8	sprite__0223	-
8DF72D	data8	sprite__0224	-
8DF756	data8	sprite__0225	-
8DF777	data8	sprite__0226	-
8DF794	data8	sprite__0227	-
8DF7B1	data8	sprite__0228	-
8DF7D6	data8	sprite__0229	-
8DF7FB	data8	sprite__022B	-
8DF810	data8	sprite__022C	-
8DF821	data8	sprite__0230	-
8DF826	data8	sprite__022E	-
8DF83F	data8	sprite__022F	-
8DF858	data8	sprite__0233	-
8DF875	data8	sprite__0234	-
8DF8AE	data8	sprite__0235	-
8DF8E7	data8	sprite__0236	-
8DF93C	data8	sprite__0237	-
8DF9A9	data8	sprite__0238	-
8DF9CA	data8	sprite__0239	-
8DF9DB	data8	sprite__023A	-
8DF9F0	data8	sprite__023B	-
8DFA05	data8	sprite__023C	-
8DFA16	data8	sprite__023D	-
8DFA2B	data8	sprite__023E	-
8DFA40	data8	sprite__023F	-
8DFA51	data8	sprite__0240	-
8DFA6E	data8	sprite__0241	-
8DFA8B	data8	sprite__0242	-
8DFAA0	data8	sprite__0243	-
8DFAB9	data8	sprite__0245	-
8DFADE	data8	sprite__0246	-
8DFB03	data8	sprite__0247	-
8DFB28	data8	sprite__0248	-
8DFB49	data8	sprite__0249	-
8DFB76	data8	sprite__024A	-
8DFB7B	data8	sprite__024B	-
8DFB80	data8	sprite__024C	-
8DFB8D	data8	sprite__024D	-
8DFB9A	data8	sprite__024E	-
8DFBAF	data8	sprite__024F	-
8DFBC4	data8	sprite__0250	-
8DFBE1	data8	sprite__0251	-
8DFBFE	data8	sprite__0252	-
8DFC23	data8	sprite__0253	-
8DFC4C	data8	sprite__0254	-
8DFC79	data8	sprite__0255	-
8DFCA6	data8	sprite__0256	-
8DFCD3	data8	sprite__0257	-
8DFCD8	data8	sprite__0258	-
8DFCE9	data8	sprite__0259	-
8DFCFA	data8	sprite__025A	-
8DFD23	data8	sprite__025B	-
8DFD4C	data8	sprite__025C	-
8DFD6D	data8	sprite__025D	-
8DFD82	data8	sprite__025E	-
8DFD93	data8	sprite__025F	-
8DFD98	data8	sprite__0C8E	-
8DFD9D	data8	sprite__0261	-
8DFDA2	data8	sprite__0262	-
8DFDA7	data8	sprite__0264	-
8DFDAC	data8	sprite__0265	-
8DFDC5	data8	sprite__0266	-
8DFDD6	data8	sprite__0267	-
8DFDEF	data8	sprite__0268	-
8DFE20	data8	sprite__0269	-
8DFE51	data8	sprite__026A	-
8DFE82	data8	sprite__026B	-
8DFEB3	data8	sprite__026C	-
8DFEE4	data8	sprite__026D	-
8DFF15	data8	sprite__026E	-
8DFF36	data8	sprite__026F	-
8DFF47	data8	sprite__0270	-
8DFF58	data8	sprite__0271	-
8DFF89	data8	sprite__0272	-
8E8000	data8	sprite__0273	-
8E8041	data8	sprite__0274	-
8E8072	data8	sprite__0275	-
8E809B	data8	sprite__0276	-
8E80C4	data8	sprite__0277	-
8E80D9	data8	sprite__0278	-
8E810E	data8	sprite__0279	-
8E815B	data8	sprite__027A	-
8E8188	data8	sprite__027B	-
8E81A5	data8	sprite__027C	-
8E81AE	data8	sprite__027D	-
8E81B7	data8	sprite__027E	-
8E81E8	data8	sprite__0ABC	-
8E81ED	data8	sprite__0AE6	-
8E81F2	data8	sprite__0285	-
8E8203	data8	sprite__0286	-
8E8234	data8	sprite__0287	-
8E8259	data8	sprite__0288	-
8E827E	data8	sprite__0289	-
8E8283	data8	sprite__028A	-
8E8294	data8	sprite__028B	-
8E82AD	data8	sprite__028C	-
8E82C6	data8	sprite__028D	-
8E82DF	data8	sprite__028E	-
8E8300	data8	sprite__028F	-
8E8321	data8	sprite__0290	-
8E833E	data8	sprite__0291	-
8E8343	data8	sprite__0292	-
8E8348	data8	sprite__0293	-
8E8351	data8	sprite__0ACF	-
8E836A	data8	sprite__0AD0	-
8E838B	data8	sprite__0AD1	-
8E83B0	data8	sprite__0AD2	-
8E83D9	data8	sprite__0AD3	-
8E8406	data8	sprite__0AD4	-
8E8437	data8	sprite__0AD5	-
8E846C	data8	sprite__0AD6	-
8E84A5	data8	sprite__0AD7	-
8E84E2	data8	sprite__0AD8	-
8E8503	data8	sprite__0AD9	-
8E8528	data8	sprite__0ADA	-
8E8551	data8	sprite__0ADB	-
8E857E	data8	sprite__0ADC	-
8E85AF	data8	sprite__0ADD	-
8E85E8	data8	sprite__0ADE	-
8E8615	data8	sprite__0ADF	-
8E862E	data8	sprite__0AE0	-
8E864B	data8	sprite__0AE1	-
8E8674	data8	sprite_megaman_idle_02A7	-
8E86BD	data8	sprite__02A8	-
8E86F6	data8	sprite__02A9	-
8E871F	data8	sprite__02AA	-
8E8748	data8	sprite__02AB	-
8E879D	data8	sprite__02AC	-
8E8802	data8	sprite__02AD	-
8E8867	data8	sprite__02AE	-
8E88CC	data8	sprite__02AF	-
8E8931	data8	sprite__02B0	-
8E8986	data8	sprite__02B1	-
8E89DB	data8	sprite__02B2	-
8E8A30	data8	sprite__02B3	-
8E8AA1	data8	sprite__02B4	-
8E8B02	data8	sprite__02B5	-
8E8B27	data8	sprite__02B6	-
8E8B4C	data8	sprite__02B7	-
8E8B71	data8	sprite__02B8	-
8E8B82	data8	sprite__02B9	-
8E8B93	data8	sprite__02BA	-
8E8BAC	data8	sprite__02BB	-
8E8BBD	data8	sprite__02BC	-
8E8BCE	data8	sprite__02BD	-
8E8BD7	data8	sprite__02BE	-
8E8BE0	data8	sprite__02BF	-
8E8BE9	data8	sprite__02C0	-
8E8BF2	data8	sprite__02C1	-
8E8BF7	data8	sprite__02C2	-
8E8C24	data8	sprite__0304	-
8E8C51	data8	sprite__0305	-
8E8CDA	data8	sprite__0306	-
8E8D0F	data8	sprite__02C6	-
8E8D14	data8	sprite__02C7	-
8E8D2D	data8	sprite__02C8	-
8E8D42	data8	sprite__02C9	-
8E8D5B	data8	sprite__02CA	-
8E8D70	data8	sprite__02CB	-
8E8D8D	data8	sprite__02CC	-
8E8DBE	data8	sprite__02CD	-
8E8DE3	data8	sprite__02CE	-
8E8E04	data8	sprite__02CF	-
8E8E29	data8	sprite__02D0	-
8E8E6A	data8	sprite__02D1	-
8E8E9F	data8	sprite__02D2	-
8E8ED0	data8	sprite__02D3	-
8E8F05	data8	sprite__02D4	-
8E8F46	data8	sprite__02D5	-
8E8F7B	data8	sprite__02D6	-
8E8FAC	data8	sprite__02D7	-
8E8FE1	data8	sprite__02D8	-
8E8FEA	data8	sprite__02D9	-
8E8FF3	data8	sprite__02DA	-
8E8FFC	data8	sprite__02DB	-
8E9019	data8	sprite__02DC	-
8E9022	data8	sprite__0C1C	-
8E9027	data8	sprite__070E	-
8E902C	data8	sprite__0BFC	-
8E9031	data8	sprite__0BA6	-
8E9036	data8	sprite__02E2	-
8E9047	data8	sprite__02E3	-
8E9058	data8	sprite__02E4	-
8E9075	data8	sprite__02E5	-
8E9096	data8	sprite__02E6	-
8E90BB	data8	sprite__02E7	-
8E90C4	data8	sprite__02FC	-
8E90ED	data8	sprite__02E9	-
8E911E	data8	sprite__02F9	-
8E914F	data8	sprite__02EB	-
8E9170	data8	sprite__02EC	-
8E9191	data8	sprite__02ED	-
8E91AA	data8	sprite__02EE	-
8E91C3	data8	sprite__02EF	-
8E91E4	data8	sprite__02F0	-
8E9205	data8	sprite__02F1	-
8E921E	data8	sprite__02F2	-
8E924F	data8	sprite__02F7	-
8E9290	data8	sprite__02F4	-
8E92D1	data8	sprite__02F5	-
8E930A	data8	sprite__02F6	-
8E934B	data8	sprite__02F8	-
8E938C	data8	sprite__02FA	-
8E93BD	data8	sprite__0303	-
8E93EE	data8	sprite__02FD	-
8E942F	data8	sprite__0301	-
8E9470	data8	sprite__02FF	-
8E94A9	data8	sprite__0300	-
8E94EA	data8	sprite__0302	-
8E952B	data8	sprite__0307	-
8E958C	data8	sprite__0308	-
8E95F5	data8	sprite__0309	-
8E965E	data8	sprite__030A	-
8E96B7	data8	sprite__030B	-
8E96FC	data8	sprite__030C	-
8E973D	data8	sprite__030D	-
8E97A2	data8	sprite__030E	-
8E9807	data8	sprite__030F	-
8E986C	data8	sprite__0310	-
8E98D1	data8	sprite__0311	-
8E9946	data8	sprite__0312	-
8E99B7	data8	sprite__0313	-
8E9A18	data8	sprite__0314	-
8E9A89	data8	sprite__0315	-
8E9AEA	data8	sprite__0316	-
8E9B5B	data8	sprite__0317	-
8E9BC8	data8	sprite__0318	-
8E9C2D	data8	sprite__0319	-
8E9C92	data8	sprite__031A	-
8E9D07	data8	sprite__031B	-
8E9D78	data8	sprite__031C	-
8E9E01	data8	sprite__031D	-
8E9E56	data8	sprite__031E	-
8E9EA7	data8	sprite__031F	-
8E9F0C	data8	sprite__0320	-
8E9F71	data8	sprite__0321	-
8E9FD6	data8	sprite__0322	-
8EA03B	data8	sprite__0323	-
8EA0A0	data8	sprite__0324	-
8EA105	data8	sprite__0325	-
8EA10E	data8	sprite__0326	-
8EA117	data8	sprite__0328	-
8EA174	data8	sprite__0329	-
8EA1D1	data8	sprite__032A	-
8EA23A	data8	sprite__032B	-
8EA29F	data8	sprite__032C	-
8EA318	data8	sprite__032D	-
8EA3A5	data8	sprite__032E	-
8EA41A	data8	sprite__032F	-
8EA4A3	data8	sprite__0330	-
8EA51C	data8	sprite__0331	-
8EA5A9	data8	sprite__0332	-
8EA612	data8	sprite__0333	-
8EA68B	data8	sprite__0334	-
8EA718	data8	sprite__0335	-
8EA721	data8	sprite__0336	-
8EA786	data8	sprite__0337	-
8EA78F	data8	sprite__0338	-
8EA798	data8	sprite__0339	-
8EA7C1	data8	sprite__033A	-
8EA7F2	data8	sprite__033B	-
8EA813	data8	sprite__033C	-
8EA848	data8	sprite__033D	-
8EA885	data8	sprite__033E	-
8EA8B2	data8	sprite__033F	-
8EA8E7	data8	sprite__0340	-
8EA924	data8	sprite__0341	-
8EA951	data8	sprite__0342	-
8EA95E	data8	sprite__0343	-
8EA96B	data8	sprite__0344	-
8EA978	data8	sprite__0345	-
8EA985	data8	sprite__0346	-
8EA992	data8	sprite__0347	-
8EA9A3	data8	sprite__0348	-
8EA9B4	data8	sprite__0349	-
8EA9C5	data8	sprite__034A	-
8EA9D6	data8	sprite__034B	-
8EAA07	data8	sprite__034C	-
8EAA48	data8	sprite__034D	-
8EAA81	data8	sprite__034E	-
8EAABA	data8	sprite__034F	-
8EAB03	data8	sprite__0350	-
8EAB4C	data8	sprite__0351	-
8EAC01	data8	sprite__0352	-
8EACBE	data8	sprite__0353	-
8EAD7B	data8	sprite__0354	-
8EAE20	data8	sprite__0355	-
8EAEB5	data8	sprite__0356	-
8EAF3A	data8	sprite__0357	-
8EAFAF	data8	sprite__0358	-
8EB014	data8	sprite__0359	-
8EB075	data8	sprite__035A	-
8EB0D2	data8	sprite__035B	-
8EB137	data8	sprite__035C	-
8EB19C	data8	sprite__035D	-
8EB1A1	data8	sprite__035E	-
8EB202	data8	sprite__035F	-
8EB2AB	data8	sprite__0360	-
8EB2B4	data8	sprite__0361	-
8EB2B9	data8	sprite__05B3	-
8EB2BE	data8	sprite__0363	-
8EB2C3	data8	sprite__0364	-
8EB2C8	data8	sprite__0365	-
8EB2CD	data8	sprite__0366	-
8EB2FA	data8	sprite__0367	-
8EB333	data8	sprite__0368	-
8EB370	data8	sprite__0369	-
8EB3AD	data8	sprite__036A	-
8EB3C2	data8	sprite__036B	-
8EB3EF	data8	sprite__036C	-
8EB41C	data8	sprite__036D	-
8EB449	data8	sprite__036E	-
8EB466	data8	sprite__036F	-
8EB487	data8	sprite__0370	-
8EB4A4	data8	sprite__0371	-
8EB4B5	data8	sprite__0372	-
8EB4C6	data8	sprite__0373	-
8EB4D7	data8	sprite__0374	-
8EB4E8	data8	sprite__0375	-
8EB4F5	data8	sprite__0C6E	-
8EB4FA	data8	sprite__0378	-
8EB4FF	data8	sprite__0379	-
8EB548	data8	sprite__037A	-
8EB59D	data8	sprite__037B	-
8EB5F2	data8	sprite__037C	-
8EB653	data8	sprite__037D	-
8EB69C	data8	sprite__037E	-
8EB6E5	data8	sprite__037F	-
8EB732	data8	sprite__0380	-
8EB783	data8	sprite__0381	-
8EB7D4	data8	sprite__0382	-
8EB821	data8	sprite__0383	-
8EB84E	data8	sprite__0384	-
8EB883	data8	sprite__0385	-
8EB8B0	data8	sprite__0386	-
8EB8DD	data8	sprite__0387	-
8EB906	data8	sprite__0388	-
8EB92F	data8	sprite__0389	-
8EB95C	data8	sprite__038A	-
8EB989	data8	sprite__038B	-
8EB9B6	data8	sprite__038C	-
8EBA0B	data8	sprite__038D	-
8EBA68	data8	sprite__038E	-
8EBAB9	data8	sprite__038F	-
8EBB12	data8	sprite__0390	-
8EBB5B	data8	sprite__0391	-
8EBBA0	data8	sprite__0392	-
8EBBED	data8	sprite__0393	-
8EBC32	data8	sprite__0394	-
8EBC6F	data8	sprite__0395	-
8EBCB4	data8	sprite__0396	-
8EBCF9	data8	sprite__0397	-
8EBD3E	data8	sprite__0398	-
8EBD8F	data8	sprite__0399	-
8EBE50	data8	sprite__039A	-
8EBF11	data8	sprite__039B	-
8EBF86	data8	sprite__039C	-
8EBFD7	data8	sprite__039D	-
8EBFE8	data8	sprite__039E	-
8EBFF9	data8	sprite__039F	-
8EC00A	data8	sprite__03A0	-
8EC01B	data8	sprite__03A1	-
8EC038	data8	sprite__03A2	-
8EC055	data8	sprite__03A3	-
8EC072	data8	sprite__03A4	-
8EC08F	data8	sprite__03A5	-
8EC0BC	data8	sprite__03A6	-
8EC0E5	data8	sprite__03A7	-
8EC10A	data8	sprite__03A8	-
8EC127	data8	sprite__03A9	-
8EC144	data8	sprite__03AA	-
8EC16D	data8	sprite__03AB	-
8EC196	data8	sprite__03AC	-
8EC1BF	data8	sprite__03AD	-
8EC1D0	data8	sprite__03AE	-
8EC1E1	data8	sprite__03AF	-
8EC1F2	data8	sprite__03B0	-
8EC203	data8	sprite__03B1	-
8EC21C	data8	sprite__03B2	-
8EC235	data8	sprite__03B3	-
8EC246	data8	sprite__03B4	-
8EC257	data8	sprite__03B5	-
8EC268	data8	sprite__03B6	-
8EC281	data8	sprite__03B7	-
8EC29A	data8	sprite__03B8	-
8EC2BF	data8	sprite__03B9	-
8EC2E8	data8	sprite__03BA	-
8EC30D	data8	sprite__03BB	-
8EC346	data8	sprite__03BC	-
8EC36B	data8	sprite__03BD	-
8EC380	data8	sprite__03BE	-
8EC395	data8	sprite__03BF	-
8EC39E	data8	sprite__0D5C	-
8EC3A3	data8	sprite__03C4	-
8EC3B4	data8	sprite__03C5	-
8EC3C9	data8	sprite__03C6	-
8EC3E2	data8	sprite__03C7	-
8EC3F7	data8	sprite__03C8	-
8EC410	data8	sprite__03C9	-
8EC415	data8	sprite__03CA	-
8EC41A	data8	sprite__03CB	-
8EC433	data8	sprite__03CC	-
8EC454	data8	sprite__03CD	-
8EC47D	data8	sprite__03CE	-
8EC492	data8	sprite__03CF	-
8EC4A7	data8	sprite__03D0	-
8EC4B8	data8	sprite__03D1	-
8EC4C9	data8	sprite__03D2	-
8EC4DA	data8	sprite__03D3	-
8EC4FB	data8	sprite__03D4	-
8EC51C	data8	sprite__03D5	-
8EC53D	data8	sprite__03D6	-
8EC55E	data8	sprite__03D7	-
8EC57B	data8	sprite__03D8	-
8EC5A0	data8	sprite__03D9	-
8EC5D1	data8	sprite__03DA	-
8EC602	data8	sprite__03DB	-
8EC63F	data8	sprite__03DC	-
8EC67C	data8	sprite__03DD	-
8EC69D	data8	sprite__03DE	-
8EC6C6	data8	sprite__03DF	-
8EC6F3	data8	sprite__03E0	-
8EC724	data8	sprite__03E1	-
8EC755	data8	sprite__03E2	-
8EC75E	data8	sprite__03E3	-
8EC767	data8	sprite__03E4	-
8EC770	data8	sprite__03E5	-
8EC781	data8	sprite__03E6	-
8EC792	data8	sprite__03E7	-
8EC7A3	data8	sprite__03E8	-
8EC7B0	data8	sprite__03E9	-
8EC7C1	data8	sprite__03EA	-
8EC7D2	data8	sprite__03EB	-
8EC7E3	data8	sprite__03EC	-
8EC7F0	data8	sprite__03ED	-
8EC801	data8	sprite__03EE	-
8EC842	data8	sprite__03EF	-
8EC883	data8	sprite__03F0	-
8EC910	data8	sprite__03F1	-
8EC971	data8	sprite__03F2	-
8EC982	data8	sprite__03F3	-
8EC987	data8	sprite__03F4	-
8EC998	data8	sprite__03F5	-
8EC9A9	data8	sprite__03F6	-
8EC9AE	data8	sprite__03F7	-
8EC9BB	data8	sprite__03F8	-
8EC9C0	data8	sprite__03F9	-
8EC9C5	data8	sprite__03FA	-
8EC9CA	data8	sprite__03FB	-
8EC9CF	data8	sprite__03FC	-
8EC9D4	data8	sprite__03FD	-
8EC9D9	data8	sprite__03FE	-
8ECA66	data8	sprite__03FF	-
8ECA6B	data8	sprite__0400	-
8ECA7C	data8	sprite__0401	-
8ECB0D	data8	sprite__0402	-
8ECBB2	data8	sprite__0403	-
8ECBF3	data8	sprite__0404	-
8ECC24	data8	sprite__0405	-
8ECC49	data8	sprite__0406	-
8ECC72	data8	sprite__0407	-
8ECC97	data8	sprite__0408	-
8ECCC8	data8	sprite__0409	-
8ECCD9	data8	sprite__040A	-
8ECCEA	data8	sprite__040B	-
8ECD03	data8	sprite__040C	-
8ECD14	data8	sprite__040D	-
8ECD25	data8	sprite__040E	-
8ECD3E	data8	sprite__040F	-
8ECD7B	data8	sprite__0410	-
8ECDB8	data8	sprite__0411	-
8ECDDD	data8	sprite__0412	-
8ECDF6	data8	sprite__0413	-
8ECE33	data8	sprite__0414	-
8ECE70	data8	sprite__0415	-
8ECE95	data8	sprite__0416	-
8ECEE6	data8	sprite__0417	-
8ECF37	data8	sprite__0418	-
8ECF8C	data8	sprite__0419	-
8ECFE9	data8	sprite__041A	-
8ED042	data8	sprite__041B	-
8ED093	data8	sprite__041C	-
8ED0EC	data8	sprite__041D	-
8ED145	data8	sprite__041E	-
8ED19E	data8	sprite__041F	-
8ED1E7	data8	sprite__0420	-
8ED208	data8	sprite__0421	-
8ED235	data8	sprite__0422	-
8ED26A	data8	sprite__0423	-
8ED297	data8	sprite__0424	-
8ED2C4	data8	sprite__0425	-
8ED305	data8	sprite__0426	-
8ED352	data8	sprite__0427	-
8ED397	data8	sprite__0428	-
8ED3D8	data8	sprite__0429	-
8ED419	data8	sprite__042A	-
8ED44E	data8	sprite__042B	-
8ED487	data8	sprite__042C	-
8ED4D8	data8	sprite__042D	-
8ED515	data8	sprite__042E	-
8ED55E	data8	sprite__042F	-
8ED5B3	data8	sprite__0430	-
8ED608	data8	sprite__0431	-
8ED659	data8	sprite__0432	-
8ED6AA	data8	sprite__0433	-
8ED6CF	data8	sprite__0434	-
8ED6E4	data8	sprite__0435	-
8ED70D	data8	sprite__0436	-
8ED762	data8	sprite__0437	-
8ED7B7	data8	sprite__0438	-
8ED800	data8	sprite__0439	-
8ED845	data8	sprite__043A	-
8ED88A	data8	sprite__043B	-
8ED8D3	data8	sprite__043C	-
8ED924	data8	sprite__043D	-
8ED979	data8	sprite__043E	-
8ED9C2	data8	sprite__043F	-
8EDA17	data8	sprite__0440	-
8EDA58	data8	sprite__0441	-
8EDA8D	data8	sprite__0442	-
8EDAC2	data8	sprite__0443	-
8EDAEF	data8	sprite__0444	-
8EDB84	data8	sprite__0445	-
8EDC19	data8	sprite__0446	-
8EDCB2	data8	sprite__0447	-
8EDD4B	data8	sprite__0448	-
8EDDE0	data8	sprite__0449	-
8EDE75	data8	sprite__044A	-
8EDF06	data8	sprite__044B	-
8EDF97	data8	sprite__044C	-
8EE028	data8	sprite__044D	-
8EE0B1	data8	sprite__044E	-
8EE132	data8	sprite__044F	-
8EE1BB	data8	sprite__0450	-
8EE244	data8	sprite__0524	-
8EE249	data8	sprite__0452	-
8EE24E	data8	sprite__0453	-
8EE253	data8	sprite__0454	-
8EE258	data8	sprite__0455	-
8EE25D	data8	sprite__0456	-
8EE26E	data8	sprite__0457	-
8EE27F	data8	sprite__0458	-
8EE308	data8	sprite__0459	-
8EE319	data8	sprite__045A	-
8EE31E	data8	sprite__045B	-
8EE327	data8	sprite__045C	-
8EE330	data8	sprite__045D	-
8EE33D	data8	sprite__045E	-
8EE346	data8	sprite__045F	-
8EE353	data8	sprite__0460	-
8EE368	data8	sprite__0461	-
8EE379	data8	sprite__0462	-
8EE3AA	data8	sprite__0463	-
8EE3D7	data8	sprite__0464	-
8EE40C	data8	sprite__0465	-
8EE44D	data8	sprite__0466	-
8EE486	data8	sprite__0467	-
8EE4C3	data8	sprite__0468	-
8EE4C8	data8	sprite__0469	-
8EE4D1	data8	sprite__046A	-
8EE4DA	data8	sprite__046B	-
8EE4E7	data8	sprite__046C	-
8EE4F0	data8	sprite__046D	-
8EE4FD	data8	sprite__046E	-
8EE512	data8	sprite__046F	-
8EE523	data8	sprite__0470	-
8EE554	data8	sprite__0471	-
8EE581	data8	sprite__0472	-
8EE5B6	data8	sprite__0473	-
8EE5FB	data8	sprite__0474	-
8EE638	data8	sprite__0475	-
8EE651	data8	sprite__0476	-
8EE66A	data8	sprite__0477	-
8EE67F	data8	sprite__0478	-
8EE68C	data8	sprite__0479	-
8EE699	data8	sprite__047A	-
8EE6A6	data8	sprite__047B	-
8EE6B3	data8	sprite__047C	-
8EE6C0	data8	sprite__047D	-
8EE6CD	data8	sprite__047E	-
8EE6DA	data8	sprite__047F	-
8EE6E7	data8	sprite__0480	-
8EE704	data8	sprite__0481	-
8EE72D	data8	sprite__0482	-
8EE73E	data8	sprite__0483	-
8EE75B	data8	sprite__0484	-
8EE79C	data8	sprite__0485	-
8EE7DD	data8	sprite__0486	-
8EE806	data8	sprite__0487	-
8EE847	data8	sprite__0488	-
8EE888	data8	sprite__0489	-
8EE8C9	data8	sprite__048A	-
8EE902	data8	sprite__048B	-
8EE947	data8	sprite__048C	-
8EE974	data8	sprite__048D	-
8EE9B1	data8	sprite__048E	-
8EE9F2	data8	sprite__048F	-
8EEA2F	data8	sprite__0490	-
8EEA64	data8	sprite__0491	-
8EEA91	data8	sprite__0492	-
8EEAD6	data8	sprite__0493	-
8EEB1B	data8	sprite__0494	-
8EEB5C	data8	sprite__0495	-
8EEB95	data8	sprite__0496	-
8EEBDA	data8	sprite__0497	-
8EEC07	data8	sprite__0498	-
8EEC48	data8	sprite__0499	-
8EEC89	data8	sprite__049A	-
8EECCA	data8	sprite__049B	-
8EECFF	data8	sprite__049C	-
8EED40	data8	sprite__049D	-
8EED51	data8	sprite__049E	-
8EED6E	data8	sprite__049F	-
8EED97	data8	sprite__04A0	-
8EEDD0	data8	sprite__04A1	-
8EEE11	data8	sprite__04A2	-
8EEE4A	data8	sprite__04A3	-
8EEE8F	data8	sprite__04A4	-
8EEED4	data8	sprite__04A5	-
8EEF0D	data8	sprite__04A6	-
8EEF3E	data8	sprite__04A7	-
8EEF67	data8	sprite__04A8	-
8EEF88	data8	sprite__04A9	-
8EEFA1	data8	sprite__04AA	-
8EEFB2	data8	sprite__04AB	-
8EEFC7	data8	sprite__04AC	-
8EF018	data8	sprite__04AE	-
8EF06D	data8	sprite__04AF	-
8EF0BE	data8	sprite__04B0	-
8EF0EF	data8	sprite__04B1	-
8EF120	data8	sprite__04B2	-
8EF139	data8	sprite__04B3	-
8EF162	data8	sprite__04B4	-
8EF193	data8	sprite__04B5	-
8EF1C4	data8	sprite__04B6	-
8EF1F5	data8	sprite__04B7	-
8EF226	data8	sprite__04B8	-
8EF24F	data8	sprite__04B9	-
8EF270	data8	sprite__04BA	-
8EF275	data8	sprite__04BB	-
8EF27E	data8	sprite__04BC	-
8EF28F	data8	sprite__04D0	-
8EF2C0	data8	sprite__04D1	-
8EF2E5	data8	sprite__04D2	-
8EF2F6	data8	sprite__04D3	-
8EF31B	data8	sprite__04D4	-
8EF324	data8	sprite__04D5	-
8EF329	data8	sprite__04D6	-
8EF332	data8	sprite__04D7	-
8EF33B	data8	sprite__04D8	-
8EF364	data8	sprite__0B8D	-
8EF369	data8	sprite__04DC	-
8EF37A	data8	sprite__04DD	-
8EF38B	data8	sprite__04DE	-
8EF39C	data8	sprite__04DF	-
8EF3AD	data8	sprite__04E0	-
8EF3B2	data8	sprite__04E4	-
8EF3B7	data8	sprite__04E5	-
8EF3BC	data8	sprite__04E6	-
8EF419	data8	sprite__04E7	-
8EF482	data8	sprite_miniVanPurple_04E8	-
8EF527	data8	sprite_miniVanPurple_04E9	-
8EF5CC	data8	sprite__04EA	-
8EF62D	data8	sprite__04EB	-
8EF696	data8	sprite__04EC	-
8EF6FF	data8	sprite__04ED	-
8EF70C	data8	sprite__04EE	-
8EF72D	data8	sprite__04EF	-
8EF74E	data8	sprite__04F0	-
8EF76F	data8	sprite__04F1	-
8EF790	data8	sprite__04F2	-
8EF7B1	data8	sprite__04F3	-
8EF7CA	data8	sprite__04F4	-
8EF7DF	data8	sprite__04F5	-
8EF7E4	data8	sprite__04F6	-
8EF7E9	data8	sprite__04F7	-
8EF7F2	data8	sprite__050B	-
8EF7FB	data8	sprite__050C	-
8EF804	data8	sprite__050D	-
8EF80D	data8	sprite__050E	-
8EF816	data8	sprite__050F	-
8EF81F	data8	sprite__0510	-
8EF868	data8	sprite__0511	-
8EF86D	data8	sprite__0512	-
8EF87A	data8	sprite__0513	-
8EF887	data8	sprite__0514	-
8EF898	data8	sprite__0515	-
8EF8A9	data8	sprite__0516	-
8EF8CA	data8	sprite__0517	-
8EF91B	data8	sprite__0518	-
8EF94C	data8	sprite__0519	-
8EF95D	data8	sprite__051A	-
8EF97E	data8	sprite__051B	-
8EF9DF	data8	sprite__051C	-
8EFA38	data8	sprite__051D	-
8EFA81	data8	sprite__051E	-
8EFABA	data8	sprite__051F	-
8EFACB	data8	sprite__0520	-
8EFAE0	data8	sprite__0521	-
8EFB05	data8	sprite__0522	-
8EFB1E	data8	sprite__0523	-
8EFB47	data8	sprite__0525	-
8EFB4C	data8	sprite__0526	-
8EFB51	data8	sprite__0527	-
8EFB56	data8	sprite__0528	-
8EFB67	data8	sprite__0529	-
8EFB78	data8	sprite__052A	-
8EFB89	data8	sprite__052B	-
8EFB92	data8	sprite__052C	-
8EFB9B	data8	sprite__052D	-
8EFBA4	data8	sprite__052E	-
8EFBAD	data8	sprite__052F	-
8EFBB2	data8	sprite__08D7	-
8EFBB7	data8	sprite__0531	-
8EFBC8	data8	sprite__0532	-
8EFBD9	data8	sprite__0533	-
8EFBEA	data8	sprite__0534	-
8EFBFB	data8	sprite__0535	-
8EFC0C	data8	sprite__0536	-
8EFC1D	data8	sprite__0537	-
8EFC2E	data8	sprite__0538	-
8EFC47	data8	sprite__0539	-
8EFC60	data8	sprite__053A	-
8EFC79	data8	sprite__053B	-
8EFCA6	data8	sprite__053C	-
8EFCC7	data8	sprite__053D	-
8EFCEC	data8	sprite__053E	-
8EFCF5	data8	sprite__053F	-
8EFCFA	data8	sprite__0540	-
8EFCFF	data8	sprite__0541	-
8EFD04	data8	sprite__0542	-
8EFD35	data8	sprite__0543	-
8EFD66	data8	sprite__0544	-
8EFD97	data8	sprite__0545	-
8EFDC8	data8	sprite__0546	-
8EFDF9	data8	sprite__0547	-
8EFE2A	data8	sprite__0548	-
8EFE5B	data8	sprite__0549	-
8EFE8C	data8	sprite__06DF	-
8EFE91	data8	sprite__0D56	-
8EFE96	data8	sprite__054C	-
8EFEAF	data8	sprite__054D	-
8EFEBC	data8	sprite__054E	-
8EFEE1	data8	sprite__054F	-
8EFF1E	data8	sprite__0550	-
8EFF73	data8	sprite__0551	-
8F8000	data8	sprite__0552	-
8F8085	data8	sprite__0553	-
8F8116	data8	sprite__0554	-
8F81A7	data8	sprite__0555	-
8F8238	data8	sprite__0556	-
8F82C9	data8	sprite__0557	-
8F8342	data8	sprite__0558	-
8F83A3	data8	sprite__0559	-
8F83EC	data8	sprite__055A	-
8F841D	data8	sprite__055B	-
8F8436	data8	sprite__055C	-
8F8443	data8	sprite__055D	-
8F8468	data8	sprite__055E	-
8F84A5	data8	sprite__055F	-
8F84FA	data8	sprite__0560	-
8F8567	data8	sprite__0561	-
8F85EC	data8	sprite__0562	-
8F8665	data8	sprite__0563	-
8F86C6	data8	sprite__0564	-
8F870F	data8	sprite__0565	-
8F8740	data8	sprite__0566	-
8F8779	data8	sprite__0567	-
8F879E	data8	sprite__0568	-
8F87C7	data8	sprite__0569	-
8F87F0	data8	sprite__056A	-
8F8815	data8	sprite__056B	-
8F883A	data8	sprite__056C	-
8F8863	data8	sprite__056D	-
8F888C	data8	sprite__056E	-
8F88B9	data8	sprite__056F	-
8F88FA	data8	sprite__0570	-
8F892B	data8	sprite__0571	-
8F8950	data8	sprite__0572	-
8F8965	data8	sprite__0573	-
8F897A	data8	sprite__0574	-
8F897F	data8	sprite__0575	-
8F8984	data8	sprite__0C8D	-
8F8989	data8	sprite__0578	-
8F8992	data8	sprite__0579	-
8F89C3	data8	sprite__057A	-
8F89F0	data8	sprite__057B	-
8F89F9	data8	sprite__057C	-
8F8A0E	data8	sprite__057D	-
8F8A1F	data8	sprite__057E	-
8F8A28	data8	sprite__057F	-
8F8A31	data8	sprite__0580	-
8F8A5E	data8	sprite__0581	-
8F8A7F	data8	sprite__0582	-
8F8A90	data8	sprite__0D59	-
8F8A95	data8	sprite__0587	-
8F8A9A	data8	sprite__0588	-
8F8A9F	data8	sprite__0C71	-
8F8AA4	data8	sprite__0C72	-
8F8AA9	data8	sprite__0C74	-
8F8AAE	data8	sprite__0C75	-
8F8AB3	data8	sprite__058D	-
8F8ABC	data8	sprite__058E	-
8F8AE1	data8	sprite__058F	-
8F8B06	data8	sprite__0590	-
8F8B1B	data8	sprite__0591	-
8F8B30	data8	sprite__0D57	-
8F8B35	data8	sprite__0593	-
8F8B3A	data8	sprite__0611	-
8F8B3F	data8	sprite__0595	-
8F8B4C	data8	sprite__0596	-
8F8B59	data8	sprite__0597	-
8F8B66	data8	sprite__0598	-
8F8B77	data8	sprite__0599	-
8F8B88	data8	sprite__059A	-
8F8B99	data8	sprite__059D	-
8F8B9E	data8	sprite__059E	-
8F8BB7	data8	sprite__059F	-
8F8BC8	data8	sprite__05A0	-
8F8BD9	data8	sprite__05A1	-
8F8C0A	data8	sprite__05A2	-
8F8C3B	data8	sprite__05A3	-
8F8C6C	data8	sprite__05A4	-
8F8CAD	data8	sprite__05A5	-
8F8CC6	data8	sprite__05A6	-
8F8CDF	data8	sprite__05A7	-
8F8CF8	data8	sprite__05A8	-
8F8D11	data8	sprite__05AC	-
8F8D22	data8	sprite__05AA	-
8F8D33	data8	sprite__05AB	-
8F8D44	data8	sprite__05AD	-
8F8DC1	data8	sprite__05AE	-
8F8E3A	data8	sprite__05AF	-
8F8EFF	data8	sprite__05B0	-
8F8F98	data8	sprite__05B1	-
8F8FA5	data8	sprite__05B2	-
8F8FAA	data8	sprite__05B4	-
8F9047	data8	sprite__05B5	-
8F90E4	data8	sprite__05B6	-
8F9181	data8	sprite__05B7	-
8F921E	data8	sprite__05B8	-
8F92BF	data8	sprite__05B9	-
8F9360	data8	sprite__05BA	-
8F9401	data8	sprite__05BB	-
8F94A2	data8	sprite__05BC	-
8F9543	data8	sprite__05BD	-
8F95C8	data8	sprite__05BE	-
8F966D	data8	sprite__05BF	-
8F9716	data8	sprite__05C0	-
8F97BB	data8	sprite__05C1	-
8F985C	data8	sprite__05C2	-
8F98FD	data8	sprite__05C3	-
8F999E	data8	sprite__05C4	-
8F9A3F	data8	sprite__05C5	-
8F9ACC	data8	sprite__05C6	-
8F9B59	data8	sprite__05C7	-
8F9BEA	data8	sprite__05C8	-
8F9C8B	data8	sprite__05C9	-
8F9D2C	data8	sprite__05CA	-
8F9DCD	data8	sprite__05CB	-
8F9E56	data8	sprite__05CC	-
8F9EF7	data8	sprite__05CD	-
8F9F9C	data8	sprite__05CE	-
8FA02D	data8	sprite__05CF	-
8FA0CA	data8	sprite__05D0	-
8FA163	data8	sprite__068E	-
8FA16C	data8	sprite__068F	-
8FA17D	data8	sprite__0690	-
8FA18E	data8	sprite__0691	-
8FA19F	data8	sprite__05D5	-
8FA1A8	data8	sprite__0693	-
8FA1AD	data8	sprite__0684	-
8FA1C6	data8	sprite__0685	-
8FA1DF	data8	sprite__0686	-
8FA1F8	data8	sprite__0687	-
8FA211	data8	sprite__0688	-
8FA222	data8	sprite__063C	-
8FA247	data8	sprite__063D	-
8FA260	data8	sprite__063E	-
8FA281	data8	sprite__063F	-
8FA292	data8	sprite__0640	-
8FA2D3	data8	sprite__0641	-
8FA2FC	data8	sprite__0642	-
8FA30D	data8	sprite__0643	-
8FA31A	data8	sprite__0644	-
8FA323	data8	sprite__0645	-
8FA330	data8	sprite__05E6	-
8FA349	data8	sprite__05E7	-
8FA362	data8	sprite__05E8	-
8FA37B	data8	sprite__05E9	-
8FA394	data8	sprite__05EA	-
8FA3B5	data8	sprite__05EB	-
8FA3D6	data8	sprite__05EC	-
8FA3F3	data8	sprite__05ED	-
8FA40C	data8	sprite__05EE	-
8FA429	data8	sprite__05EF	-
8FA42E	data8	sprite__05F0	-
8FA433	data8	sprite__05F1	-
8FA438	data8	sprite__05F2	-
8FA43D	data8	sprite__05F3	-
8FA45A	data8	sprite__05F4	-
8FA477	data8	sprite__05F5	-
8FA490	data8	sprite__05F6	-
8FA4A9	data8	sprite__05F7	-
8FA4BA	data8	sprite__05F8	-
8FA4CB	data8	sprite__05F9	-
8FA4E0	data8	sprite__05FA	-
8FA4F5	data8	sprite__05FB	-
8FA512	data8	sprite__05FC	-
8FA547	data8	sprite__05FD	-
8FA564	data8	sprite__05FE	-
8FA579	data8	sprite__05FF	-
8FA59A	data8	sprite__0600	-
8FA5B3	data8	sprite__0601	-
8FA5CC	data8	sprite__0602	-
8FA5E1	data8	sprite__0603	-
8FA5F6	data8	sprite__0604	-
8FA60B	data8	sprite__0606	-
8FA614	data8	sprite__0607	-
8FA61D	data8	sprite__0608	-
8FA62E	data8	sprite__060B	-
8FA637	data8	sprite__060C	-
8FA640	data8	sprite__060D	-
8FA651	data8	sprite__060E	-
8FA65E	data8	sprite__0610	-
8FA663	data8	sprite__0C8C	-
8FA668	data8	sprite__0613	-
8FA66D	data8	sprite__0614	-
8FA71A	data8	sprite__0615	-
8FA7C7	data8	sprite__0616	-
8FA874	data8	sprite__0617	-
8FA921	data8	sprite__0618	-
8FA9D2	data8	sprite__0619	-
8FAA83	data8	sprite__061A	-
8FAB34	data8	sprite__061B	-
8FABE5	data8	sprite__061C	-
8FAC96	data8	sprite__061D	-
8FAD27	data8	sprite__061E	-
8FADE8	data8	sprite__061F	-
8FAEAD	data8	sprite__0620	-
8FAF62	data8	sprite__0621	-
8FB013	data8	sprite__0622	-
8FB0C4	data8	sprite__0623	-
8FB175	data8	sprite__0624	-
8FB226	data8	sprite__0625	-
8FB2BF	data8	sprite__0626	-
8FB368	data8	sprite__0627	-
8FB415	data8	sprite__0628	-
8FB4C6	data8	sprite__0629	-
8FB577	data8	sprite__062A	-
8FB628	data8	sprite__062B	-
8FB6BD	data8	sprite__062C	-
8FB77A	data8	sprite__062D	-
8FB83B	data8	sprite__062E	-
8FB8DC	data8	sprite__062F	-
8FB989	data8	sprite__0630	-
8FBA32	data8	sprite__0692	-
8FBA3B	data8	sprite__0646	-
8FBA5C	data8	sprite__0647	-
8FBA7D	data8	sprite__0648	-
8FBA9E	data8	sprite__0649	-
8FBABF	data8	sprite__064A	-
8FBAE0	data8	sprite__064B	-
8FBAE5	data8	sprite__064C	-
8FBB06	data8	sprite__064D	-
8FBB27	data8	sprite__064E	-
8FBB34	data8	sprite__064F	-
8FBB41	data8	sprite__0650	-
8FBB6A	data8	sprite__0651	-
8FBBA3	data8	sprite__0652	-
8FBBEC	data8	sprite__0653	-
8FBC39	data8	sprite__0654	-
8FBC8E	data8	sprite__0655	-
8FBCD7	data8	sprite__0656	-
8FBCF0	data8	sprite__0657	-
8FBCFD	data8	sprite__0658	-
8FBD16	data8	sprite__0659	-
8FBD23	data8	sprite__065A	-
8FBD3C	data8	sprite__065B	-
8FBD49	data8	sprite__065C	-
8FBD62	data8	sprite__065D	-
8FBD6F	data8	sprite__065E	-
8FBDBC	data8	sprite__065F	-
8FBE09	data8	sprite__0660	-
8FBE4A	data8	sprite__0661	-
8FBEFB	data8	sprite__0662	-
8FBFAC	data8	sprite__0663	-
8FC05D	data8	sprite__0664	-
8FC10A	data8	sprite__0665	-
8FC1BF	data8	sprite__0666	-
8FC274	data8	sprite__0667	-
8FC329	data8	sprite__0668	-
8FC3DE	data8	sprite__0669	-
8FC493	data8	sprite__066A	-
8FC530	data8	sprite__066B	-
8FC5E5	data8	sprite__066C	-
8FC69E	data8	sprite__066D	-
8FC757	data8	sprite__066E	-
8FC808	data8	sprite__066F	-
8FC8B9	data8	sprite__0670	-
8FC96E	data8	sprite__0671	-
8FCA1F	data8	sprite__0672	-
8FCAC0	data8	sprite__0673	-
8FCB7D	data8	sprite__0674	-
8FCC3E	data8	sprite__0675	-
8FCCEF	data8	sprite__0676	-
8FCDA0	data8	sprite__0677	-
8FCE51	data8	sprite__0678	-
8FCEEE	data8	sprite__0679	-
8FCF9F	data8	sprite__067A	-
8FD054	data8	sprite__067B	-
8FD0ED	data8	sprite__067C	-
8FD186	data8	sprite__067D	-
8FD21F	data8	sprite__067E	-
8FD2B8	data8	sprite__067F	-
8FD355	data8	sprite__0680	-
8FD3F6	data8	sprite__0681	-
8FD4BB	data8	sprite__0682	-
8FD578	data8	sprite__0683	-
8FD605	data8	sprite__0689	-
8FD6A6	data8	sprite__068A	-
8FD6DB	data8	sprite__068B	-
8FD79C	data8	sprite__068C	-
8FD84D	data8	sprite__068D	-
8FD8FE	data8	sprite__0AA9	-
8FD903	data8	sprite__0695	-
8FD9A8	data8	sprite__0696	-
8FD9B9	data8	sprite__0697	-
8FD9CA	data8	sprite__0698	-
8FD9F7	data8	sprite__0699	-
8FDA24	data8	sprite__069A	-
8FDA51	data8	sprite__069B	-
8FDAFE	data8	sprite__069C	-
8FDBAB	data8	sprite__069D	-
8FDC54	data8	sprite__069E	-
8FDD05	data8	sprite__069F	-
8FDDB6	data8	sprite__06A0	-
8FDE6B	data8	sprite__06A1	-
8FDF20	data8	sprite__06A2	-
8FDFD1	data8	sprite__06A3	-
8FE016	data8	sprite__06A4	-
8FE05F	data8	sprite__06A5	-
8FE0A4	data8	sprite__06A6	-
8FE0ED	data8	sprite__06A7	-
8FE126	data8	sprite__06A8	-
8FE163	data8	sprite__06A9	-
8FE1A0	data8	sprite__06AA	-
8FE1E1	data8	sprite__06AB	-
8FE232	data8	sprite__06AC	-
8FE287	data8	sprite__06AD	-
8FE2DC	data8	sprite__06AE	-
8FE31D	data8	sprite__06AF	-
8FE382	data8	sprite__06B0	-
8FE3E7	data8	sprite__06B1	-
8FE44C	data8	sprite__06B2	-
8FE4B1	data8	sprite__06B3	-
8FE4CA	data8	sprite__06B4	-
8FE4DF	data8	sprite__06B5	-
8FE50C	data8	sprite__06B6	-
8FE531	data8	sprite__06B7	-
8FE55A	data8	sprite__06B8	-
8FE593	data8	sprite__06B9	-
8FE5A8	data8	sprite__06BA	-
8FE5BD	data8	sprite__06BB	-
8FE5F2	data8	sprite__06BC	-
8FE627	data8	sprite__06BD	-
8FE664	data8	sprite__06BE	-
8FE6A1	data8	sprite__06BF	-
8FE6B6	data8	sprite__06C0	-
8FE6CF	data8	sprite__06C1	-
8FE6E8	data8	sprite__06C2	-
8FE6FD	data8	sprite__06C3	-
8FE71A	data8	sprite__06C4	-
8FE73B	data8	sprite__06C5	-
8FE75C	data8	sprite__06C6	-
8FE775	data8	sprite__06C7	-
8FE786	data8	sprite__06C8	-
8FE7A7	data8	sprite__06C9	-
8FE800	data8	sprite__06CA	-
8FE851	data8	sprite__06CB	-
8FE88A	data8	sprite__06CC	-
8FE8A3	data8	sprite__06CD	-
8FE8B0	data8	sprite__06CE	-
8FE8BD	data8	sprite__06CF	-
8FE8CA	data8	sprite__06D0	-
8FE8D3	data8	sprite__06D1	-
8FE8E0	data8	sprite__06D2	-
8FE8ED	data8	sprite__06D3	-
8FE8FA	data8	sprite__06D4	-
8FE907	data8	sprite__06D5	-
8FE910	data8	sprite__06D6	-
8FE919	data8	sprite__06D7	-
8FE922	data8	sprite__06D8	-
8FE933	data8	sprite__06D9	-
8FE944	data8	sprite__06DA	-
8FE955	data8	sprite__06DB	-
8FE9A2	data8	sprite__06DC	-
8FE9EF	data8	sprite__06DD	-
8FEA3C	data8	sprite__06E1	-
8FEA41	data8	sprite__06E3	-
8FEA56	data8	sprite__06E4	-
8FEA73	data8	sprite__06E5	-
8FEA94	data8	sprite__06E6	-
8FEAA5	data8	sprite__06E7	-
8FEABE	data8	sprite__06E8	-
8FEADB	data8	sprite__06E9	-
8FEAF4	data8	sprite__06EA	-
8FEB15	data8	sprite__06EB	-
8FEB3A	data8	sprite__06F9	-
8FEB4B	data8	sprite__06ED	-
8FEB58	data8	sprite__06EE	-
8FEB6D	data8	sprite__06EF	-
8FEB92	data8	sprite__06F0	-
8FEBD3	data8	sprite__06F1	-
8FEBF8	data8	sprite__06F2	-
8FEC05	data8	sprite__06F3	-
8FEC16	data8	sprite__06F4	-
8FEC2B	data8	sprite__06F5	-
8FEC4C	data8	sprite__06F6	-
8FEC8D	data8	sprite__06F7	-
8FECAE	data8	sprite__06F8	-
8FECCF	data8	sprite__06FA	-
8FED60	data8	sprite__06FB	-
8FEDD1	data8	sprite__06FC	-
8FEE42	data8	sprite__06FD	-
8FEEB3	data8	sprite__06FE	-
8FEF24	data8	sprite__0704	-
8FEF65	data8	sprite__0700	-
8FEFA2	data8	sprite__0701	-
8FEFDB	data8	sprite__0702	-
8FF014	data8	sprite__0703	-
8FF051	data8	sprite__0705	-
8FF08E	data8	sprite__0706	-
8FF0C7	data8	sprite__0707	-
8FF100	data8	sprite__0708	-
8FF13D	data8	sprite__0709	-
8FF156	data8	sprite__070A	-
8FF16B	data8	sprite__070B	-
8FF180	data8	sprite__070C	-
8FF195	data8	sprite__070D	-
8FF19A	data8	sprite__070F	-
8FF19F	data8	sprite__0710	-
8FF1A4	data8	sprite__0711	-
8FF1B5	data8	sprite__0712	-
8FF1C2	data8	sprite__0713	-
8FF1CB	data8	sprite__0714	-
8FF1F4	data8	sprite__0715	-
8FF221	data8	sprite__0716	-
8FF24A	data8	sprite__0717	-
8FF273	data8	sprite__0718	-
8FF2A0	data8	sprite__0719	-
8FF2D1	data8	sprite__071A	-
8FF2FE	data8	sprite__071B	-
8FF32B	data8	sprite__071C	-
8FF340	data8	sprite__071D	-
8FF361	data8	sprite__071E	-
8FF392	data8	sprite__071F	-
8FF3CB	data8	sprite__0720	-
8FF3E4	data8	sprite__0721	-
8FF405	data8	sprite__0722	-
8FF436	data8	sprite__0723	-
8FF46B	data8	sprite__0724	-
8FF48C	data8	sprite__0725	-
8FF4A5	data8	sprite__0726	-
8FF4D6	data8	sprite__0727	-
8FF4FF	data8	sprite__0728	-
8FF528	data8	sprite__0729	-
8FF551	data8	sprite__072A	-
8FF566	data8	sprite__072B	-
8FF57F	data8	sprite__072C	-
8FF5A0	data8	sprite__072D	-
8FF5C9	data8	sprite__072E	-
8FF5E2	data8	sprite__0731	-
8FF5EB	data8	sprite__0730	-
8FF5F4	data8	sprite__0732	-
8FF5FD	data8	sprite__0733	-
8FF606	data8	sprite__0734	-
8FF60F	data8	sprite__0735	-
8FF618	data8	sprite__0736	-
8FF621	data8	sprite__0737	-
8FF62A	data8	sprite__0738	-
8FF633	data8	sprite__0739	-
8FF63C	data8	sprite__073A	-
8FF645	data8	sprite__073B	-
8FF64E	data8	sprite__073C	-
8FF65B	data8	sprite__073D	-
8FF668	data8	sprite__073E	-
8FF671	data8	sprite__073F	-
8FF67A	data8	sprite__0740	-
8FF687	data8	sprite__0741	-
8FF694	data8	sprite__0742	-
8FF6A1	data8	sprite__0743	-
8FF6AE	data8	sprite__0744	-
8FF6BB	data8	sprite__0745	-
8FF6C8	data8	sprite__0746	-
8FF6D9	data8	sprite__0747	-
8FF6E2	data8	sprite__0748	-
8FF6EF	data8	sprite__0749	-
8FF6F8	data8	sprite__074A	-
8FF705	data8	sprite__074B	-
8FF70E	data8	sprite__074C	-
8FF717	data8	sprite__074D	-
8FF720	data8	sprite__074E	-
8FF729	data8	sprite__074F	-
8FF73A	data8	sprite__0750	-
8FF747	data8	sprite__0751	-
8FF758	data8	sprite__0752	-
8FF765	data8	sprite__0753	-
8FF772	data8	sprite__0754	-
8FF77F	data8	sprite__0755	-
8FF78C	data8	sprite__0756	-
8FF79D	data8	sprite__0757	-
8FF7AE	data8	sprite__0758	-
8FF7BB	data8	sprite__0759	-
8FF7C8	data8	sprite__075A	-
8FF7D5	data8	sprite__075B	-
8FF7E6	data8	sprite__075C	-
8FF7F7	data8	sprite__075D	-
8FF808	data8	sprite__075E	-
8FF815	data8	sprite__075F	-
8FF826	data8	sprite__0760	-
8FF833	data8	sprite__0761	-
8FF840	data8	sprite__0762	-
8FF849	data8	sprite__0763	-
8FF852	data8	sprite__0764	-
8FF857	data8	sprite__0765	-
8FF864	data8	sprite__0766	-
8FF871	data8	sprite__0767	-
8FF87A	data8	sprite__0768	-
8FF88B	data8	sprite__0769	-
8FF89C	data8	sprite__076A	-
8FF8A9	data8	sprite__076B	-
8FF8AE	data8	sprite__076C	-
8FF8B3	data8	sprite__0771	-
8FF8BC	data8	sprite__076E	-
8FF8C5	data8	sprite__0772	-
8FF8CA	data8	sprite__0773	-
8FF8D7	data8	sprite__0774	-
8FF8E4	data8	sprite__0775	-
8FF8ED	data8	sprite__0776	-
8FF8FA	data8	sprite__0777	-
8FF8FF	data8	sprite__0778	-
8FF904	data8	sprite__0779	-
8FF911	data8	sprite__077A	-
8FF91A	data8	sprite__077B	-
8FF923	data8	sprite__077C	-
8FF930	data8	sprite__077D	-
8FF93D	data8	sprite__077E	-
8FF942	data8	sprite__077F	-
8FF94F	data8	sprite__0780	-
8FF958	data8	sprite__0783	-
8FF95D	data8	sprite__0782	-
8FF962	data8	sprite__0786	-
8FF96F	data8	sprite__0785	-
8FF97C	data8	sprite__0787	-
8FF981	data8	sprite__0788	-
8FF986	data8	sprite__0789	-
8FF98F	data8	sprite__078A	-
8FF998	data8	sprite__078B	-
8FF9A1	data8	sprite__078C	-
8FF9AA	data8	sprite__078D	-
8FF9AF	data8	sprite__078E	-
8FF9B8	data8	sprite__078F	-
8FF9C5	data8	sprite__0790	-
8FF9CE	data8	sprite__0791	-
8FF9D3	data8	sprite__0792	-
8FF9D8	data8	sprite__0793	-
8FF9E1	data8	sprite__0794	-
8FF9EA	data8	sprite__0795	-
8FF9EF	data8	sprite__0796	-
8FF9F8	data8	sprite__0797	-
8FF9FD	data8	sprite__0798	-
8FFA02	data8	sprite__0799	-
8FFA0B	data8	sprite__079A	-
8FFA14	data8	sprite__07A4	-
8FFA19	data8	sprite__07A5	-
8FFA1E	data8	sprite__07A6	-
8FFA2B	data8	sprite__07A7	-
8FFA38	data8	sprite__07A8	-
8FFA45	data8	sprite__07A9	-
8FFA4A	data8	sprite__07AA	-
8FFA57	data8	sprite__07A2	-
8FFA64	data8	sprite__07A3	-
8FFA71	data8	sprite__07B0	-
8FFA7E	data8	sprite__07B1	-
8FFA87	data8	sprite__07B2	-
8FFA94	data8	sprite__07B3	-
8FFA9D	data8	sprite__07B4	-
8FFAAA	data8	sprite__07B5	-
8FFAB3	data8	sprite__07B6	-
8FFABC	data8	sprite__07B7	-
8FFAC9	data8	sprite__07B8	-
8FFAD6	data8	sprite__07B9	-
8FFADB	data8	sprite__07BE	-
8FFAE4	data8	sprite__07BB	-
8FFAED	data8	sprite__07BF	-
8FFAFA	data8	sprite__07C0	-
8FFAFF	data8	sprite__07C1	-
8FFB04	data8	sprite__07C6	-
8FFB11	data8	sprite__07C3	-
8FFB1E	data8	sprite__07C7	-
8FFB27	data8	sprite__07C8	-
8FFB38	data8	sprite__07C9	-
8FFB3D	data8	sprite__07CA	-
8FFB42	data8	sprite__07CB	-
8FFB53	data8	sprite__07CC	-
8FFB60	data8	sprite__07CD	-
8FFB69	data8	sprite__07CE	-
8FFB76	data8	sprite__07CF	-
8FFB7F	data8	sprite__07D0	-
8FFB88	data8	sprite__07D1	-
8FFB8D	data8	sprite__07D2	-
8FFB92	data8	sprite__07D3	-
8FFB97	data8	sprite__07D4	-
8FFBA4	data8	sprite__07D5	-
8FFBB1	data8	sprite__07D7	-
8FFBB6	data8	sprite__07D8	-
8FFBBB	data8	sprite__07DB	-
8FFBD4	data8	sprite__07DA	-
8FFBED	data8	sprite__07DC	-
8FFBF2	data8	sprite__07DD	-
8FFBFB	data8	sprite__07DE	-
8FFC0C	data8	sprite__07DF	-
8FFC21	data8	sprite__07E0	-
8FFC36	data8	sprite__07E1	-
8FFC3B	data8	sprite__07E2	-
8FFC40	data8	sprite__07E3	-
8FFC51	data8	sprite__07E4	-
8FFC6A	data8	sprite__07E5	-
8FFC87	data8	sprite__07E6	-
8FFC8C	data8	sprite__07E7	-
8FFC91	data8	sprite__07E8	-
8FFCAA	data8	sprite__07E9	-
8FFCB3	data8	sprite__07EA	-
8FFCC4	data8	sprite__07EB	-
8FFCC9	data8	sprite__07EC	-
8FFCD2	data8	sprite__07ED	-
8FFCEB	data8	sprite__07EE	-
8FFCFC	data8	sprite__07EF	-
8FFD11	data8	sprite__07F9	-
8FFD16	data8	sprite__07FA	-
8FFD27	data8	sprite__07FB	-
8FFD38	data8	sprite__07FC	-
8FFD3D	data8	sprite__07FD	-
8FFD4E	data8	sprite__07FE	-
8FFD57	data8	sprite__07FF	-
8FFD70	data8	sprite__07F7	-
8FFD89	data8	sprite__07F8	-
8FFDA2	data8	sprite__0805	-
8FFDAB	data8	sprite__0806	-
8FFDB0	data8	sprite__0807	-
8FFDBD	data8	sprite__0808	-
8FFDCE	data8	sprite__0809	-
8FFDD3	data8	sprite__080A	-
8FFDF0	data8	sprite__080B	-
8FFE0D	data8	sprite__080C	-
8FFE1E	data8	sprite__080D	-
8FFE27	data8	sprite__080E	-
8FFE2C	data8	sprite__0812	-
8FFE39	data8	sprite__0813	-
8FFE56	data8	sprite__0811	-
8FFE73	data8	sprite__0814	-
8FFE90	data8	sprite__0815	-
8FFE95	data8	sprite__0816	-
8FFE9A	data8	sprite__081B	-
8FFEB3	data8	sprite__0818	-
8FFECC	data8	sprite__081C	-
8FFED1	data8	sprite__081D	-
8FFEE2	data8	sprite__081E	-
8FFEEB	data8	sprite__081F	-
8FFEF4	data8	sprite__0820	-
8FFF05	data8	sprite__0821	-
8FFF16	data8	sprite__0822	-
8FFF23	data8	sprite__0823	-
8FFF34	data8	sprite__0824	-
8FFF41	data8	sprite__0825	-
8FFF4E	data8	sprite__0826	-
8FFF57	data8	sprite__0827	-
8FFF5C	data8	sprite__0828	-
8FFF61	data8	sprite__0829	-
8FFF7A	data8	sprite__082A	-
8FFF83	data8	sprite__082B	-
8FFF88	data8	sprite__082C	-
8FFF8D	data8	sprite__082D	-
8FFF92	data8	sprite__082E	-
8FFF9F	data8	sprite__082F	-
8FFFAC	data8	sprite__0830	-
8FFFB9	data8	sprite__0831	-
8FFFCA	data8	sprite__0832	-
8FFFD3	data8	sprite__0833	-
908000	data8	sprite__0834	-
90801D	data8	sprite__0835	-
90803A	data8	sprite__0836	-
908057	data8	sprite__0837	-
908074	data8	sprite__0838	-
908091	data8	sprite__0839	-
9080A2	data8	sprite__083A	-
908123	data8	sprite__083B	-
9081A4	data8	sprite__083C	-
908225	data8	sprite__083D	-
9082AE	data8	sprite__083E	-
908337	data8	sprite__083F	-
9083C0	data8	sprite__0840	-
90844D	data8	sprite__0841	-
9084DA	data8	sprite__0842	-
908567	data8	sprite__0843	-
9085F8	data8	sprite__0844	-
908689	data8	sprite__0845	-
908716	data8	sprite__0846	-
9087BF	data8	sprite__0847	-
908858	data8	sprite__0848	-
9088F9	data8	sprite__0849	-
9089B2	data8	sprite__084A	-
908A6F	data8	sprite__084B	-
908A80	data8	sprite__084C	-
908AA1	data8	sprite__084D	-
908AC6	data8	sprite__084E	-
908AEF	data8	sprite__084F	-
908B10	data8	sprite__0850	-
908B2D	data8	sprite__0851	-
908B46	data8	sprite__0852	-
908B57	data8	sprite__0853	-
908B68	data8	sprite__0854	-
908B71	data8	sprite__0855	-
908B76	data8	sprite__0856	-
908B7B	data8	sprite__0857	-
908B88	data8	sprite__0858	-
908B95	data8	sprite__0859	-
908B9A	data8	sprite__085A	-
908C03	data8	sprite__085B	-
908C70	data8	sprite__085C	-
908CED	data8	sprite__085D	-
908D3E	data8	sprite__085E	-
908D8B	data8	sprite__085F	-
908E04	data8	sprite__0860	-
908E61	data8	sprite__0861	-
908EB2	data8	sprite__0862	-
908F2F	data8	sprite__0863	-
908FA8	data8	sprite__0864	-
90902D	data8	sprite__0865	-
9090BA	data8	sprite__0866	-
909157	data8	sprite__0867	-
9091F0	data8	sprite__0868	-
909285	data8	sprite__0869	-
909312	data8	sprite__086A	-
9093A7	data8	sprite__086B	-
909428	data8	sprite__086C	-
909491	data8	sprite__086D	-
90952E	data8	sprite__086E	-
9095C7	data8	sprite__086F	-
909674	data8	sprite__0870	-
9096ED	data8	sprite__0871	-
90979E	data8	sprite__0872	-
90983F	data8	sprite__0873	-
9098DC	data8	sprite__0874	-
9098FD	data8	sprite__0875	-
909912	data8	sprite__0876	-
909917	data8	sprite__0878	-
909920	data8	sprite__0879	-
9099AD	data8	sprite__087A	-
909A72	data8	sprite__087B	-
909A83	data8	sprite__087C	-
909A94	data8	sprite__087D	-
909AA5	data8	sprite__087E	-
909AB6	data8	sprite__087F	-
909AC7	data8	sprite__0880	-
909AE0	data8	sprite__0881	-
909AF9	data8	sprite__0882	-
909B0A	data8	sprite__0883	-
909B23	data8	sprite__0884	-
909B3C	data8	sprite__0885	-
909B4D	data8	sprite__0886	-
909B5E	data8	sprite__0887	-
909B6F	data8	sprite__0888	-
909B80	data8	sprite__0889	-
909B85	data8	sprite__088A	-
909B8A	data8	sprite__088B	-
909B93	data8	sprite__088C	-
909BDC	data8	sprite__088D	-
909C2D	data8	sprite__088E	-
909C86	data8	sprite__088F	-
909CDF	data8	sprite__0890	-
909D30	data8	sprite__0891	-
909D61	data8	sprite__0892	-
909D92	data8	sprite__0893	-
909DC3	data8	sprite__0894	-
909DE0	data8	sprite__0895	-
909E09	data8	sprite__0896	-
909E32	data8	sprite__0897	-
909E57	data8	sprite__0898	-
909E6C	data8	sprite__0899	-
909E95	data8	sprite__089A	-
909EBE	data8	sprite__089B	-
909EE7	data8	sprite__089C	-
909EF8	data8	sprite__089D	-
909F21	data8	sprite__089E	-
909F4A	data8	sprite__089F	-
909F6F	data8	sprite__08A0	-
909F84	data8	sprite__08A1	-
909F91	data8	sprite__08A2	-
909F9E	data8	sprite__08A3	-
909FB7	data8	sprite__08A4	-
909FD0	data8	sprite__08A5	-
909FE9	data8	sprite__08A6	-
90A006	data8	sprite__08A7	-
90A00B	data8	sprite__08AC	-
90A010	data8	sprite__08A9	-
90A015	data8	sprite__08AA	-
90A01A	data8	sprite__08AB	-
90A01F	data8	sprite__08AD	-
90A024	data8	sprite__08AE	-
90A029	data8	sprite__08AF	-
90A02E	data8	sprite__08B0	-
90A047	data8	sprite__08B1	-
90A058	data8	sprite__08B2	-
90A069	data8	sprite__08B3	-
90A07A	data8	sprite__08B4	-
90A093	data8	sprite__08B5	-
90A0AC	data8	sprite__08B6	-
90A0C1	data8	sprite__08B7	-
90A0D2	data8	sprite__08B8	-
90A0EB	data8	sprite__08B9	-
90A104	data8	sprite__08BA	-
90A111	data8	sprite__08BB	-
90A12E	data8	sprite__08BC	-
90A187	data8	sprite__08BD	-
90A19C	data8	sprite__08BE	-
90A1B5	data8	sprite__08BF	-
90A1CE	data8	sprite__08C0	-
90A1E7	data8	sprite__08C1	-
90A200	data8	sprite__08C2	-
90A24D	data8	sprite__08C3	-
90A29A	data8	sprite__08C4	-
90A2EB	data8	sprite__08C5	-
90A33C	data8	sprite__08C6	-
90A37D	data8	sprite__08C7	-
90A3CA	data8	sprite__08C8	-
90A413	data8	sprite__08C9	-
90A458	data8	sprite__08CA	-
90A4A5	data8	sprite__08CB	-
90A4EE	data8	sprite__08CC	-
90A543	data8	sprite__08DA	-
90A568	data8	sprite__08CE	-
90A5A5	data8	sprite__08CF	-
90A5FA	data8	sprite__08D0	-
90A64F	data8	sprite__08D1	-
90A6BC	data8	sprite__08D2	-
90A705	data8	sprite__08D3	-
90A74E	data8	sprite__08D4	-
90A797	data8	sprite__08D5	-
90A7E0	data8	sprite__08D6	-
90A829	data8	sprite__08D9	-
90A836	data8	sprite__08DB	-
90A86F	data8	sprite__08DC	-
90A874	data8	sprite__08DD	-
90A885	data8	sprite__08DE	-
90A896	data8	sprite__08DF	-
90A8A7	data8	sprite__08E0	-
90A8B8	data8	sprite__08E1	-
90A8C9	data8	sprite__08E2	-
90A8DA	data8	sprite__08E3	-
90A8EB	data8	sprite__08E4	-
90A8FC	data8	sprite__08E5	-
90A90D	data8	sprite__08E6	-
90A91E	data8	sprite__08E7	-
90A92F	data8	sprite__08E8	-
90A940	data8	sprite__08E9	-
90A951	data8	sprite__08EA	-
90A962	data8	sprite__08EB	-
90A973	data8	sprite__08EC	-
90A9B8	data8	sprite__08ED	-
90A9BD	data8	sprite__08EE	-
90A9D2	data8	sprite__08EF	-
90A9E7	data8	sprite__08F0	-
90AA04	data8	sprite__08F1	-
90AA2D	data8	sprite__08F2	-
90AA3E	data8	sprite__08F3	-
90AA53	data8	sprite__08F4	-
90AA80	data8	sprite__08F5	-
90AA95	data8	sprite__08F6	-
90AAAA	data8	sprite__08F7	-
90AABF	data8	sprite__08F8	-
90AAC8	data8	sprite__08F9	-
90AAD9	data8	sprite__08FA	-
90AAEE	data8	sprite__08FB	-
90AB17	data8	sprite__08FC	-
90AB28	data8	sprite__08FD	-
90AB39	data8	sprite__08FE	-
90AB4A	data8	sprite__08FF	-
90AB57	data8	sprite__0900	-
90AB64	data8	sprite__0901	-
90AB71	data8	sprite__090F	-
90AB82	data8	sprite__0903	-
90AB8F	data8	sprite__0904	-
90AB9C	data8	sprite__0905	-
90ABA9	data8	sprite__0906	-
90ABBA	data8	sprite__0907	-
90ABCB	data8	sprite__0908	-
90ABDC	data8	sprite__0909	-
90ABE9	data8	sprite__090A	-
90ABF6	data8	sprite__090B	-
90AC03	data8	sprite__090C	-
90AC14	data8	sprite__090D	-
90AC25	data8	sprite__090E	-
90AC36	data8	sprite__0910	-
90AC47	data8	sprite__0911	-
90AC58	data8	sprite__0912	-
90AC69	data8	sprite__0913	-
90AC7A	data8	sprite__0914	-
90AC8B	data8	sprite__0915	-
90AC9C	data8	sprite__0916	-
90ACA9	data8	sprite__0917	-
90ACB6	data8	sprite__0918	-
90ACC3	data8	sprite__0926	-
90ACD4	data8	sprite__091A	-
90ACE1	data8	sprite__091B	-
90ACEE	data8	sprite__091C	-
90ACFB	data8	sprite__091D	-
90AD0C	data8	sprite__091E	-
90AD1D	data8	sprite__091F	-
90AD2E	data8	sprite__0920	-
90AD3B	data8	sprite__0921	-
90AD48	data8	sprite__0922	-
90AD55	data8	sprite__0923	-
90AD66	data8	sprite__0924	-
90AD77	data8	sprite__0925	-
90AD88	data8	sprite__0927	-
90AD99	data8	sprite__0928	-
90ADAA	data8	sprite__0929	-
90ADBB	data8	sprite__092A	-
90ADC4	data8	sprite__092B	-
90ADCD	data8	sprite__092C	-
90ADD6	data8	sprite__092D	-
90ADDF	data8	sprite__092E	-
90ADE4	data8	sprite__092F	-
90ADE9	data8	sprite__093D	-
90ADF2	data8	sprite__0931	-
90ADFB	data8	sprite__0932	-
90AE00	data8	sprite__0933	-
90AE05	data8	sprite__0934	-
90AE0E	data8	sprite__0935	-
90AE17	data8	sprite__0936	-
90AE20	data8	sprite__0937	-
90AE29	data8	sprite__0938	-
90AE2E	data8	sprite__0939	-
90AE33	data8	sprite__093A	-
90AE3C	data8	sprite__093B	-
90AE45	data8	sprite__093C	-
90AE4E	data8	sprite__093E	-
90AE57	data8	sprite__093F	-
90AE60	data8	sprite__0940	-
90AE69	data8	sprite__0941	-
90AE72	data8	sprite__0942	-
90AE7B	data8	sprite__0943	-
90AE84	data8	sprite__0944	-
90AE89	data8	sprite__0945	-
90AE92	data8	sprite__0946	-
90AE9B	data8	sprite__0954	-
90AEA4	data8	sprite__0948	-
90AEAD	data8	sprite__0949	-
90AEB6	data8	sprite__094A	-
90AEBF	data8	sprite__094B	-
90AEC8	data8	sprite__094C	-
90AED1	data8	sprite__094D	-
90AEDA	data8	sprite__094E	-
90AEDF	data8	sprite__094F	-
90AEE8	data8	sprite__0950	-
90AEF1	data8	sprite__0951	-
90AEFA	data8	sprite__0952	-
90AF03	data8	sprite__0953	-
90AF0C	data8	sprite__0955	-
90AF15	data8	sprite__0956	-
90AF1E	data8	sprite__0957	-
90AF27	data8	sprite__096E	-
90AF2C	data8	sprite__0959	-
90AF31	data8	sprite__096F	-
90AF3A	data8	sprite__0970	-
90AF43	data8	sprite__0971	-
90AF54	data8	sprite__0972	-
90AF65	data8	sprite__0973	-
90AF7E	data8	sprite__0974	-
90AF97	data8	sprite__0975	-
90AFB8	data8	sprite__0976	-
90AFD9	data8	sprite__0977	-
90AFFA	data8	sprite__0978	-
90B01B	data8	sprite__0979	-
90B03C	data8	sprite__097A	-
90B05D	data8	sprite__097B	-
90B07E	data8	sprite__097C	-
90B09F	data8	sprite__097D	-
90B0C0	data8	sprite__097E	-
90B0E1	data8	sprite__097F	-
90B0FA	data8	sprite__0980	-
90B113	data8	sprite__0981	-
90B124	data8	sprite__0982	-
90B135	data8	sprite__0983	-
90B13E	data8	sprite__0984	-
90B147	data8	sprite__0985	-
90B150	data8	sprite__0986	-
90B159	data8	sprite__0987	-
90B16A	data8	sprite__0988	-
90B17B	data8	sprite__0989	-
90B194	data8	sprite__098A	-
90B1AD	data8	sprite__098B	-
90B1CE	data8	sprite__098C	-
90B1EF	data8	sprite__098D	-
90B210	data8	sprite__098E	-
90B231	data8	sprite__098F	-
90B252	data8	sprite__0990	-
90B273	data8	sprite__0991	-
90B294	data8	sprite__0992	-
90B2B5	data8	sprite__0993	-
90B2D6	data8	sprite__0994	-
90B2F7	data8	sprite__0995	-
90B310	data8	sprite__0996	-
90B329	data8	sprite__0997	-
90B33A	data8	sprite__0998	-
90B34B	data8	sprite__0999	-
90B354	data8	sprite__099A	-
90B35D	data8	sprite__099B	-
90B37E	data8	sprite__099C	-
90B387	data8	sprite__099D	-
90B390	data8	sprite__099E	-
90B3A1	data8	sprite__099F	-
90B3B2	data8	sprite__09A0	-
90B3CB	data8	sprite__09A1	-
90B3E4	data8	sprite__09A2	-
90B405	data8	sprite__09A3	-
90B426	data8	sprite__09A4	-
90B447	data8	sprite__09A5	-
90B468	data8	sprite__09A6	-
90B489	data8	sprite__09A7	-
90B4AA	data8	sprite__09A8	-
90B4CB	data8	sprite__09A9	-
90B4EC	data8	sprite__09AA	-
90B50D	data8	sprite__09AB	-
90B52E	data8	sprite__09AC	-
90B547	data8	sprite__09AD	-
90B560	data8	sprite__09AE	-
90B571	data8	sprite__09AF	-
90B582	data8	sprite__09B0	-
90B58B	data8	sprite__09B1	-
90B594	data8	sprite__09B2	-
90B5A5	data8	sprite__09B3	-
90B5C6	data8	sprite__09B4	-
90B5E7	data8	sprite__09B5	-
90B608	data8	sprite__09B6	-
90B629	data8	sprite__09B7	-
90B652	data8	sprite__09B8	-
90B673	data8	sprite__09B9	-
90B694	data8	sprite__09BA	-
90B6A5	data8	sprite__09BB	-
90B6C6	data8	sprite__09BC	-
90B6E7	data8	sprite__09BD	-
90B6FC	data8	sprite__09BE	-
90B701	data8	sprite__09BF	-
90B716	data8	sprite__09C8	-
90B72F	data8	sprite__09C1	-
90B740	data8	sprite__09C2	-
90B751	data8	sprite__09C3	-
90B762	data8	sprite__09C4	-
90B773	data8	sprite__09C5	-
90B788	data8	sprite__09C6	-
90B79D	data8	sprite__09C7	-
90B7B6	data8	sprite__09C9	-
90B7BF	data8	sprite__09CA	-
90B7D8	data8	sprite__09CB	-
90B7F1	data8	sprite__09CC	-
90B7FE	data8	sprite__09CD	-
90B80B	data8	sprite__09CE	-
90B818	data8	sprite__09CF	-
90B825	data8	sprite__09D0	-
90B832	data8	sprite__09D1	-
90B83F	data8	sprite__09D2	-
90B84C	data8	sprite__09D3	-
90B859	data8	sprite__09D4	-
90B866	data8	sprite__09D5	-
90B877	data8	sprite__09D6	-
90B87C	data8	sprite__09D7	-
90B889	data8	sprite__09D8	-
90B896	data8	sprite__09D9	-
90B89F	data8	sprite__09DA	-
90B914	data8	sprite__09DB	-
90B989	data8	sprite__09DC	-
90B9FE	data8	sprite__09DD	-
90BA73	data8	sprite__09DE	-
90BAEC	data8	sprite__09DF	-
90BB65	data8	sprite__09E0	-
90BBE2	data8	sprite__09E1	-
90BC5B	data8	sprite__09E2	-
90BCE4	data8	sprite__09E3	-
90BD51	data8	sprite__09E4	-
90BDC2	data8	sprite__09E5	-
90BE33	data8	sprite__09E6	-
90BEB4	data8	sprite__09E7	-
90BF11	data8	sprite__09E8	-
90BF8E	data8	sprite__09E9	-
90BF9B	data8	sprite__09EA	-
90BFA8	data8	sprite__09EB	-
90BFB5	data8	sprite__09EC	-
90BFC2	data8	sprite__09ED	-
90BFCF	data8	sprite__09EE	-
90BFDC	data8	sprite__09EF	-
90BFE9	data8	sprite__09F0	-
90BFF6	data8	sprite__09F1	-
90C053	data8	sprite__09F2	-
90C0A4	data8	sprite__09F3	-
90C0F5	data8	sprite__09F4	-
90C152	data8	sprite__09F5	-
90C1AF	data8	sprite__09F6	-
90C210	data8	sprite__09F7	-
90C291	data8	sprite__09F8	-
90C30E	data8	sprite__09F9	-
90C38B	data8	sprite__09FA	-
90C3FC	data8	sprite__09FB	-
90C46D	data8	sprite__09FC	-
90C4DE	data8	sprite__09FD	-
90C54F	data8	sprite__09FE	-
90C5C8	data8	sprite__09FF	-
90C649	data8	sprite__0A00	-
90C6A6	data8	sprite__0A01	-
90C703	data8	sprite__0A02	-
90C764	data8	sprite__0A03	-
90C7E1	data8	sprite__0A04	-
90C862	data8	sprite__0A05	-
90C8C7	data8	sprite__0A06	-
90C95C	data8	sprite__0A07	-
90C9F1	data8	sprite__0A08	-
90CA86	data8	sprite__0A09	-
90CB1B	data8	sprite__0A0A	-
90CBB0	data8	sprite__0A0B	-
90CBB5	data8	sprite__0A0C	-
90CBBA	data8	sprite__0A0D	-
90CBBF	data8	sprite__0A0E	-
90CC4C	data8	sprite__0A0F	-
90CCE1	data8	sprite__0A10	-
90CD72	data8	sprite__0A11	-
90CDE7	data8	sprite__0A12	-
90CE5C	data8	sprite__0A13	-
90CECD	data8	sprite__0A14	-
90CED2	data8	sprite__0A15	-
90CF43	data8	sprite__0A16	-
90CFB4	data8	sprite__0A17	-
90D049	data8	sprite__0A18	-
90D0DE	data8	sprite__0A19	-
90D167	data8	sprite__0A1A	-
90D208	data8	sprite__0A1B	-
90D2A9	data8	sprite__0A1C	-
90D352	data8	sprite__0A1D	-
90D3F3	data8	sprite__0A1E	-
90D458	data8	sprite__0A1F	-
90D4BD	data8	sprite__0A20	-
90D52A	data8	sprite__0A21	-
90D597	data8	sprite__0A22	-
90D600	data8	sprite__0A23	-
90D6A5	data8	sprite__0A24	-
90D73E	data8	sprite__0A25	-
90D7DF	data8	sprite__0A26	-
90D87C	data8	sprite__0A27	-
90D91D	data8	sprite__0A28	-
90D972	data8	sprite__0A29	-
90DA07	data8	sprite__0A2A	-
90DAA4	data8	sprite__0A2B	-
90DB39	data8	sprite__0A2C	-
90DB8E	data8	sprite__0A2D	-
90DC2F	data8	sprite__0A2E	-
90DCD0	data8	sprite__0A2F	-
90DD69	data8	sprite__0A30	-
90DDDE	data8	sprite__0A31	-
90DE53	data8	sprite__0A32	-
90DED0	data8	sprite__0A33	-
90DF4D	data8	sprite__0A34	-
90DFC2	data8	sprite__0A35	-
90E00B	data8	sprite__0A36	-
90E054	data8	sprite__0A37	-
90E0A5	data8	sprite__0A38	-
90E0F6	data8	sprite__0A39	-
90E13B	data8	sprite__0A3A	-
90E174	data8	sprite__0A3B	-
90E1AD	data8	sprite__0A3C	-
90E1EE	data8	sprite__0A3D	-
90E22B	data8	sprite__0A3E	-
90E260	data8	sprite__0A3F	-
90E28D	data8	sprite__0A40	-
90E2BA	data8	sprite__0A41	-
90E2EF	data8	sprite__0A42	-
90E328	data8	sprite__0A43	-
90E361	data8	sprite__0A44	-
90E38E	data8	sprite__0A45	-
90E3D7	data8	sprite__0A46	-
90E474	data8	sprite__0A47	-
90E519	data8	sprite__0A48	-
90E5BE	data8	sprite__0A49	-
90E663	data8	sprite__0A4A	-
90E708	data8	sprite__0A4B	-
90E7A5	data8	sprite__0A4C	-
90E84A	data8	sprite__0A4D	-
90E893	data8	sprite__0A4E	-
90E8DC	data8	sprite__0A4F	-
90E8E5	data8	sprite__0A50	-
90E906	data8	sprite__0A51	-
90E927	data8	sprite__0A52	-
90E944	data8	sprite__0A53	-
90E959	data8	sprite__0A54	-
90E96E	data8	sprite__0A55	-
90E983	data8	sprite__0A56	-
90E988	data8	sprite__0A57	-
90E98D	data8	sprite__0A59	-
90E992	data8	sprite__0A5A	-
90E997	data8	sprite__0A5B	-
90E99C	data8	sprite__0A5C	-
90E9A1	data8	sprite__0A5D	-
90E9A6	data8	sprite__0A5E	-
90E9AB	data8	sprite__0C31	-
90E9B0	data8	sprite__0A60	-
90E9B5	data8	sprite__0A61	-
90E9BA	data8	sprite__0A62	-
90E9BF	data8	sprite__0A63	-
90E9CC	data8	sprite__0A64	-
90E9E5	data8	sprite__0A65	-
90EA0A	data8	sprite__0A66	-
90EA3B	data8	sprite__0A67	-
90EA78	data8	sprite__0A68	-
90EAC1	data8	sprite__0A69	-
90EB16	data8	sprite__0A6A	-
90EB77	data8	sprite__0A6B	-
90EBE4	data8	sprite__0A6C	-
90EC5D	data8	sprite__0A6D	-
90ECE2	data8	sprite__0A6E	-
90ED73	data8	sprite__0A6F	-
90EE04	data8	sprite__0A70	-
90EE95	data8	sprite__0A71	-
90EF26	data8	sprite__0A72	-
90EF43	data8	sprite__0A73	-
90EF60	data8	sprite__0A74	-
90EF7D	data8	sprite__0A75	-
90EF96	data8	sprite__0A76	-
90EFAB	data8	sprite__0A77	-
90EFC4	data8	sprite__0A78	-
90EFE1	data8	sprite__0A79	-
90EFFE	data8	sprite__0A7A	-
90F01B	data8	sprite__0A7D	-
90F020	data8	sprite__0A7E	-
90F025	data8	sprite__0A7F	-
90F036	data8	sprite__0A80	-
90F04B	data8	sprite__0A81	-
90F064	data8	sprite__0A82	-
90F07D	data8	sprite__0A88	-
90F08E	data8	sprite__0A84	-
90F09F	data8	sprite__0A85	-
90F0B8	data8	sprite__0A86	-
90F0D1	data8	sprite__0A87	-
90F0E6	data8	sprite__0A89	-
90F0FB	data8	sprite__0A8A	-
90F114	data8	sprite__0A8B	-
90F165	data8	sprite__0A8C	-
90F17E	data8	sprite__0A8D	-
90F18F	data8	sprite__0A8E	-
90F1A0	data8	sprite__0A8F	-
90F211	data8	sprite__0A90	-
90F282	data8	sprite__0A91	-
90F2F3	data8	sprite__0A92	-
90F300	data8	sprite__0A93	-
90F309	data8	sprite__0D58	-
90F30E	data8	sprite__0A95	-
90F313	data8	sprite__0A96	-
90F318	data8	sprite__0A97	-
90F31D	data8	sprite__0A98	-
90F322	data8	sprite__0A99	-
90F333	data8	sprite__0A9A	-
90F344	data8	sprite__0A9B	-
90F355	data8	sprite__0A9C	-
90F392	data8	sprite__0A9D	-
90F3CF	data8	sprite__0A9E	-
90F43C	data8	sprite__0A9F	-
90F499	data8	sprite__0AA0	-
90F4D6	data8	sprite__0AA1	-
90F4E7	data8	sprite__0AA2	-
90F508	data8	sprite__0AA3	-
90F53D	data8	sprite__0AA4	-
90F56A	data8	sprite__0AA5	-
90F58B	data8	sprite__0AA6	-
90F5C4	data8	sprite__0AA7	-
90F5E9	data8	sprite__0AA8	-
90F5FA	data8	sprite__0AAA	-
90F5FF	data8	sprite__0AAB	-
90F604	data8	sprite__0AAD	-
90F62D	data8	sprite__0AAE	-
90F652	data8	sprite__0AAF	-
90F673	data8	sprite__0AB0	-
90F698	data8	sprite__0AB1	-
90F6C9	data8	sprite__0AB2	-
90F6F6	data8	sprite__0AB3	-
90F71F	data8	sprite__0AB4	-
90F74C	data8	sprite__0AB5	-
90F77D	data8	sprite__0AB6	-
90F7AA	data8	sprite__0AB7	-
90F7D3	data8	sprite__0AB8	-
90F800	data8	sprite__0AB9	-
90F805	data8	sprite__0BF0	-
90F80A	data8	sprite__0ABB	-
90F813	data8	sprite__0AC0	-
90F820	data8	sprite__0AC1	-
90F82D	data8	sprite__0AC2	-
90F83A	data8	sprite__0AC3	-
90F847	data8	sprite__0AC4	-
90F858	data8	sprite__0AC5	-
90F875	data8	sprite__0AC6	-
90F892	data8	sprite__0AC7	-
90F8AB	data8	sprite__0AC8	-
90F8C4	data8	sprite__0AC9	-
90F8DD	data8	sprite__0ACA	-
90F8F6	data8	sprite__0ACB	-
90F90F	data8	sprite__0ACC	-
90F914	data8	sprite__0ACD	-
90F91D	data8	sprite__0ACE	-
90F926	data8	sprite__0AE2	-
90F97F	data8	sprite__0AE3	-
90F9E4	data8	sprite__0AE4	-
90FA45	data8	sprite__0AE7	-
90FA4A	data8	sprite__0AE8	-
90FA4F	data8	sprite__0AE9	-
90FA58	data8	sprite__0AEA	-
90FA65	data8	sprite__0AEB	-
90FA72	data8	sprite__0AEC	-
90FA93	data8	sprite__0AED	-
90FAAC	data8	sprite__0AEE	-
90FAD1	data8	sprite__0AEF	-
90FAF2	data8	sprite__0AF0	-
90FB13	data8	sprite__0AF1	-
90FB34	data8	sprite__0AF2	-
90FB45	data8	sprite__0AF3	-
90FB56	data8	sprite__0AF4	-
90FB67	data8	sprite__0AF5	-
90FB78	data8	sprite__0AF6	-
90FB89	data8	sprite__0AF7	-
90FB9A	data8	sprite__0AF8	-
90FBD3	data8	sprite__0AF9	-
90FC0C	data8	sprite__0AFA	-
90FC51	data8	sprite__0AFB	-
90FCBA	data8	sprite__0AFC	-
90FCCB	data8	sprite__0AFD	-
90FCEC	data8	sprite__0AFE	-
90FD11	data8	sprite__0AFF	-
90FD3E	data8	sprite__0B00	-
90FD4B	data8	sprite__0B01	-
90FD70	data8	sprite__0B02	-
90FD91	data8	sprite__0B03	-
90FDB6	data8	sprite__0B04	-
90FDC7	data8	sprite__0B05	-
90FDF4	data8	sprite__0B06	-
90FE1D	data8	sprite__0B07	-
90FE4A	data8	sprite__0B08	-
90FE5F	data8	sprite__0B09	-
90FE94	data8	sprite__0B0A	-
90FEC5	data8	sprite__0B0B	-
90FEFA	data8	sprite__0B0C	-
90FF13	data8	sprite__0B0D	-
90FF50	data8	sprite__0B0E	-
90FF89	data8	sprite__0B0F	-
90FFC6	data8	sprite__0B10	-
918000	data8	sprite__0B11	-
918045	data8	sprite__0B12	-
918086	data8	sprite__0B13	-
9180CB	data8	sprite__0B14	-
9180EC	data8	sprite__0B15	-
918139	data8	sprite__0B16	-
918182	data8	sprite__0B17	-
9181CF	data8	sprite__0B18	-
9181F4	data8	sprite__0B19	-
918249	data8	sprite__0B1A	-
91829A	data8	sprite__0B1B	-
9182EF	data8	sprite__0B1C	-
918318	data8	sprite__0B1D	-
918341	data8	sprite__0B1E	-
91836E	data8	sprite__0B1F	-
9183A3	data8	sprite__0B20	-
9183E0	data8	sprite__0B21	-
918411	data8	sprite__0B22	-
91844A	data8	sprite__0B23	-
918483	data8	sprite__0B24	-
9184AC	data8	sprite__0B25	-
9184D5	data8	sprite__0B26	-
9184DA	data8	sprite__0B27	-
91853B	data8	sprite__0B28	-
9185C4	data8	sprite__0B29	-
91864D	data8	sprite__0B2A	-
9186DA	data8	sprite__0B2B	-
918777	data8	sprite__0B2C	-
918808	data8	sprite__0B2D	-
918871	data8	sprite__0B2E	-
9188DA	data8	sprite__0B2F	-
91894F	data8	sprite__0B30	-
9189B0	data8	sprite__0B31	-
918A3D	data8	sprite__0B32	-
918ACA	data8	sprite__0B33	-
918B53	data8	sprite__0B34	-
918BEC	data8	sprite__0B35	-
918C85	data8	sprite__0B36	-
918D0E	data8	sprite__0B37	-
918DA3	data8	sprite__0B38	-
918E30	data8	sprite__0B39	-
918EC1	data8	sprite__0B3A	-
918EC6	data8	sprite__0B3B	-
918ECB	data8	sprite__0B3C	-
918ED8	data8	sprite__0B3D	-
918EE1	data8	sprite__0B3E	-
918EEA	data8	sprite__0B3F	-
918F7F	data8	sprite__0B40	-
91900C	data8	sprite__0B41	-
9190B5	data8	sprite__0B42	-
91915E	data8	sprite__0B43	-
91916F	data8	sprite__0B44	-
919190	data8	sprite__0B45	-
9191B5	data8	sprite__0B46	-
9191E2	data8	sprite__0B47	-
9191EF	data8	sprite__0B48	-
919214	data8	sprite__0B49	-
919235	data8	sprite__0B4A	-
919266	data8	sprite__0B4B	-
919277	data8	sprite__0B4C	-
9192A4	data8	sprite__0B4D	-
9192CD	data8	sprite__0B4E	-
919306	data8	sprite__0B4F	-
91931B	data8	sprite__0B50	-
919350	data8	sprite__0B51	-
919381	data8	sprite__0B52	-
9193C2	data8	sprite__0B53	-
9193DB	data8	sprite__0B54	-
919418	data8	sprite__0B55	-
919451	data8	sprite__0B56	-
91949A	data8	sprite__0B57	-
9194B7	data8	sprite__0B58	-
9194FC	data8	sprite__0B59	-
91953D	data8	sprite__0B5A	-
91958E	data8	sprite__0B5B	-
9195AF	data8	sprite__0B5C	-
9195FC	data8	sprite__0B5D	-
919645	data8	sprite__0B5E	-
91969E	data8	sprite__0B5F	-
9196C3	data8	sprite__0B60	-
919718	data8	sprite__0B61	-
919769	data8	sprite__0B62	-
9197CA	data8	sprite__0B63	-
919813	data8	sprite__0B64	-
9198A4	data8	sprite__0B65	-
9198BD	data8	sprite__0B66	-
9198D6	data8	sprite__0B67	-
9198EF	data8	sprite__0B68	-
919900	data8	sprite__0B69	-
919911	data8	sprite__0B6A	-
919922	data8	sprite__0B6B	-
919957	data8	sprite__0B6C	-
9199A0	data8	sprite__0B6D	-
9199D5	data8	sprite__0B6E	-
9199E6	data8	sprite__0B6F	-
9199EF	data8	sprite__0B70	-
9199F8	data8	sprite__0B71	-
9199FD	data8	sprite__0B72	-
919A02	data8	sprite__0B73	-
919A13	data8	sprite__0B74	-
919A1C	data8	sprite__0B75	-
919A2D	data8	sprite__0B76	-
919A46	data8	sprite__0B77	-
919A5F	data8	sprite__0B78	-
919A78	data8	sprite__0B79	-
919AA9	data8	sprite__0B7A	-
919ADA	data8	sprite__0B7B	-
919B13	data8	sprite__0B7C	-
919B44	data8	sprite__0B7D	-
919B6D	data8	sprite__0B7E	-
919B96	data8	sprite__0B7F	-
919BB7	data8	sprite__0B80	-
919BD8	data8	sprite__0B81	-
919BF9	data8	sprite__0B82	-
919C12	data8	sprite__0B83	-
919C27	data8	sprite__0B84	-
919C34	data8	sprite__0B85	-
919C3D	data8	sprite__0B86	-
919C4E	data8	sprite__0B87	-
919C6F	data8	sprite__0B88	-
919C88	data8	sprite__0B89	-
919CA9	data8	sprite__0B8A	-
919CC2	data8	sprite__0B8B	-
919CE3	data8	sprite__0B8C	-
919D04	data8	sprite__0B8E	-
919D55	data8	sprite__0B8F	-
919D66	data8	sprite__0B90	-
919D87	data8	sprite__0B91	-
919DA0	data8	sprite__0B92	-
919DC1	data8	sprite__0B93	-
919DDA	data8	sprite__0B94	-
919DFB	data8	sprite__0B95	-
919E1C	data8	sprite__0B96	-
919E7D	data8	sprite__0B97	-
919EBE	data8	sprite__0C97	-
919ECF	data8	sprite__0B99	-
919EE0	data8	sprite__0B9B	-
919F01	data8	sprite__0B9C	-
919F22	data8	sprite__0B9D	-
919F73	data8	sprite__0B9E	-
919FC4	data8	sprite__0B9F	-
91A015	data8	sprite__0BA0	-
91A066	data8	sprite__0BA1	-
91A08B	data8	sprite__0BA2	-
91A0B8	data8	sprite__0BA3	-
91A0D5	data8	sprite__0BA4	-
91A0F2	data8	sprite__0BA5	-
91A0FF	data8	sprite__0BA7	-
91A104	data8	sprite__0BA8	-
91A109	data8	sprite__0BA9	-
91A112	data8	sprite__0BAA	-
91A11B	data8	sprite__0BAB	-
91A124	data8	sprite__0BAC	-
91A12D	data8	sprite__0BAD	-
91A136	data8	sprite__0BAE	-
91A13F	data8	sprite__0BAF	-
91A1B0	data8	sprite__0BB0	-
91A221	data8	sprite__0BB1	-
91A292	data8	sprite__0BB2	-
91A307	data8	sprite__0BB3	-
91A378	data8	sprite__0BB4	-
91A3F5	data8	sprite__0BB5	-
91A472	data8	sprite__0BB6	-
91A4EF	data8	sprite__0BB7	-
91A580	data8	sprite__0BB8	-
91A609	data8	sprite__0BB9	-
91A68E	data8	sprite__0BBA	-
91A6FF	data8	sprite__0BBB	-
91A784	data8	sprite__0BBC	-
91A805	data8	sprite__0BBD	-
91A842	data8	sprite__0BBE	-
91A847	data8	sprite__0BBF	-
91A8D0	data8	sprite__0BC0	-
91A95D	data8	sprite__0BC1	-
91A9EA	data8	sprite__0BC2	-
91AA83	data8	sprite__0BC3	-
91AB10	data8	sprite__0BC4	-
91AB95	data8	sprite__0BC5	-
91AC1A	data8	sprite__0BC6	-
91AC9F	data8	sprite__0BC7	-
91AD20	data8	sprite__0BCA	-
91AD31	data8	sprite__0BC9	-
91AD42	data8	sprite__0BCB	-
91AD4B	data8	sprite__0BCC	-
91AD50	data8	sprite__0BCD	-
91AD55	data8	sprite__0BCE	-
91AD62	data8	sprite__0BCF	-
91AD6F	data8	sprite__0BD0	-
91AD7C	data8	sprite__0BD1	-
91AD91	data8	sprite__0BD2	-
91ADA6	data8	sprite__0BD3	-
91ADB7	data8	sprite__0BD4	-
91ADC0	data8	sprite__0BD5	-
91ADD1	data8	sprite__0BD6	-
91ADDA	data8	sprite__0BD7	-
91ADE3	data8	sprite__0BD8	-
91ADEC	data8	sprite__0BDB	-
91ADF1	data8	sprite__0BDC	-
91ADF6	data8	sprite__0BDD	-
91ADFB	data8	sprite__0BDF	-
91AE00	data8	sprite__0BE0	-
91AE05	data8	sprite__0BE6	-
91AE0A	data8	sprite__0BE2	-
91AE0F	data8	sprite__0BE3	-
91AE14	data8	sprite__0BE4	-
91AE19	data8	sprite__0BE5	-
91AE1E	data8	sprite__0BE7	-
91AE23	data8	sprite__0BE8	-
91AE28	data8	sprite__0BE9	-
91AE3D	data8	sprite__0BEA	-
91AE52	data8	sprite__0BEB	-
91AE57	data8	sprite__0BEC	-
91AE5C	data8	sprite__0BED	-
91AE65	data8	sprite__0BEF	-
91AE6A	data8	sprite__0BF1	-
91AE77	data8	sprite__0BF2	-
91AE7C	data8	sprite__0BF3	-
91AE89	data8	sprite__0BF4	-
91AEA6	data8	sprite__0BF5	-
91AEAF	data8	sprite__0BF6	-
91AED4	data8	sprite__0BF7	-
91AEE5	data8	sprite__0BF8	-
91AF02	data8	sprite__0BF9	-
91AF23	data8	sprite__0BFA	-
91AF40	data8	sprite__0BFB	-
91AF49	data8	sprite__0BFD	-
91AF4E	data8	sprite__0BFE	-
91AF63	data8	sprite__0BFF	-
91AF78	data8	sprite__0C08	-
91AF89	data8	sprite__0C09	-
91AF9A	data8	sprite__0C0A	-
91AFAB	data8	sprite__0C0B	-
91AFBC	data8	sprite__0C0C	-
91AFCD	data8	sprite__0C0D	-
91AFDE	data8	sprite__0C0E	-
91AFEF	data8	sprite__0C0F	-
91B000	data8	sprite__0C10	-
91B051	data8	sprite__0C11	-
91B0A2	data8	sprite__0C12	-
91B0EF	data8	sprite__0C13	-
91B138	data8	sprite__0C14	-
91B181	data8	sprite__0C15	-
91B1CA	data8	sprite__0C16	-
91B213	data8	sprite__0C17	-
91B25C	data8	sprite__0C18	-
91B265	data8	sprite__0C19	-
91B26E	data8	sprite__0C1A	-
91B277	data8	sprite__0C1B	-
91B280	data8	sprite__0C1D	-
91B295	data8	sprite__0C1E	-
91B2AA	data8	sprite__0C1F	-
91B2BF	data8	sprite__0C20	-
91B2D4	data8	sprite__0C21	-
91B2E9	data8	sprite__0C22	-
91B352	data8	sprite__0C23	-
91B3BF	data8	sprite__0C24	-
91B41C	data8	sprite__0C25	-
91B485	data8	sprite__0C26	-
91B4F2	data8	sprite__0C27	-
91B553	data8	sprite__0C40	-
91B5AC	data8	sprite__0C29	-
91B605	data8	sprite__0C2A	-
91B66A	data8	sprite__0C2B	-
91B6D3	data8	sprite__0C2C	-
91B73C	data8	sprite__0C2D	-
91B7A1	data8	sprite__0C2E	-
91B806	data8	sprite__0C2F	-
91B87F	data8	sprite__0C30	-
91B8C4	data8	sprite__0C32	-
91B8C9	data8	sprite__0C33	-
91B8CE	data8	sprite__0C34	-
91B8D3	data8	sprite__0C35	-
91B920	data8	sprite__0C36	-
91B98D	data8	sprite__0C37	-
91B9EE	data8	sprite__0C38	-
91BA0F	data8	sprite__0C39	-
91BA3C	data8	sprite__0C3A	-
91BA5D	data8	sprite__0C3B	-
91BA82	data8	sprite__0C3C	-
91BAA3	data8	sprite__0C3D	-
91BAD0	data8	sprite__0C3E	-
91BAF1	data8	sprite__0C3F	-
91BB16	data8	sprite__0C41	-
91BB6F	data8	sprite__0C43	-
91BB78	data8	sprite__0C44	-
91BB8D	data8	sprite__0C45	-
91BB92	data8	sprite__0C46	-
91BB9B	data8	sprite__0C47	-
91BBA4	data8	sprite__0C48	-
91BBB5	data8	sprite__0C49	-
91BBC6	data8	sprite__0C4A	-
91BBD7	data8	sprite__0C4B	-
91BBE8	data8	sprite__0C4C	-
91BC09	data8	sprite__0C4D	-
91BC32	data8	sprite__0C4E	-
91BC5F	data8	sprite__0C4F	-
91BC88	data8	sprite__0C50	-
91BCB1	data8	sprite__0C51	-
91BCCE	data8	sprite__0D3A	-
91BCDF	data8	sprite__0C53	-
91BD04	data8	sprite__0C54	-
91BD29	data8	sprite__0D3D	-
91BD6A	data8	sprite__0C56	-
91BD93	data8	sprite__0C57	-
91BDAC	data8	sprite__0C58	-
91BDC5	data8	sprite__0C59	-
91BDDE	data8	sprite__0C5A	-
91BDFF	data8	sprite__0C5B	-
91BE20	data8	sprite__0C5C	-
91BE41	data8	sprite__0C5D	-
91BE56	data8	sprite__0C5E	-
91BE67	data8	sprite__0C5F	-
91BE6C	data8	sprite__0C60	-
91BE79	data8	sprite__0C61	-
91BE7E	data8	sprite__0C62	-
91BE8F	data8	sprite__0C63	-
91BE94	data8	sprite__0C64	-
91BEA1	data8	sprite__0C65	-
91BEA6	data8	sprite__0C66	-
91BEB7	data8	sprite__0C67	-
91BEBC	data8	sprite__0C68	-
91BEC9	data8	sprite__0C69	-
91BECE	data8	sprite__0C6A	-
91BEDF	data8	sprite__0C6B	-
91BEE4	data8	sprite__0C6C	-
91BEF1	data8	sprite__0C6D	-
91BEF6	data8	sprite__0C6F	-
91BEFB	data8	sprite__0C70	-
91BF00	data8	sprite__0C73	-
91BF2D	data8	sprite__0C76	-
91BF5A	data8	sprite__0C77	-
91BF7F	data8	sprite__0C78	-
91BF9C	data8	sprite__0C79	-
91BFC1	data8	sprite__0C7A	-
91C016	data8	sprite__0C7B	-
91C02B	data8	sprite__0C7C	-
91C040	data8	sprite__0C7D	-
91C055	data8	sprite__0C7E	-
91C06A	data8	sprite__0C7F	-
91C07F	data8	sprite__0C80	-
91C094	data8	sprite__0C81	-
91C0A9	data8	sprite__0C82	-
91C0BE	data8	sprite__0C83	-
91C0D3	data8	sprite__0C84	-
91C0E8	data8	sprite__0C85	-
91C0FD	data8	sprite__0C86	-
91C112	data8	sprite__0C87	-
91C127	data8	sprite__0C88	-
91C13C	data8	sprite__0C89	-
91C151	data8	sprite__0C8A	-
91C16A	data8	sprite__0C8B	-
91C17F	data8	sprite__0C8F	-
91C198	data8	sprite__0C90	-
91C1B1	data8	sprite__0C91	-
91C1C2	data8	sprite__0C92	-
91C1D3	data8	sprite__0C93	-
91C1EC	data8	sprite__0C94	-
91C205	data8	sprite__0C95	-
91C21E	data8	sprite__0C96	-
91C22F	data8	sprite__0C99	-
91C240	data8	sprite__0C9B	-
91C2D9	data8	sprite__0C9C	-
91C366	data8	sprite__0C9D	-
91C3FF	data8	sprite__0C9E	-
91C48C	data8	sprite__0CA0	-
91C499	data8	sprite__0CA1	-
91C4A6	data8	sprite__0CA2	-
91C4BB	data8	sprite__0CA3	-
91C4D0	data8	sprite__0CA4	-
91C4DD	data8	sprite__0CA5	-
91C4EA	data8	sprite__0CA6	-
91C4F7	data8	sprite__0CA7	-
91C4FC	data8	sprite__0CA8	-
91C515	data8	sprite__0CA9	-
91C52E	data8	sprite__0CAA	-
91C547	data8	sprite__0CAB	-
91C560	data8	sprite__0CAC	-
91C5F1	data8	sprite__0CAD	-
91C67E	data8	sprite__0CAE	-
91C70F	data8	sprite__0CAF	-
91C79C	data8	sprite__0CB0	-
91C835	data8	sprite__0CB1	-
91C8AA	data8	sprite__0CB2	-
91C923	data8	sprite__0CB3	-
91C99C	data8	sprite__0CB4	-
91CA21	data8	sprite__0CB5	-
91CAAA	data8	sprite__0CB6	-
91CB33	data8	sprite__0CB7	-
91CBBC	data8	sprite__0CB8	-
91CBFD	data8	sprite__0CB9	-
91CC1E	data8	sprite__0CBA	-
91CC5F	data8	sprite__0CBB	-
91CC80	data8	sprite__0CBC	-
91CCC1	data8	sprite__0CBD	-
91CCE2	data8	sprite__0CBE	-
91CD23	data8	sprite__0CBF	-
91CD44	data8	sprite__0CC0	-
91CD49	data8	sprite__0CC1	-
91CD4E	data8	sprite__0CC2	-
91CD5F	data8	sprite__0CC3	-
91CD70	data8	sprite__0CC4	-
91CDA1	data8	sprite__0CC5	-
91CDD2	data8	sprite__0CC6	-
91CE03	data8	sprite__0CC7	-
91CE64	data8	sprite__0CC8	-
91CEC5	data8	sprite__0CC9	-
91CF3E	data8	sprite__0CCA	-
91CF6B	data8	sprite__0CCB	-
91CFD4	data8	sprite__0CCC	-
91D041	data8	sprite__0CCD	-
91D0AE	data8	sprite__0CCE	-
91D107	data8	sprite__0CCF	-
91D180	data8	sprite__0CD0	-
91D1F1	data8	sprite__0CD1	-
91D26A	data8	sprite__0CD2	-
91D2F3	data8	sprite__0CD3	-
91D38C	data8	sprite__0CD4	-
91D419	data8	sprite__0CD5	-
91D4B2	data8	sprite__0CD6	-
91D51B	data8	sprite__0CD7	-
91D574	data8	sprite__0CD8	-
91D5E1	data8	sprite__0CD9	-
91D62A	data8	sprite__0CDA	-
91D673	data8	sprite__0CDB	-
91D6D8	data8	sprite__0CDC	-
91D73D	data8	sprite__0CDD	-
91D7B2	data8	sprite__0CDE	-
91D823	data8	sprite__0CDF	-
91D828	data8	sprite__0CE0	-
91D839	data8	sprite__0CE1	-
91D84A	data8	sprite__0CE2	-
91D8D3	data8	sprite__0CE3	-
91D918	data8	sprite__0CE4	-
91D951	data8	sprite__0CE5	-
91D966	data8	sprite__0CE6	-
91D987	data8	sprite__0CE7	-
91D9BC	data8	sprite__0CE8	-
91D9F1	data8	sprite__0CE9	-
91DA06	data8	sprite__0CEA	-
91DA1F	data8	sprite__0CEB	-
91DA38	data8	sprite__0CEC	-
91DA51	data8	sprite__0CED	-
91DA6A	data8	sprite__0CF1	-
91DA73	data8	sprite__0CEF	-
91DA7C	data8	sprite__0CF2	-
91DA81	data8	sprite__0CF6	-
91DA8A	data8	sprite__0CF4	-
91DA93	data8	sprite__0CF7	-
91DA9C	data8	sprite__0CFB	-
91DAA5	data8	sprite__0CF9	-
91DAAE	data8	sprite__0CFC	-
91DAB3	data8	sprite__0CFD	-
91DADC	data8	sprite__0CFE	-
91DB11	data8	sprite__0CFF	-
91DB5E	data8	sprite__0D00	-
91DB93	data8	sprite__0D01	-
91DBD0	data8	sprite__0D02	-
91DC0D	data8	sprite__0D03	-
91DC52	data8	sprite__0D04	-
91DCAF	data8	sprite__0D05	-
91DCD4	data8	sprite__0D06	-
91DD11	data8	sprite__0D07	-
91DD66	data8	sprite__0D08	-
91DDA3	data8	sprite__0D09	-
91DDF8	data8	sprite__0D0A	-
91DE3D	data8	sprite__0D0B	-
91DE9A	data8	sprite__0D0C	-
91DEE3	data8	sprite__0D0D	-
91DF30	data8	sprite__0D0E	-
91DF95	data8	sprite__0D0F	-
91DFE2	data8	sprite__0D10	-
91DFE7	data8	sprite__0D11	-
91E054	data8	sprite__0D12	-
91E0C1	data8	sprite__0D13	-
91E12A	data8	sprite__0D14	-
91E143	data8	sprite__0D15	-
91E160	data8	sprite__0D16	-
91E181	data8	sprite__0D17	-
91E1A2	data8	sprite__0D18	-
91E1B3	data8	sprite__0D19	-
91E1C4	data8	sprite__0D1A	-
91E1D5	data8	sprite__0D1B	-
91E1E6	data8	sprite__0D1C	-
91E223	data8	sprite__0D1D	-
91E244	data8	sprite__0D1E	-
91E285	data8	sprite__0D1F	-
91E2E6	data8	sprite__0D20	-
91E327	data8	sprite__0D21	-
91E348	data8	sprite__0D22	-
91E359	data8	sprite__0D23	-
91E36A	data8	sprite__0D24	-
91E37B	data8	sprite__0D25	-
91E38C	data8	sprite__0D26	-
91E3AD	data8	sprite__0D27	-
91E3BE	data8	sprite__0D28	-
91E3E7	data8	sprite__0D29	-
91E410	data8	sprite__0D2A	-
91E439	data8	sprite__0D2B	-
91E462	data8	sprite__0D2C	-
91E48B	data8	sprite__0D2D	-
91E4B4	data8	sprite__0D2E	-
91E4C1	data8	sprite__0D30	-
91E4D6	data8	sprite__0D31	-
91E4E7	data8	sprite__0D32	-
91E4F4	data8	sprite__0D33	-
91E501	data8	sprite__0D34	-
91E526	data8	sprite__0D35	-
91E553	data8	sprite__0D36	-
91E588	data8	sprite__0D37	-
91E5B1	data8	sprite__0D38	-
91E5DA	data8	sprite__0D39	-
91E5F7	data8	sprite__0D3B	-
91E620	data8	sprite__0D3C	-
91E649	data8	sprite__0D3E	-
91E676	data8	sprite__0D40	-
91E687	data8	sprite__0D41	-
91E698	data8	sprite__0D42	-
91E6A9	data8	sprite__0D43	-
91E6CA	data8	sprite__0D44	-
91E6EB	data8	sprite__0D45	-
91E70C	data8	sprite__0D46	-
91E73D	data8	sprite__0D47	-
91E76E	data8	sprite__0D48	-
91E79F	data8	sprite__0D49	-
91E7E0	data8	sprite__0D4A	-
91E821	data8	sprite__0D4B	-
91E862	data8	sprite__0D4C	-
91E8A3	data8	sprite__0D4D	-
91E8EC	data8	sprite__0D4E	-
91E975	data8	sprite__0D4F	-
91E9DE	data8	sprite__0D50	-
91EA4F	data8	sprite__0D51	-
91EAB8	data8	sprite__0D52	-
91EB19	data8	sprite__0D53	-
91EB1E	data8	sprite__0D54	-
91EB27	data8	sprite__0D55	-
91EB2C	data8	sprite__0D5A	-
91EB35	data8	sprite__0D5D	-
91EB3A	data8	sprite__0D5E	-
91EB3F	data8	sprite__0D5F	-
91EBB0	data8	sprite__0D60	-
91EBD1	data8	sprite__0D61	-
91EBFE	data8	sprite__0D62	-
91EC67	data8	sprite__0D63	-
91EC90	data8	sprite__0D64	-
91ECF1	data8	sprite__0D65	-
91ED1A	data8	sprite__0D66	-
91ED93	data8	sprite__0D67	-
91EDC4	data8	sprite__0D68	-
91EDF9	data8	sprite__0D69	-
91EE46	data8	sprite__0D6A	-
91EEB7	data8	sprite__0D6B	-
91EF18	data8	sprite__0D6C	-
928000	data16	sceneMap_Sting_Chameleon	-
928037	data16	sceneMap_Sting_Chameleon_BG_arrangment_info	-
928059	data16	sceneMap_Armored_Armadillo_level	-
9280BD	data16	sceneMap_Armored_Armadillo_BG	-
928109	data16	sceneMap_Flame_Mammoth_level	-
92812B	data16	sceneMap_Flame_Mammoth_BG	-
92813F	data16	sceneMap_Highway_stage_level	-
928151	data16	sceneMap_Highway_stage_BG	-
928179	data16	sceneMap_Launch_Octopus_stage_level	-
9281AB	data16	sceneMap_Launch_Octopus_BG	-
9281CF	data16	sceneMap_Boss_intro_screen	-
9281D7	data16	sceneMap_Storm_Eagle_level	-
928211	data16	sceneMap_Storm_Eagle_BG	-
928219	data16	sceneMap_Spark_Mandrill_level	-
928237	data16	sceneMap_Spark_Mandrill_BG_arrangment_info	-
928249	data16	sceneMap_Chill_Penguin_level	-
928273	data16	sceneMap_Chill_Penguin_BG	-
928293	data16	sceneMap_Boomer_Kuwanger_level	-
9282FD	data16	sceneMap_Boomer_Kuwanger_BG	-
92836B	data16	sceneMap_Weapon_Get_screen	-
928373	data16	sceneMap_Weapon_Get_screen_BG	-
92837B	data16	sceneMap_Sigma_Stage_1_level	-
9283B7	data16	sceneMap_Sigma_Stage_1_BG	-
9283E9	data16	sceneMap_Sigma_Stage_2_level	-
92840B	data16	sceneMap_Sigma_Stage_2_BG	-
92842B	data16	sceneMap_Sigma_Stage_3_level	-
928445	data16	sceneMap_Sigma_Stage_3_BG	-
928459	data16	sceneMap_Sigma_Stage_4_level	-
928463	data16	sceneMap_Sigma_Stage_4_BG	-
92846B	data16	sceneMap_Megaman_X_Spec_screen	-
928471	data16	sceneMap_Dr_Light_Warning_screen	-
929000	data16	block_Sting_Chameleon_tile	-
92AE80	data16	block_Sting_Chameleon_BG_tile	-
92B500	data16	block_Armored_Armadillo_tile	-
92D180	data16	block_Armored_Armadillo_BG_tile	-
92E180	data16	block_Highway_stage_tile	-
92F380	data16	block_Launch_Octopus_BG_tile	-
92FB00	data16	block_Sigma_Stage_4_tile	-
92FC80	data16	block_Sigma_Stage_4_BG_tile	-
92FD80	data16	block_Megaman_X_Spec_screen_BG_tile	-
92FE80	data16	block_Weapon_Get_screen_BG_tile	-
938000	data16	block_Highway_stage_BG_tile	-
938A80	data16	block_Flame_Mammoth_tile	-
93A400	data16	block_Flame_Mammoth_BG_tile	-
93AE00	data16	block_Launch_Octopus_tile	-
93C880	data16	block_Storm_Eagle_tile	-
93E580	data16	block_Spark_Mandrill_tile	-
93FD80	data16	block_Sigma_Stage_3_BG_tile	-
948000	data16	block_Spark_Mandrill_BG_tile	-
948B00	data16	block_Chill_Penguin_tile	-
94A680	data16	block_Chill_Penguin_BG_tile	-
94B000	data16	block_Boomer_Kuwanger_tile	-
94C500	data16	block_Boomer_Kuwanger_BG_tile	-
94CD80	data16	block_Sigma_Stage_1_tile	-
94DF80	data16	block_Sigma_Stage_1_BG_tile	-
94E700	data16	block_Sigma_Stage_2_tile	-
94F600	data16	block_Sigma_Stage_2_BG_tile	-
958000	data16	block_Sigma_Stage_3_tile	-
958C00	data16	block_Weapon_Get_screen_tile	-
958D80	data16	block_Boss_intro_screen_tile	-
958E80	data16	block_Boss_intro_screen_BG_tile	-
968000	data16	Block32_Sting_Chameleon__tile	-
969528	data16	Block32_Sting_Chameleon__BG_tile	-
9696F8	data16	Block32_Armored_Armadillo__tile	-
96A908	data16	Block32_Armored_Armadillo__BG_tile	-
96AFB0	data16	Block32_Flame_Mammoth__tile	-
96C058	data16	Block32_Flame_Mammoth__bg_tile_	-
96C428	data16	Block32_Highway_stage__tile	-
96D270	data16	Block32_Highway_stage__BG_tile	-
96D3C8	data16	Block32_Launch_Octopus__tile	-
96DFC8	data16	Block32_Boss_intro__tile	-
96E038	data16	Block32_Boss_intro__BG_tile	-
96E0A8	data16	Block32_Weapon_Get_screen__tile	-
96E280	data16	Block32_Weapon_Get_screen__BG_tile	-
96E358	data16	Block32_Sigma_Stage_4__tile	-
96E748	data16	Block32_Sigma_Stage_4__BG_tile	-
96E7A0	data16	Block32_Megaman_X_Spec_Screen__tile	-
96E868	data16	Block32_Sigma_Stage_2__tile	-
96FBF0	data16	Block32_Sigma_Stage_2__BG_tile	-
96FCA8	data16	Block32_Dr_Light_Warning__tile	-
978000	data16	Block32_Launch_Octopus__BG_tile	-
978410	data16	Block32_Storm_Eagle__tile	-
979320	data16	Block32_Storm_Eagle__BG_tile	-
979530	data16	Block32_Spark_Mandrill__tile	-
97A2B0	data16	Block32_Spark_Mandrill__BG_tile	-
97A618	data16	Block32_Chill_Penguin__tile	-
97B7B8	data16	Block32_Chill_Penguin__BG_tile	-
97BB08	data16	Block32_Boomer_Kuwanger__tile	-
97CAE0	data16	Block32_Boomer_Kuwanger__BG_tile	-
97CDA8	data16	Block32_Sigma_Stage_3__tile	-
97DF88	data16	Block32_Sigma_Stage_3__BG_tile	-
97E128	data16	Block32_Sigma_Stage_1__tile	-
97F460	data16	Block32_Sigma_Stage_1__BG_tile	-
988000	data16	block16_Sting_Chameleon_16x16_tile	-
989AB8	data16	block16_Armored_Armadillo_16x16_tile	-
98B5E0	data16	block16_Chill_Penguin_16x16_tile	-
98CCF0	data16	block16_Storm_Eagle_16x16_tile	-
98E398	data16	block16_Flame_Mammoth_16x16_tile	-
98FCC0	data16	block16_Boss_intro_16x16_tile	-
998000	data16	block16_Highway_stage_16x16_tile	-
999C40	data16	block16_Launch_Octopus_16x16_tile	-
99B2F8	data16	block16_Spark_Mandrill_16x16_tile	-
99E418	data16	block16_Megaman_X_Spec_screen_16x16_tile	-
99E790	data16	block16_Sigma_Stage_1_16x16_tile	-
99F708	data16	block16_Sigma_Stage_4_16x16_tile	-
9A8000	graphics	grafico_ironBall_000	-
9A8AF3	graphics	grafico_boss_FlameMamoth_001	-
9AA52D	graphics	grafico_flammingleChainsaw_002	-
9AAE04	graphics	grafico_rock_003	-
9ABC5B	graphics	grafico_planty_004	-
9AC2E5	graphics	grafico_flame_005	-
9AC8AE	graphics	grafico_drip_006	-
9ACB12	graphics	grafico_moto_007	-
9AD8BA	graphics	grafico_jammingerHely_008	-
9ADB3A	graphics	grafico_flamer_009	-
9ADCF4	graphics	grafico_healthPow_010	-
9AE98C	graphics	grafico_corner_011	-
9AE9A1	graphics	grafico_lvl_8_snow0_012	-
9BB952	graphics	grafico_lvl_2_forest0_013	-
9C9BB6	graphics	grafico_lvl_4_factory0_014	-
9CE9B4	graphics	grafico_font2bpp_015	-
9CF51D	graphics	grafico_lvl_3_rail_016	-
9DD8AD	graphics	grafico_lazer_017	-
9DDB92	graphics	grafico_rockFall_018	-
9DDE0F	graphics	grafico_titleScreen_019	-
9DF27D	graphics	GFX_titleScreenX	-
9E840F	graphics	grafico_donno_020	-
9E86E7	graphics	grafico_spikeBall_021	-
9E9C91	graphics	grafico_RT55J_022	-
9EB87A	graphics	grafico_ready_023	-
9EBA63	graphics	grafico_splash_024	-
9EBD26	graphics	grafico_turnNob_025	-
9EBE6A	graphics	grafico_maxAxe_026	-
9EC90F	graphics	grafico_lvl_1_intro_027	-
9EFFDE	graphics	grafico_vaper_028	-
9F81EE	graphics	grafico_roadAttacker_029	-
9F9515	graphics	grafico_platformGun_030	-
9F99C3	graphics	grafico_skikyRoller_031	-
9FA215	graphics	grafico_boss_cameleon_032	-
9FB1BE	graphics	grafico_moskito_033	-
9FB5D2	graphics	grafico_exposionTiles_034	-
9FBA50	graphics	grafico_hotorionAmazon_035	-
9FBF98	graphics	grafico_capcom_036	-
9FC339	graphics	grafico_ufo_037	-
9FC666	graphics	grafico__038	-
9FC9A3	graphics	grafico__039	-
A096B5	graphics	grafico__040	-
A0A7A7	graphics	grafico__041	-
A0A8FB	graphics	grafico__042	-
A0B13A	graphics	grafico__043	-
A0B6DA	graphics	grafico__044	-
A0BC85	graphics	grafico__045	-
A0CF06	graphics	grafico__046	-
A0E6E4	graphics	grafico__047	-
A0EE7D	graphics	grafico__048	-
A0F951	graphics	grafico__049	-
A18A86	graphics	grafico__050	-
A19457	graphics	grafico__051	-
A19927	graphics	grafico__052	-
A19F2C	graphics	grafico__053	-
A1A0FB	graphics	grafico__054	-
A1A262	graphics	grafico__055	-
A2870A	graphics	grafico__056	-
A2891A	graphics	grafico__057	-
A28D83	graphics	grafico__058	-
A292F2	graphics	grafico__059	-
A29945	graphics	grafico__060	-
A29B9F	graphics	grafico__061	-
A2B2C1	graphics	grafico__062	-
A2B90A	graphics	grafico__063	-
A2C10B	graphics	grafico__064	-
A2C7BC	graphics	grafico__065	-
A2D17F	graphics	grafico__066	-
A2D2B8	graphics	grafico__067	-
A2D471	graphics	grafico__068	-
A39916	graphics	grafico__069	-
A39F4F	graphics	grafico__070	-
A3A492	graphics	grafico__071	-
A3A81D	graphics	grafico__072	-
A3B4C7	graphics	grafico__073	-
A3C80D	graphics	grafico__074	-
A3CC13	graphics	grafico__075	-
A3D00B	graphics	grafico__076	-
A3D488	graphics	grafico__077	-
A3D79B	graphics	grafico__078	-
A3DE37	graphics	grafico__079	-
A3DE84	graphics	grafico__080	-
A3E4F6	graphics	grafico__081	-
A4816D	graphics	grafico__082	-
A49953	graphics	grafico__083	-
A49F9A	graphics	grafico__084	-
A4A399	graphics	grafico__085	-
A4A6AF	graphics	grafico__086	-
A4AF4E	graphics	grafico__087	-
A4B250	graphics	grafico__088	-
A4B422	graphics	grafico__089	-
A4B90E	graphics	grafico__090	-
A4BA38	graphics	grafico__091	-
A4BBE8	graphics	grafico__092	-
A4CAC6	graphics	grafico__093	-
A4E5F7	graphics	grafico__094	-
A4EC50	graphics	grafico__095	-
A4F0A1	graphics	grafico__096	-
A5ADF6	graphics	grafico__097	-
A5C6AE	graphics	grafico__098	-
A5CC76	graphics	grafico__099	-
A5CEAD	graphics	grafico__100	-
A5D1F3	graphics	grafico__101	-
A5D277	graphics	grafico__102	-
A5D2EE	graphics	grafico__103	-
A5D45B	graphics	grafico__104	-
A5D797	graphics	grafico__105	-
A5EAD7	graphics	grafico__106	-
A681E5	graphics	grafico__107	-
A68403	graphics	grafico__108	-
A68BC1	graphics	grafico__109	-
A68D81	graphics	grafico__110	-
A6E693	graphics	grafico__111	-
A6E91B	graphics	grafico__112	-
A6EAB7	graphics	grafico__113	-
A6EFD7	graphics	grafico__114	-
A6F3B4	graphics	grafico__115	-
A6F4EB	graphics	grafico__116	-
A6F882	graphics	grafico__117	-
A6FB4A	graphics	grafico__118	-
A6FBC6	graphics	grafico__119	-
A6FC42	graphics	grafico__120	-
A6FEA9	graphics	grafico__121	-
A7812A	graphics	grafico__122	-
A782EB	graphics	grafico__123	-
A784C8	graphics	grafico__124	-
A78670	graphics	grafico__125	-
A78840	graphics	grafico__126	-
A78D76	graphics	grafico__127	-
A7939E	graphics	grafico__128	-
A79F7E	graphics	grafico__129	-
A7A400	graphics	grafico__130	-
A7B996	graphics	grafico__131	-
A7C444	graphics	grafico__132	-
A7D41D	graphics	grafico__133	-
A7DB6D	graphics	grafico__134	-
A7E1BA	graphics	grafico__135	-
A7E4A1	graphics	grafico__136	-
A7E938	graphics	grafico__137	-
A7F061	graphics	grafico__138	-
A88BB3	graphics	grafico__139	-
A88EA7	graphics	grafico__140	-
A88FB0	graphics	grafico__141	-
A8958B	graphics	grafico__142	-
A8A809	graphics	grafico__143	-
A8ADD5	graphics	grafico__144	-
A8AEC0	graphics	grafico__145	-
A993C9	graphics	grafico__146	-
A9975A	graphics	grafico__147	-
A9986B	graphics	grafico__148	-
A9AF79	graphics	grafico__149	-
A9C8C7	graphics	grafico__150	-
A9CB62	graphics	grafico__151	-
A9D462	graphics	grafico__152	-
A9E321	graphics	grafico__153	-
A9FC8E	graphics	grafico__154	-
AA82BC	graphics	grafico__155	-
AA9290	graphics	grafico__156	-
AA943A	graphics	grafico__157	-
AA9862	graphics	grafico__158	-
AA9BE3	graphics	grafico__159	-
AAA39C	graphics	grafico__160	-
AAB015	graphics	grafico__161	-
AABA77	graphics	grafico__162	-
AABD91	graphics	grafico__163	-
AAC398	graphics	grafico__164	-
AADB01	graphics	grafico__165	-
AAF1AE	graphics	grafico__166	-
AAF31A	graphics	grafico__167	-
AAF5CF	graphics	grafico__168	-
ABAAE0	graphics	GFX_introLevelBG	-
ABB940	graphics	GFX_beeBlader	-
ABE0E0	graphics	GFX_lvlBG	-
AC9000	graphics	GFX_anglerge_Uboot	-
ACCCA0	data8	tilemap_titleScreenBG2	-
AD8000	graphics	GFX_mainSpriteMegaman	-
AD8140	graphics	gfx_mm__04	-
AD82E0	graphics	gfx_mm__05	-
AD8460	graphics	gfx_mm__06	-
AD8660	graphics	gfx_mm__07	-
AD8840	graphics	gfx_mm__08	-
AD8A40	graphics	gfx_mm__09	-
AD8C20	graphics	gfx_mm__0a	-
AD8E20	graphics	gfx_mm__0b	-
AD8FA0	graphics	gfx_mm__0e	-
AD9180	graphics	gfx_mm__0f	-
AD92C0	graphics	gfx_mm__10	-
AD94C0	graphics	gfx_mm__11	-
AD96C0	graphics	gfx_mm__12	-
AD98C0	graphics	gfx_mm__13	-
AD9AA0	graphics	gfx_mm__14	-
AD9CA0	graphics	gfx_mm__15	-
AD9E40	graphics	gfx_mm__16	-
AD9FE0	graphics	gfx_mm__17	-
ADA140	graphics	gfx_mm__18	-
ADA300	graphics	gfx_mm__19	-
ADA4C0	graphics	gfx_mm__1a	-
ADA6A0	graphics	gfx_mm__1b	-
ADA860	graphics	gfx_mm__1c	-
ADAA60	graphics	gfx_mm__1d	-
ADAC40	graphics	gfx_mm__1e	-
ADAE20	graphics	gfx_mm__1f	-
ADAFE0	graphics	gfx_mm__20	-
ADB1A0	graphics	gfx_mm__21	-
ADB340	graphics	gfx_mm__22	-
ADB520	graphics	gfx_mm__23	-
ADB6A0	graphics	gfx_mm__24	-
ADB8A0	graphics	gfx_mm__25	-
ADBA80	graphics	gfx_mm__26	-
ADBC80	graphics	gfx_mm__27	-
ADBE20	graphics	gfx_mm__28	-
ADBFE0	graphics	gfx_mm__29	-
ADC1A0	graphics	gfx_mm__2a	-
ADC3A0	graphics	gfx_mm__2b	-
ADC5A0	graphics	gfx_mm__2c	-
ADC7A0	graphics	gfx_mm__2d	-
ADC980	graphics	gfx_mm__2e	-
ADCB80	graphics	gfx_mm__2f	-
ADCD80	graphics	gfx_mm__30	-
ADCF80	graphics	gfx_mm__31	-
ADD180	graphics	gfx_mm__32	-
ADD380	graphics	gfx_mm__33	-
ADD580	graphics	gfx_mm__34	-
ADD780	graphics	gfx_mm__35	-
ADD980	graphics	gfx_mm__36	-
ADDB80	graphics	gfx_mm__37	-
ADDD80	graphics	gfx_mm__38	-
ADDF80	graphics	gfx_mm__39	-
ADE180	graphics	gfx_mm__3a	-
ADE380	graphics	gfx_mm__3b	-
ADE580	graphics	gfx_mm__3c	-
ADE780	graphics	gfx_mm__3d	-
ADE960	graphics	gfx_mm__3e	-
ADEB60	graphics	gfx_mm__3f	-
ADED60	graphics	gfx_mm__40	-
ADEF60	graphics	gfx_mm__41	-
ADF160	graphics	gfx_mm__42	-
ADF360	graphics	gfx_mm__43	-
ADF520	graphics	gfx_mm__70	-
ADF720	graphics	gfx_mm__71	-
ADF8E0	graphics	gfx_mm__72	-
ADFAE0	graphics	gfx_mm_haduken_73	-
AE8000	graphics	gfx_megamanIdle_00	-
AE8200	graphics	gfx_megamanIdle_01	-
AE8400	graphics	gfx_megamanIdle_02	-
AE85A0	graphics	gfx_mm__03	-
AE86E0	graphics	gfx_mm__0c	-
AE88E0	graphics	gfx_mm__0d	-
AE89E0	graphics	gfx_mm__44	-
AE8BE0	graphics	gfx_mm__45	-
AE8DA0	graphics	gfx_mm__46	-
AE8FA0	graphics	gfx_mm__47	-
AE9160	graphics	gfx_mm__4a	-
AE9360	graphics	gfx_mm__4b	-
AE9560	graphics	gfx_mm__4c	-
AE9760	graphics	gfx_mm__4d	-
AE9960	graphics	gfx_mm__4e	-
AE9AE0	graphics	gfx_mm__4f	-
AE9C20	graphics	gfx_mm__50	-
AE9E20	graphics	gfx_mm__51	-
AEA020	graphics	gfx_mm__52	-
AEA220	graphics	gfx_mm__53	-
AEA420	graphics	gfx_mm__54	-
AEA620	graphics	gfx_mm__55	-
AEA820	graphics	gfx_mm__58	-
AEAA20	graphics	gfx_mm__59	-
AEAC20	graphics	gfx_mm__5a	-
AEADE0	graphics	gfx_mm__5b	-
AEAF60	graphics	gfx_mm__5c	-
AEB120	graphics	gfx_mm__5d	-
AEB2E0	graphics	gfx_mm__5e	-
AEB4A0	graphics	gfx_mm__5f	-
AEB620	graphics	gfx_mm__60	-
AEB780	graphics	gfx_mm__61	-
AEB8C0	graphics	gfx_mm__62	-
AEBA40	graphics	gfx_mm__63	-
AEBB80	graphics	gfx_mm__64	-
AEBD60	graphics	gfx_mm__65	-
AEBF00	graphics	gfx_mm__66	-
AEC080	graphics	gfx_mm__67	-
AEC200	graphics	gfx_mm__6c	-
AEC340	graphics	gfx_mm__6d	-
AEC460	graphics	gfx_mm__6e	-
AEC660	graphics	gfx_mm__6f	-
AEC840	graphics	gfx_mm__76	-
AEC9E0	graphics	gfx_mm__77	-
AECBA0	graphics	gfx_mm__7c	-
AECBE0	graphics	gfx_mm__7d	-
AF9B20	graphics	gfx_mm__48	-
AF9D20	graphics	gfx_mm__49	-
AF9EE0	graphics	gfx_mm__56	-
AF9FC0	graphics	gfx_mm__57	-
AFA000	pointer24	playerSprite_DMA_IDX_list	bank_AF_A000
AFA210	data16	sprite_IDX_playerWalk_00	-
AFA292	data8	playerAnimationBase	-
AFA378	data8	animation_playerIdle_00	-
AFA3E7	data24	shootingAnimation	-
AFA4E7	data8	sprite_IDX__01	-
AFA524	data8	sprite_IDX__02	-
AFA5AD	data8	sprite_IDX__03	-
AFA5EE	data8	sprite_IDX__04	-
AFA614	data8	sprite_IDX__05	-
AFA637	data8	sprite_IDX__06	-
AFA80E	data8	sprite_IDX__07	-
AFA835	data8	sprite_IDX__08	-
AFA87D	data8	sprite_IDX__09	-
AFA92C	data8	sprite_IDX__0A	-
AFA9E3	data8	sprite_IDX__0B	-
AFAA93	data8	sprite_IDX__0C	-
AFAAE1	data8	sprite_IDX__0D	-
AFAB2D	data8	sprite_IDX_shotTitleScreen_0E	-
AFABB2	data8	sprite_IDX__0F	-
AFABF2	data8	sprite_IDX__10	-
AFAC62	data8	sprite_IDX__11	-
AFAC88	data8	sprite_IDX__12	-
AFACC0	data8	sprite_IDX__13	-
AFAD24	data8	sprite_IDX__14	-
AFAD47	data8	sprite_IDX__15	-
AFAD94	data8	sprite_IDX__16	-
AFAE30	data8	sprite_IDX__17	-
AFAF74	data8	sprite_IDX__19	-
AFAFC6	data8	sprite_IDX__1A	-
AFB01C	data8	sprite_IDX__1B	-
AFB08D	data8	sprite_IDX__1C	-
AFB0F0	data8	sprite_IDX__1D	-
AFB115	data8	sprite_IDX__82	-
AFB18F	data8	sprite_IDX__1F	-
AFB27F	data8	sprite_IDX__20	-
AFB376	data8	sprite_IDX__21	-
AFB37D	data16	sprite_IDX_spikyRollerAnim_22	-
AFB44B	data8	sprite_IDX__23	-
AFB638	data8	sprite_IDX__24	-
AFB6B6	data8	sprite_IDX__25	-
AFB6DB	data8	sprite_IDX__26	-
AFB725	data8	sprite_IDX__27	-
AFB741	data8	sprite_IDX__28	-
AFB790	data8	sprite_IDX__29	-
AFB7D8	data8	sprite_IDX__2A	-
AFB8A5	data8	sprite_IDX__2B	-
AFB90F	data8	sprite_IDX__2C	-
AFB9A7	data8	sprite_IDX__2D	-
AFB9E4	data8	sprite_IDX__2E	-
AFBA53	data8	sprite_IDX__2F	-
AFBAB9	data8	sprite_IDX__30	-
AFBB3E	data8	sprite_IDX__31	-
AFBBF1	data8	sprite_IDX__32	-
AFBC7C	data8	sprite_IDX__33	-
AFBDBE	data8	sprite_IDX__34	-
AFBE6C	data8	sprite_IDX__36	-
AFBE98	data8	sprite_IDX__37	-
AFBEB4	data8	sprite_IDX__38	-
AFBEC4	data8	sprite_IDX__39	-
AFBEDA	data8	sprite_IDX__3A	-
AFBEE4	data8	sprite_IDX__3B	-
AFBEEE	data8	sprite_IDX__3C	-
AFBEFE	data8	sprite_IDX__3E	-
AFC001	data8	sprite_IDX__3F	-
AFC03D	data8	sprite_IDX__40	-
AFC067	data8	sprite_IDX__41	-
AFC0D5	data8	sprite_IDX__42	-
AFC166	data8	sprite_IDX__43	-
AFC1B3	data8	sprite_IDX__44	-
AFC1DF	data8	sprite_IDX__45	-
AFC21A	data8	sprite_IDX__46	-
AFC234	data8	sprite_IDX__47	-
AFC289	data8	sprite_IDX__48	-
AFC2A3	data8	sprite_IDX__49	-
AFC2CE	data8	sprite_IDX__4F	-
AFC47B	data8	sprite_IDX__4B	-
AFC4BE	data8	sprite_IDX__4C	-
AFC525	data8	sprite_IDX__4D	-
AFC572	data8	sprite_IDX__4E	-
AFC5B0	data8	sprite_IDX__50	-
AFC5F9	data8	sprite_IDX__51	-
AFC600	data8	sprite_IDX__52	-
AFC7EA	data8	sprite_IDX__53	-
AFC93F	data8	sprite_IDX__54	-
AFC95B	data8	sprite_IDX__55	-
AFC9B3	data8	sprite_IDX__56	-
AFC9D3	data8	sprite_IDX__57	-
AFCA79	data8	sprite_IDX__58	-
AFCA9C	data8	sprite_IDX__59	-
AFCAC2	data8	sprite_IDX__5A	-
AFCAFC	data8	sprite_IDX__5B	-
AFCB18	data8	sprite_IDX__5C	-
AFCB60	data8	sprite_IDX__60	-
AFCB8C	data8	sprite_IDX__61	-
AFCCB8	data8	sprite_IDX__62	-
AFCE13	data8	sprite_IDX__63	-
AFCE65	data8	sprite_IDX__64	-
AFCEE8	data8	sprite_IDX__65	-
AFCF96	data8	sprite_IDX__A7	-
AFCFE0	data8	sprite_IDX__67	-
AFD0FC	data8	sprite_IDX__68	-
AFD113	data8	sprite_IDX__69	-
AFD153	data8	sprite_IDX__6E	-
AFD20B	data8	sprite_IDX__71	-
AFD251	data8	sprite_IDX__72	-
AFD2A7	data8	sprite_IDX__73	-
AFD2F8	data8	sprite_IDX__74	-
AFD367	data8	sprite_IDX__75	-
AFD4A2	data8	sprite_IDX__76	-
AFD704	data8	sprite_IDX__77	-
AFD7AC	data8	sprite_IDX__78	-
AFD7EC	data8	sprite_IDX__79	-
AFD808	data8	sprite_IDX__7A	-
AFD892	data8	sprite_IDX__7B	-
AFD899	data8	sprite_IDX__7C	-
AFD8A9	data8	sprite_IDX__7D	-
AFD8F4	data8	sprite_IDX__7E	-
AFD929	data8	sprite_IDX__7F	-
AFD945	data8	sprite_IDX__80	-
AFD98D	data8	sprite_IDX__81	-
AFD9BD	data8	sprite_IDX__83	-
AFD9D3	data8	sprite_IDX__84	-
AFDA04	data8	sprite_IDX__85	-
AFDA55	data8	sprite_IDX__86	-
AFDA71	data8	sprite_IDX__87	-
AFDAE8	data8	sprite_IDX__88	-
AFDB1B	data8	sprite_IDX__89	-
AFDBCA	data8	sprite_IDX__8A	-
AFDC46	data8	sprite_IDX__8B	-
AFDC93	data8	sprite_IDX__8C	-
AFDCE0	data8	sprite_IDX__8D	-
AFDDC4	data8	sprite_IDX__8E	-
AFDE15	data8	sprite_IDX__8F	-
AFDE55	data8	sprite_IDX__90	-
AFDE6B	data8	sprite_IDX__91	-
AFE013	data8	sprite_IDX__92	-
AFE038	data8	sprite_IDX__93	-
AFE0A8	data8	sprite_IDX__94	-
AFE0E7	data8	sprite_IDX__95	-
AFE130	data8	sprite_IDX__96	-
AFE13A	data8	sprite_IDX__97	-
AFE172	data8	sprite_IDX__98	-
AFE1D6	data8	sprite_IDX__99	-
AFE342	data8	sprite_IDX__AC	-
AFE3AE	data8	sprite_IDX__9B	-
AFE47C	data8	sprite_IDX__9C	-
AFE48C	data8	sprite_IDX__9D	-
AFE4E7	data8	sprite_IDX__9E	-
AFE52D	data8	sprite_IDX__9F	-
AFE5C9	data8	sprite_IDX__A0	-
AFE65B	data8	sprite_IDX__A1	-
AFE728	data8	sprite_IDX__A2	-
AFE736	data8	sprite_IDX__A3	-
AFE749	data8	sprite_IDX__A8	-
AFE802	data8	sprite_IDX__A9	-
AFE856	data8	sprite_IDX_shotTitleScreen_AA	-
AFE86F	data8	sprite_IDX__AB	-
AFE88C	data8	sprite_IDX__AD	-
AFE93D	data8	sprite_IDX__AE	-
AFE96E	data8	sprite_IDX__AF	-
